{"type":"FeatureCollection","features":[{"type":"Feature","properties":{"pop":978,"dens":1.0551458519689454,"hu":511},"geometry":{"type":"Polygon","coordinates":[[[-111.882,34.0048],[-111.8785,34.0025],[-111.8773,34.0008],[-111.8756,34.0012],[-111.8747,34.0005],[-111.8742,33.9978],[-111.8728,33.9957],[-111.873,33.9928],[-111.8701,33.9892],[-111.8721,33.989],[-111.8728,33.9879],[-111.8729,33.9869],[-111.8738,33.9861],[-111.8737,33.9836],[-111.8703,33.9784],[-111.8687,33.9781],[-111.8677,33.9748],[-111.8652,33.971],[-111.8644,33.9668],[-111.8624,33.9664],[-111.863,33.9624],[-111.86,33.9626],[-111.8594,33.9635],[-111.8568,33.9636],[-111.8549,33.9628],[-111.8543,33.9617],[-111.8471,33.9611],[-111.8395,33.9566],[-111.8342,33.9563],[-111.8306,33.9548],[-111.8301,33.9534],[-111.8311,33.9496],[-111.8292,33.9478],[-111.8263,33.9462],[-111.8237,33.9417],[-111.8233,33.9391],[-111.8198,33.9349],[-111.8172,33.933],[-111.8157,33.926],[-111.8169,33.9228],[-111.8164,33.9173],[-111.8177,33.9144],[-111.8168,33.9127],[-111.817,33.9108],[-111.8164,33.9095],[-111.8171,33.905],[-111.8176,33.9047],[-111.8199,33.9056],[-111.8227,33.9038],[-111.8234,33.9024],[-111.8263,33.9026],[-111.8235,33.899],[-111.8215,33.8979],[-111.8224,33.8967],[-111.8182,33.8954],[-111.8182,33.8942],[-111.8213,33.8933],[-111.8197,33.8927],[-111.8202,33.8908],[-111.8163,33.8825],[-111.8158,33.8786],[-111.8148,33.8776],[-111.8211,33.8755],[-111.8238,33.8708],[-111.8244,33.8685],[-111.8284,33.8662],[-111.8309,33.8596],[-111.8312,33.855],[-111.8328,33.8534],[-111.834,33.8501],[-111.8299,33.8463],[-111.8299,33.844],[-111.8263,33.8389],[-111.8266,33.8363],[-111.8259,33.8356],[-111.8265,33.8339],[-111.8262,33.8316],[-111.8283,33.8276],[-111.8288,33.8248],[-111.8313,33.821],[-111.831,33.8168],[-111.8325,33.8148],[-111.8326,33.8139],[-111.7867,33.8143],[-111.7869,33.8139],[-111.7697,33.8139],[-111.7697,33.7559],[-111.7348,33.7561],[-111.7348,33.7707],[-111.7306,33.7637],[-111.7271,33.7638],[-111.7262,33.7632],[-111.7006,33.7637],[-111.7003,33.756],[-111.6808,33.7562],[-111.6782,33.7548],[-111.6763,33.7547],[-111.676,33.7525],[-111.6738,33.7516],[-111.6736,33.7482],[-111.672,33.7466],[-111.6719,33.7416],[-111.6658,33.7416],[-111.6634,33.7399],[-111.6609,33.7402],[-111.6585,33.7398],[-111.6571,33.738],[-111.6535,33.736],[-111.653,33.7352],[-111.6535,33.732],[-111.6548,33.7285],[-111.6537,33.7225],[-111.6537,33.7151],[-111.6546,33.7134],[-111.6192,33.7185],[-111.6257,33.6831],[-111.6259,33.6738],[-111.6282,33.6563],[-111.6433,33.5504],[-111.6472,33.549],[-111.651,33.5501],[-111.6528,33.5489],[-111.6575,33.5478],[-111.6668,33.5441],[-111.669,33.5444],[-111.6711,33.5428],[-111.6719,33.5395],[-111.6712,33.531],[-111.6751,33.5193],[-111.6776,33.517],[-111.6838,33.5163],[-111.6839,33.4952],[-111.6172,33.4948],[-111.6038,33.4958],[-111.6004,33.4861],[-111.6031,33.4672],[-111.5806,33.4658],[-111.1577,33.4656],[-111.0399,33.4661],[-111.0634,33.509],[-111.1534,33.6776],[-111.1593,33.673],[-111.1695,33.6675],[-111.1712,33.6624],[-111.1735,33.6601],[-111.175,33.6594],[-111.1806,33.6598],[-111.1857,33.6552],[-111.1879,33.6521],[-111.1949,33.6464],[-111.2003,33.6403],[-111.207,33.6369],[-111.2094,33.6335],[-111.2073,33.6241],[-111.2075,33.6206],[-111.2161,33.6127],[-111.2167,33.6083],[-111.22,33.6058],[-111.2221,33.6024],[-111.2237,33.6029],[-111.2261,33.6049],[-111.2272,33.6069],[-111.2292,33.607],[-111.2293,33.6081],[-111.2319,33.6095],[-111.232,33.6116],[-111.2308,33.6124],[-111.2315,33.6132],[-111.2357,33.6154],[-111.2374,33.6154],[-111.2384,33.6184],[-111.2426,33.6198],[-111.2443,33.6214],[-111.2467,33.6215],[-111.2495,33.6243],[-111.2507,33.6245],[-111.2526,33.6226],[-111.2557,33.6211],[-111.2581,33.6211],[-111.2628,33.6232],[-111.2649,33.6258],[-111.2693,33.6292],[-111.2706,33.6334],[-111.2734,33.636],[-111.2736,33.6384],[-111.2761,33.639],[-111.2773,33.6417],[-111.2802,33.6445],[-111.2798,33.6459],[-111.2823,33.6465],[-111.2837,33.6494],[-111.2872,33.652],[-111.2865,33.6533],[-111.2868,33.6546],[-111.2862,33.6566],[-111.2872,33.6586],[-111.2948,33.6608],[-111.2982,33.6635],[-111.2995,33.6638],[-111.3042,33.6714],[-111.3071,33.6722],[-111.3081,33.6736],[-111.3092,33.6739],[-111.3149,33.6814],[-111.3225,33.6844],[-111.326,33.6844],[-111.3263,33.6856],[-111.3277,33.686],[-111.3289,33.6875],[-111.3314,33.6883],[-111.3317,33.6897],[-111.3338,33.6923],[-111.3338,33.6954],[-111.3358,33.6988],[-111.3362,33.7008],[-111.3383,33.7027],[-111.337,33.709],[-111.3382,33.7106],[-111.3386,33.7159],[-111.3379,33.7174],[-111.3381,33.7188],[-111.3364,33.7204],[-111.34,33.7224],[-111.3405,33.7236],[-111.3436,33.7248],[-111.3443,33.7274],[-111.346,33.728],[-111.347,33.7298],[-111.3506,33.7322],[-111.3523,33.7323],[-111.3519,33.7335],[-111.3537,33.7329],[-111.3548,33.7332],[-111.3559,33.7356],[-111.3557,33.7378],[-111.3563,33.7388],[-111.3593,33.741],[-111.3619,33.7412],[-111.3625,33.742],[-111.365,33.7426],[-111.3659,33.7423],[-111.3674,33.7442],[-111.3721,33.7452],[-111.373,33.7464],[-111.3725,33.7483],[-111.373,33.7493],[-111.3766,33.7496],[-111.378,33.7489],[-111.38,33.7489],[-111.3811,33.7477],[-111.3868,33.75],[-111.3862,33.7531],[-111.3846,33.7533],[-111.3823,33.7582],[-111.3827,33.76],[-111.3822,33.761],[-111.3833,33.7628],[-111.3871,33.7632],[-111.387,33.7643],[-111.3885,33.7667],[-111.3883,33.7684],[-111.3894,33.7708],[-111.3866,33.7732],[-111.3894,33.7767],[-111.3858,33.7817],[-111.3855,33.7832],[-111.3827,33.7839],[-111.3812,33.7852],[-111.3828,33.7881],[-111.3789,33.7919],[-111.3785,33.7937],[-111.3798,33.7957],[-111.3835,33.7985],[-111.3839,33.8],[-111.3856,33.8006],[-111.3869,33.8029],[-111.3879,33.8032],[-111.3883,33.8054],[-111.3873,33.806],[-111.3851,33.8103],[-111.3854,33.8118],[-111.384,33.8152],[-111.3842,33.8165],[-111.3815,33.8162],[-111.3781,33.8178],[-111.376,33.817],[-111.372,33.8182],[-111.3715,33.8188],[-111.3723,33.8239],[-111.378,33.8274],[-111.3786,33.8296],[-111.3836,33.8336],[-111.3875,33.8337],[-111.3925,33.8359],[-111.3901,33.8377],[-111.3942,33.8396],[-111.3955,33.8409],[-111.395,33.8429],[-111.3959,33.8446],[-111.3938,33.8479],[-111.3936,33.8504],[-111.3918,33.853],[-111.3923,33.8548],[-111.3911,33.8554],[-111.3897,33.8585],[-111.387,33.8604],[-111.3872,33.8625],[-111.3881,33.8634],[-111.392,33.8648],[-111.3936,33.8678],[-111.3963,33.8686],[-111.3957,33.8697],[-111.3964,33.8714],[-111.3961,33.8728],[-111.3976,33.875],[-111.396,33.8769],[-111.4011,33.8788],[-111.4057,33.8795],[-111.4055,33.8821],[-111.4073,33.8826],[-111.4081,33.8839],[-111.4112,33.8836],[-111.4128,33.8859],[-111.4133,33.8887],[-111.4114,33.8916],[-111.4122,33.893],[-111.4119,33.8946],[-111.4137,33.8971],[-111.4137,33.8987],[-111.4127,33.9003],[-111.4128,33.9019],[-111.4116,33.9037],[-111.408,33.9053],[-111.4077,33.9067],[-111.4088,33.9091],[-111.4082,33.9102],[-111.4086,33.912],[-111.4069,33.9134],[-111.4066,33.9164],[-111.4053,33.9179],[-111.4052,33.9194],[-111.408,33.9207],[-111.4112,33.9208],[-111.4123,33.9219],[-111.4174,33.9226],[-111.4259,33.9261],[-111.4306,33.924],[-111.4324,33.9209],[-111.4375,33.9162],[-111.4433,33.9174],[-111.4465,33.9192],[-111.4481,33.919],[-111.4506,33.9197],[-111.4517,33.921],[-111.451,33.9227],[-111.4514,33.9251],[-111.4493,33.9297],[-111.4501,33.9311],[-111.4521,33.9323],[-111.452,33.9338],[-111.4471,33.9349],[-111.4481,33.9382],[-111.4473,33.9415],[-111.4492,33.9432],[-111.4493,33.9446],[-111.4512,33.946],[-111.4523,33.9488],[-111.4511,33.9526],[-111.4516,33.954],[-111.4501,33.955],[-111.448,33.9578],[-111.4492,33.9598],[-111.4524,33.961],[-111.4529,33.9622],[-111.452,33.9644],[-111.4526,33.9659],[-111.4501,33.967],[-111.4489,33.9686],[-111.4491,33.9712],[-111.4481,33.9733],[-111.4452,33.9743],[-111.4413,33.9784],[-111.4385,33.9788],[-111.4373,33.9801],[-111.4347,33.9809],[-111.4331,33.984],[-111.4335,33.9855],[-111.4347,33.9868],[-111.4372,33.9867],[-111.4428,33.9914],[-111.4408,33.9937],[-111.4404,33.9964],[-111.4418,33.9981],[-111.4443,33.9989],[-111.4451,34.0012],[-111.4482,34.001],[-111.4494,34.0001],[-111.4544,34.0047],[-111.4566,34.0039],[-111.4584,34.0022],[-111.4624,34.004],[-111.4648,34.0043],[-111.4665,34.0059],[-111.4707,34.0028],[-111.4711,34.0041],[-111.4724,34.0047],[-111.4735,34.0032],[-111.4743,34.0039],[-111.4782,34.0021],[-111.4816,34.0025],[-111.483,34.0016],[-111.4841,34.002],[-111.4899,34.0014],[-111.4917,33.9998],[-111.7253,33.9998],[-111.8747,34.0165],[-111.877,34.0121],[-111.8748,34.0093],[-111.8756,34.0087],[-111.8781,34.0094],[-111.88,34.009],[-111.8815,34.007],[-111.882,34.0048]]]}},{"type":"Feature","properties":{"pop":1811,"dens":4156.935405661531,"hu":1065},"geometry":{"type":"Polygon","coordinates":[[[-111.9086,33.5405],[-111.9068,33.5403],[-111.9062,33.5436],[-111.9049,33.5449],[-111.9007,33.5456],[-111.8985,33.5468],[-111.8951,33.5468],[-111.8952,33.5438],[-111.8935,33.5409],[-111.8948,33.5395],[-111.8968,33.5397],[-111.897,33.5384],[-111.8914,33.5384],[-111.8914,33.553],[-111.8986,33.5544],[-111.8999,33.5508],[-111.9072,33.544],[-111.9086,33.5405]]]}},{"type":"Feature","properties":{"pop":1566,"dens":4442.5339811494505,"hu":811},"geometry":{"type":"Polygon","coordinates":[[[-111.9086,33.5402],[-111.9086,33.5385],[-111.897,33.5384],[-111.8968,33.5397],[-111.8946,33.5396],[-111.8935,33.5412],[-111.8952,33.5438],[-111.8951,33.5468],[-111.8982,33.5469],[-111.9007,33.5456],[-111.905,33.5448],[-111.9062,33.5436],[-111.9068,33.5403],[-111.9086,33.5402]]]}},{"type":"Feature","properties":{"pop":825,"dens":1112.7653411301542,"hu":865},"geometry":{"type":"Polygon","coordinates":[[[-111.926,33.5517],[-111.9257,33.5387],[-111.9086,33.5385],[-111.9083,33.5421],[-111.9065,33.5448],[-111.9083,33.5462],[-111.9101,33.547],[-111.916,33.5476],[-111.9212,33.5515],[-111.926,33.5517]]]}},{"type":"Feature","properties":{"pop":1500,"dens":7238.357322301643,"hu":819},"geometry":{"type":"Polygon","coordinates":[[[-111.916,33.5306],[-111.915,33.527],[-111.9157,33.524],[-111.9088,33.5239],[-111.9087,33.532],[-111.9126,33.5313],[-111.9156,33.5315],[-111.916,33.5306]]]}},{"type":"Feature","properties":{"pop":1562,"dens":2155.0046585502328,"hu":1290},"geometry":{"type":"Polygon","coordinates":[[[-111.9282,33.5267],[-111.9281,33.5241],[-111.9157,33.524],[-111.915,33.527],[-111.916,33.5306],[-111.9151,33.5358],[-111.9143,33.5363],[-111.9086,33.5356],[-111.9086,33.5385],[-111.9257,33.5387],[-111.9257,33.5314],[-111.928,33.5314],[-111.9282,33.5267]]]}},{"type":"Feature","properties":{"pop":259,"dens":2200.43630906255,"hu":277},"geometry":{"type":"Polygon","coordinates":[[[-111.9158,33.5314],[-111.9126,33.5313],[-111.9087,33.532],[-111.9086,33.5356],[-111.9147,33.5363],[-111.9158,33.5314]]]}},{"type":"Feature","properties":{"pop":2243,"dens":3558.63552179905,"hu":864},"geometry":{"type":"Polygon","coordinates":[[[-111.9086,33.5385],[-111.9086,33.5356],[-111.9039,33.5349],[-111.9001,33.533],[-111.9001,33.5239],[-111.8915,33.5239],[-111.8914,33.5384],[-111.9086,33.5385]]]}},{"type":"Feature","properties":{"pop":1782,"dens":4873.723173635644,"hu":1073},"geometry":{"type":"Polygon","coordinates":[[[-111.9087,33.5257],[-111.9088,33.5239],[-111.9001,33.5239],[-111.9001,33.533],[-111.9039,33.5349],[-111.9086,33.5356],[-111.9087,33.5257]]]}},{"type":"Feature","properties":{"pop":618,"dens":5584.9693349469335,"hu":436},"geometry":{"type":"Polygon","coordinates":[[[-111.9175,33.5096],[-111.9131,33.5094],[-111.9133,33.512],[-111.9141,33.513],[-111.9132,33.513],[-111.9131,33.5167],[-111.9165,33.5163],[-111.9175,33.5096]]]}},{"type":"Feature","properties":{"pop":899,"dens":3037.000924379708,"hu":513},"geometry":{"type":"Polygon","coordinates":[[[-111.9304,33.5116],[-111.9303,33.5095],[-111.9175,33.5095],[-111.9174,33.5129],[-111.9163,33.5165],[-111.926,33.5169],[-111.926,33.5117],[-111.9304,33.5116]]]}},{"type":"Feature","properties":{"pop":1149,"dens":3322.4334189644874,"hu":722},"geometry":{"type":"Polygon","coordinates":[[[-111.9281,33.5186],[-111.9282,33.5168],[-111.917,33.5168],[-111.9157,33.524],[-111.9281,33.5241],[-111.9281,33.5186]]]}},{"type":"Feature","properties":{"pop":448,"dens":5141.572076481235,"hu":321},"geometry":{"type":"Polygon","coordinates":[[[-111.9169,33.5168],[-111.9131,33.5167],[-111.9136,33.5213],[-111.9126,33.524],[-111.9157,33.524],[-111.9169,33.5168]]]}},{"type":"Feature","properties":{"pop":582,"dens":4371.151655462518,"hu":464},"geometry":{"type":"Polygon","coordinates":[[[-111.9141,33.513],[-111.9133,33.512],[-111.9131,33.5094],[-111.9086,33.5094],[-111.9087,33.5167],[-111.9131,33.5167],[-111.9132,33.513],[-111.9141,33.513]]]}},{"type":"Feature","properties":{"pop":1097,"dens":8637.776604187733,"hu":774},"geometry":{"type":"Polygon","coordinates":[[[-111.9136,33.5213],[-111.9131,33.5167],[-111.9087,33.5167],[-111.9088,33.5239],[-111.9126,33.524],[-111.9136,33.5213]]]}},{"type":"Feature","properties":{"pop":1517,"dens":5948.81250201034,"hu":651},"geometry":{"type":"Polygon","coordinates":[[[-111.8964,33.5215],[-111.8959,33.52],[-111.8959,33.5094],[-111.8916,33.5094],[-111.8915,33.5239],[-111.8963,33.5239],[-111.8964,33.5215]]]}},{"type":"Feature","properties":{"pop":1813,"dens":7512.519101065477,"hu":780},"geometry":{"type":"Polygon","coordinates":[[[-111.9002,33.5105],[-111.9002,33.5094],[-111.8959,33.5094],[-111.8963,33.5239],[-111.9001,33.5239],[-111.9002,33.5105]]]}},{"type":"Feature","properties":{"pop":1259,"dens":5082.482048019669,"hu":652},"geometry":{"type":"Polygon","coordinates":[[[-111.9088,33.5196],[-111.9087,33.5167],[-111.9002,33.5167],[-111.9001,33.5239],[-111.9088,33.5239],[-111.9088,33.5196]]]}},{"type":"Feature","properties":{"pop":1309,"dens":5337.348713124249,"hu":649},"geometry":{"type":"Polygon","coordinates":[[[-111.9087,33.5131],[-111.9086,33.5094],[-111.9002,33.5094],[-111.9002,33.5167],[-111.9087,33.5167],[-111.9087,33.5131]]]}},{"type":"Feature","properties":{"pop":1064,"dens":4353.6814345823705,"hu":496},"geometry":{"type":"Polygon","coordinates":[[[-111.9087,33.5028],[-111.9088,33.5021],[-111.9003,33.5021],[-111.9002,33.5094],[-111.9086,33.5094],[-111.9087,33.5028]]]}},{"type":"Feature","properties":{"pop":862,"dens":6428.6480937639735,"hu":575},"geometry":{"type":"Polygon","coordinates":[[[-111.9098,33.4983],[-111.9088,33.4949],[-111.9046,33.4949],[-111.9046,33.5021],[-111.9088,33.5021],[-111.9098,33.4983]]]}},{"type":"Feature","properties":{"pop":885,"dens":7141.201957056303,"hu":418},"geometry":{"type":"Polygon","coordinates":[[[-111.9046,33.4957],[-111.9046,33.4949],[-111.9003,33.4949],[-111.9003,33.5021],[-111.9046,33.5021],[-111.9046,33.4957]]]}},{"type":"Feature","properties":{"pop":1258,"dens":5052.5194864227415,"hu":549},"geometry":{"type":"Polygon","coordinates":[[[-111.9003,33.5029],[-111.9003,33.5021],[-111.8917,33.5021],[-111.8916,33.5094],[-111.9002,33.5094],[-111.9003,33.5029]]]}},{"type":"Feature","properties":{"pop":1836,"dens":7422.720633228513,"hu":905},"geometry":{"type":"Polygon","coordinates":[[[-111.9003,33.4957],[-111.9003,33.4949],[-111.8917,33.4949],[-111.8917,33.5021],[-111.9003,33.5021],[-111.9003,33.4957]]]}},{"type":"Feature","properties":{"pop":1200,"dens":2402.268448023447,"hu":955},"geometry":{"type":"Polygon","coordinates":[[[-111.9262,33.5017],[-111.9261,33.4876],[-111.9175,33.4877],[-111.9175,33.5022],[-111.9257,33.5023],[-111.9262,33.5017]]]}},{"type":"Feature","properties":{"pop":1111,"dens":8753.462147648814,"hu":1155},"geometry":{"type":"Polygon","coordinates":[[[-111.9132,33.5043],[-111.9132,33.5022],[-111.9088,33.5021],[-111.9086,33.5094],[-111.9131,33.5094],[-111.9132,33.5043]]]}},{"type":"Feature","properties":{"pop":679,"dens":5047.501491068586,"hu":504},"geometry":{"type":"Polygon","coordinates":[[[-111.9257,33.5023],[-111.9175,33.5022],[-111.9175,33.5095],[-111.9194,33.5096],[-111.9206,33.5072],[-111.9257,33.5023]]]}},{"type":"Feature","properties":{"pop":659,"dens":5210.807281715192,"hu":528},"geometry":{"type":"Polygon","coordinates":[[[-111.9175,33.5026],[-111.9132,33.5022],[-111.9131,33.5094],[-111.9175,33.5095],[-111.9175,33.5026]]]}},{"type":"Feature","properties":{"pop":1109,"dens":9382.997890625205,"hu":682},"geometry":{"type":"Polygon","coordinates":[[[-111.9262,33.5019],[-111.9206,33.5072],[-111.9194,33.5096],[-111.9261,33.5095],[-111.9262,33.5019]]]}},{"type":"Feature","properties":{"pop":1054,"dens":12021.989482710032,"hu":779},"geometry":{"type":"Polygon","coordinates":[[[-111.9132,33.4954],[-111.9132,33.4949],[-111.9088,33.4949],[-111.9098,33.4983],[-111.9088,33.5021],[-111.9132,33.5022],[-111.9132,33.4985],[-111.9106,33.4985],[-111.9106,33.4977],[-111.9112,33.4976],[-111.9113,33.4954],[-111.9132,33.4954]]]}},{"type":"Feature","properties":{"pop":1883,"dens":19384.099529632556,"hu":854},"geometry":{"type":"Polygon","coordinates":[[[-111.9175,33.4986],[-111.9175,33.4949],[-111.9113,33.4954],[-111.9112,33.4976],[-111.9106,33.4976],[-111.9106,33.4985],[-111.9153,33.4985],[-111.9153,33.4995],[-111.9163,33.4996],[-111.9175,33.4996],[-111.9175,33.4986]]]}},{"type":"Feature","properties":{"pop":748,"dens":14011.337501052198,"hu":639},"geometry":{"type":"Polygon","coordinates":[[[-111.9175,33.5002],[-111.9175,33.4996],[-111.9153,33.4995],[-111.9153,33.4985],[-111.9132,33.4985],[-111.9132,33.5022],[-111.9175,33.5022],[-111.9175,33.5002]]]}},{"type":"Feature","properties":{"pop":1737,"dens":6678.082349356361,"hu":1213},"geometry":{"type":"Polygon","coordinates":[[[-111.9175,33.4913],[-111.9175,33.4877],[-111.9136,33.487],[-111.9089,33.4876],[-111.9088,33.4949],[-111.9175,33.4949],[-111.9175,33.4913]]]}},{"type":"Feature","properties":{"pop":1105,"dens":4651.924870205843,"hu":711},"geometry":{"type":"Polygon","coordinates":[[[-111.9176,33.4808],[-111.9176,33.4804],[-111.9089,33.4804],[-111.9089,33.4876],[-111.9136,33.487],[-111.9175,33.4877],[-111.9176,33.4808]]]}},{"type":"Feature","properties":{"pop":2485,"dens":9946.322766787025,"hu":1033},"geometry":{"type":"Polygon","coordinates":[[[-111.9262,33.4842],[-111.9262,33.4804],[-111.9176,33.4804],[-111.9175,33.4877],[-111.9261,33.4876],[-111.9262,33.4842]]]}},{"type":"Feature","properties":{"pop":2641,"dens":5729.860301790219,"hu":1061},"geometry":{"type":"Polygon","coordinates":[[[-111.9003,33.485],[-111.9003,33.4804],[-111.8918,33.4804],[-111.8917,33.4949],[-111.9003,33.4949],[-111.9003,33.4912],[-111.8984,33.4908],[-111.8984,33.49],[-111.8977,33.49],[-111.8977,33.4876],[-111.9003,33.4876],[-111.9003,33.485]]]}},{"type":"Feature","properties":{"pop":1233,"dens":4398.344741129093,"hu":559},"geometry":{"type":"Polygon","coordinates":[[[-111.9089,33.4888],[-111.9089,33.4876],[-111.8977,33.4876],[-111.8977,33.49],[-111.8984,33.49],[-111.8984,33.4908],[-111.9003,33.4912],[-111.9003,33.4949],[-111.9088,33.4949],[-111.9089,33.4888]]]}},{"type":"Feature","properties":{"pop":1484,"dens":5949.31375091246,"hu":866},"geometry":{"type":"Polygon","coordinates":[[[-111.9089,33.4824],[-111.9089,33.4804],[-111.9003,33.4804],[-111.9003,33.4876],[-111.9089,33.4876],[-111.9089,33.4824]]]}},{"type":"Feature","properties":{"pop":1977,"dens":7959.0482098148495,"hu":916},"geometry":{"type":"Polygon","coordinates":[[[-111.9005,33.4665],[-111.9005,33.4658],[-111.8918,33.4658],[-111.8918,33.4731],[-111.9004,33.4731],[-111.9005,33.4665]]]}},{"type":"Feature","properties":{"pop":1632,"dens":6710.666318597744,"hu":864},"geometry":{"type":"Polygon","coordinates":[[[-111.9089,33.4731],[-111.9088,33.4658],[-111.9005,33.4658],[-111.9004,33.4731],[-111.9089,33.4731]]]}},{"type":"Feature","properties":{"pop":1794,"dens":7235.244972345221,"hu":804},"geometry":{"type":"Polygon","coordinates":[[[-111.9089,33.4804],[-111.9089,33.4731],[-111.9004,33.4731],[-111.9003,33.4804],[-111.9089,33.4804]]]}},{"type":"Feature","properties":{"pop":1273,"dens":5141.90421829607,"hu":558},"geometry":{"type":"Polygon","coordinates":[[[-111.9004,33.4745],[-111.9004,33.4731],[-111.8918,33.4731],[-111.8918,33.4804],[-111.9003,33.4804],[-111.9004,33.4745]]]}},{"type":"Feature","properties":{"pop":2065,"dens":4110.874006824201,"hu":1135},"geometry":{"type":"Polygon","coordinates":[[[-111.9176,33.4804],[-111.9175,33.4658],[-111.9088,33.4658],[-111.9089,33.4804],[-111.9176,33.4804]]]}},{"type":"Feature","properties":{"pop":906,"dens":3603.730565707026,"hu":388},"geometry":{"type":"Polygon","coordinates":[[[-111.9262,33.4761],[-111.9262,33.473],[-111.9175,33.4731],[-111.9176,33.4804],[-111.9262,33.4804],[-111.9262,33.4761]]]}},{"type":"Feature","properties":{"pop":1460,"dens":5786.028123224173,"hu":513},"geometry":{"type":"Polygon","coordinates":[[[-111.9262,33.4672],[-111.9262,33.4657],[-111.9175,33.4658],[-111.9175,33.4731],[-111.9262,33.473],[-111.9262,33.4672]]]}},{"type":"Feature","properties":{"pop":2032,"dens":8070.445575213932,"hu":861},"geometry":{"type":"Polygon","coordinates":[[[-111.9177,33.4592],[-111.9177,33.4585],[-111.9149,33.4582],[-111.909,33.4585],[-111.9088,33.4658],[-111.9175,33.4658],[-111.9177,33.4592]]]}},{"type":"Feature","properties":{"pop":1762,"dens":7065.61345383913,"hu":442},"geometry":{"type":"Polygon","coordinates":[[[-111.9179,33.4519],[-111.9179,33.4513],[-111.9093,33.4513],[-111.909,33.4585],[-111.9177,33.4585],[-111.9179,33.4519]]]}},{"type":"Feature","properties":{"pop":1721,"dens":6934.972526882274,"hu":643},"geometry":{"type":"Polygon","coordinates":[[[-111.9264,33.4521],[-111.9265,33.4512],[-111.9179,33.4513],[-111.9177,33.4585],[-111.9263,33.4585],[-111.9264,33.4521]]]}},{"type":"Feature","properties":{"pop":1920,"dens":7715.733863697139,"hu":943},"geometry":{"type":"Polygon","coordinates":[[[-111.9263,33.4614],[-111.9263,33.4585],[-111.9177,33.4585],[-111.9175,33.4658],[-111.9262,33.4657],[-111.9263,33.4614]]]}},{"type":"Feature","properties":{"pop":1676,"dens":6737.12185988169,"hu":1537},"geometry":{"type":"Polygon","coordinates":[[[-111.9093,33.4515],[-111.9005,33.4513],[-111.9006,33.4586],[-111.909,33.4585],[-111.9093,33.4515]]]}},{"type":"Feature","properties":{"pop":1052,"dens":2662.4014977443035,"hu":540},"geometry":{"type":"Polygon","coordinates":[[[-111.909,33.4608],[-111.909,33.4585],[-111.8968,33.4586],[-111.8959,33.4596],[-111.8933,33.4599],[-111.8931,33.4619],[-111.8933,33.4628],[-111.8977,33.4635],[-111.8977,33.4658],[-111.9088,33.4658],[-111.909,33.4608]]]}},{"type":"Feature","properties":{"pop":1451,"dens":6523.658808702888,"hu":808},"geometry":{"type":"Polygon","coordinates":[[[-111.9006,33.4559],[-111.9005,33.4549],[-111.892,33.4549],[-111.8918,33.4658],[-111.8977,33.4658],[-111.8977,33.4635],[-111.8933,33.4628],[-111.8931,33.4602],[-111.896,33.4596],[-111.8968,33.4586],[-111.9006,33.4586],[-111.9006,33.4559]]]}},{"type":"Feature","properties":{"pop":2307,"dens":9402.359741193854,"hu":860},"geometry":{"type":"Polygon","coordinates":[[[-111.9265,33.4512],[-111.9264,33.444],[-111.9179,33.444],[-111.9179,33.4513],[-111.9265,33.4512]]]}},{"type":"Feature","properties":{"pop":1808,"dens":748.2681646623545,"hu":1165},"geometry":{"type":"Polygon","coordinates":[[[-111.9263,33.4403],[-111.9263,33.422],[-111.883,33.4221],[-111.8829,33.4257],[-111.8913,33.4258],[-111.8911,33.4368],[-111.9092,33.4366],[-111.9096,33.4368],[-111.9095,33.4404],[-111.9263,33.4403]]]}},{"type":"Feature","properties":{"pop":1021,"dens":2076.0475625134654,"hu":546},"geometry":{"type":"Polygon","coordinates":[[[-111.9264,33.444],[-111.9263,33.4403],[-111.9095,33.4404],[-111.9093,33.4513],[-111.9179,33.4513],[-111.9179,33.444],[-111.9264,33.444]]]}},{"type":"Feature","properties":{"pop":2079,"dens":22733.690137547575,"hu":878},"geometry":{"type":"Polygon","coordinates":[[[-111.9263,33.4192],[-111.9263,33.4148],[-111.9177,33.4148],[-111.9177,33.4167],[-111.9224,33.4168],[-111.925,33.4191],[-111.9263,33.4192]]]}},{"type":"Feature","properties":{"pop":1187,"dens":32801.56666118916,"hu":571},"geometry":{"type":"Polygon","coordinates":[[[-111.9227,33.418],[-111.9232,33.4175],[-111.9224,33.4168],[-111.9177,33.4167],[-111.9178,33.4184],[-111.9213,33.4188],[-111.9227,33.418]]]}},{"type":"Feature","properties":{"pop":2552,"dens":21130.647357488353,"hu":1108},"geometry":{"type":"Polygon","coordinates":[[[-111.9263,33.422],[-111.9263,33.4192],[-111.925,33.4191],[-111.9232,33.4175],[-111.9214,33.4188],[-111.9177,33.4184],[-111.9177,33.422],[-111.9263,33.422]]]}},{"type":"Feature","properties":{"pop":658,"dens":5822.337862303112,"hu":352},"geometry":{"type":"Polygon","coordinates":[[[-111.9177,33.4177],[-111.9177,33.4148],[-111.9091,33.4148],[-111.9091,33.4175],[-111.9118,33.4171],[-111.9118,33.4184],[-111.9177,33.4184],[-111.9177,33.4177]]]}},{"type":"Feature","properties":{"pop":1588,"dens":11699.170218188576,"hu":670},"geometry":{"type":"Polygon","coordinates":[[[-111.9177,33.4191],[-111.9177,33.4184],[-111.9118,33.4184],[-111.9118,33.4171],[-111.9091,33.4175],[-111.9091,33.422],[-111.9177,33.422],[-111.9177,33.4191]]]}},{"type":"Feature","properties":{"pop":1815,"dens":13954.955049864286,"hu":857},"geometry":{"type":"Polygon","coordinates":[[[-111.9263,33.4137],[-111.9263,33.411],[-111.9181,33.411],[-111.9183,33.4129],[-111.9171,33.413],[-111.9171,33.4148],[-111.9263,33.4148],[-111.9263,33.4137]]]}},{"type":"Feature","properties":{"pop":2619,"dens":16760.955437270877,"hu":1473},"geometry":{"type":"Polygon","coordinates":[[[-111.9263,33.411],[-111.9263,33.4101],[-111.9178,33.4095],[-111.9177,33.4075],[-111.9091,33.4075],[-111.9091,33.411],[-111.9263,33.411]]]}},{"type":"Feature","properties":{"pop":905,"dens":7031.516488314008,"hu":506},"geometry":{"type":"Polygon","coordinates":[[[-111.9183,33.4129],[-111.9181,33.411],[-111.9091,33.411],[-111.9091,33.4148],[-111.9171,33.4148],[-111.9171,33.413],[-111.9183,33.4129]]]}},{"type":"Feature","properties":{"pop":1017,"dens":12383.633213137731,"hu":406},"geometry":{"type":"Polygon","coordinates":[[[-111.9263,33.4101],[-111.9263,33.4075],[-111.9177,33.4075],[-111.9178,33.4095],[-111.9263,33.4101]]]}},{"type":"Feature","properties":{"pop":1477,"dens":9966.318828247886,"hu":806},"geometry":{"type":"Polygon","coordinates":[[[-111.9005,33.4216],[-111.9005,33.4184],[-111.8962,33.4184],[-111.8962,33.4166],[-111.894,33.4166],[-111.894,33.4184],[-111.8914,33.4184],[-111.8914,33.422],[-111.9005,33.4221],[-111.9005,33.4216]]]}},{"type":"Feature","properties":{"pop":2250,"dens":15238.095029825943,"hu":920},"geometry":{"type":"Polygon","coordinates":[[[-111.9091,33.4162],[-111.9091,33.4148],[-111.9005,33.4148],[-111.9005,33.4191],[-111.9091,33.419],[-111.9091,33.4162]]]}},{"type":"Feature","properties":{"pop":763,"dens":6646.071791093194,"hu":314},"geometry":{"type":"Polygon","coordinates":[[[-111.9005,33.4158],[-111.9005,33.4148],[-111.8915,33.4148],[-111.8914,33.4184],[-111.894,33.4184],[-111.894,33.4166],[-111.8962,33.4166],[-111.8962,33.4184],[-111.9005,33.4184],[-111.9005,33.4158]]]}},{"type":"Feature","properties":{"pop":1559,"dens":15467.593848026287,"hu":683},"geometry":{"type":"Polygon","coordinates":[[[-111.9091,33.4213],[-111.9091,33.419],[-111.9005,33.4191],[-111.9005,33.4221],[-111.9091,33.422],[-111.9091,33.4213]]]}},{"type":"Feature","properties":{"pop":1444,"dens":5565.6339167552405,"hu":1381},"geometry":{"type":"Polygon","coordinates":[[[-111.9091,33.4122],[-111.9091,33.411],[-111.8915,33.4111],[-111.8915,33.4148],[-111.9091,33.4148],[-111.9091,33.4122]]]}},{"type":"Feature","properties":{"pop":1880,"dens":7459.188703271671,"hu":1080},"geometry":{"type":"Polygon","coordinates":[[[-111.9091,33.411],[-111.9091,33.4075],[-111.8913,33.4075],[-111.8915,33.4111],[-111.9091,33.411]]]}},{"type":"Feature","properties":{"pop":2880,"dens":6824.755790962004,"hu":1185},"geometry":{"type":"Polygon","coordinates":[[[-111.8915,33.4137],[-111.8913,33.4075],[-111.8884,33.4075],[-111.8889,33.4091],[-111.8885,33.4109],[-111.8821,33.4174],[-111.8786,33.42],[-111.8772,33.4221],[-111.8914,33.422],[-111.8915,33.4137]]]}},{"type":"Feature","properties":{"pop":552,"dens":8985.427753737018,"hu":274},"geometry":{"type":"Polygon","coordinates":[[[-111.9141,33.3813],[-111.9138,33.3784],[-111.9092,33.3784],[-111.9092,33.3818],[-111.9141,33.3813]]]}},{"type":"Feature","properties":{"pop":1972,"dens":7016.233184838568,"hu":641},"geometry":{"type":"Polygon","coordinates":[[[-111.9265,33.3857],[-111.9173,33.3856],[-111.9173,33.3892],[-111.9156,33.3893],[-111.9156,33.3916],[-111.9178,33.3916],[-111.9177,33.393],[-111.9263,33.393],[-111.9265,33.3857]]]}},{"type":"Feature","properties":{"pop":1603,"dens":7081.2080047577765,"hu":503},"geometry":{"type":"Polygon","coordinates":[[[-111.9177,33.393],[-111.9178,33.3916],[-111.9156,33.3916],[-111.9156,33.3893],[-111.9173,33.3892],[-111.9173,33.3856],[-111.9092,33.3856],[-111.9091,33.393],[-111.9177,33.393]]]}},{"type":"Feature","properties":{"pop":1566,"dens":5180.381388582078,"hu":633},"geometry":{"type":"Polygon","coordinates":[[[-111.9267,33.3826],[-111.9251,33.3817],[-111.9245,33.3829],[-111.9207,33.3815],[-111.9174,33.3819],[-111.9175,33.3784],[-111.9138,33.3784],[-111.9141,33.3813],[-111.9092,33.3818],[-111.9092,33.3856],[-111.9265,33.3856],[-111.9267,33.3826]]]}},{"type":"Feature","properties":{"pop":761,"dens":4730.3768025127,"hu":402},"geometry":{"type":"Polygon","coordinates":[[[-111.9287,33.3788],[-111.9287,33.3783],[-111.9175,33.3784],[-111.9174,33.3819],[-111.9207,33.3815],[-111.9245,33.3829],[-111.9251,33.3817],[-111.9268,33.3823],[-111.9287,33.3788]]]}},{"type":"Feature","properties":{"pop":1914,"dens":3679.8763610752917,"hu":875},"geometry":{"type":"Polygon","coordinates":[[[-111.9092,33.3869],[-111.9092,33.3856],[-111.8913,33.3857],[-111.8913,33.393],[-111.9091,33.393],[-111.9092,33.3869]]]}},{"type":"Feature","properties":{"pop":2059,"dens":4186.248764130781,"hu":814},"geometry":{"type":"Polygon","coordinates":[[[-111.9092,33.38],[-111.9092,33.3784],[-111.8932,33.3785],[-111.8915,33.3835],[-111.8913,33.3857],[-111.9092,33.3856],[-111.9092,33.38]]]}},{"type":"Feature","properties":{"pop":1478,"dens":10432.945155944026,"hu":608},"geometry":{"type":"Polygon","coordinates":[[[-111.9091,33.4014],[-111.9091,33.4001],[-111.9041,33.4001],[-111.9047,33.4041],[-111.9042,33.4075],[-111.9091,33.4075],[-111.9091,33.4014]]]}},{"type":"Feature","properties":{"pop":1043,"dens":2632.9792832769285,"hu":622},"geometry":{"type":"Polygon","coordinates":[[[-111.9005,33.3947],[-111.9005,33.393],[-111.8913,33.393],[-111.8913,33.4016],[-111.892,33.4039],[-111.9005,33.4037],[-111.9005,33.3947]]]}},{"type":"Feature","properties":{"pop":1178,"dens":4799.7142503035075,"hu":448},"geometry":{"type":"Polygon","coordinates":[[[-111.9091,33.3941],[-111.9091,33.393],[-111.9005,33.393],[-111.9005,33.4002],[-111.9091,33.4001],[-111.9091,33.3941]]]}},{"type":"Feature","properties":{"pop":1019,"dens":4140.755163490548,"hu":426},"geometry":{"type":"Polygon","coordinates":[[[-111.9047,33.405],[-111.9041,33.4001],[-111.9005,33.4002],[-111.9004,33.4038],[-111.892,33.4039],[-111.8913,33.4016],[-111.8913,33.4075],[-111.9042,33.4075],[-111.9042,33.405],[-111.9047,33.405]]]}},{"type":"Feature","properties":{"pop":1777,"dens":4694.3661969386585,"hu":646},"geometry":{"type":"Polygon","coordinates":[[[-111.8913,33.3955],[-111.8913,33.393],[-111.8801,33.393],[-111.8846,33.3992],[-111.8884,33.4075],[-111.8913,33.4075],[-111.8913,33.3955]]]}},{"type":"Feature","properties":{"pop":1962,"dens":4770.916347389012,"hu":1115},"geometry":{"type":"Polygon","coordinates":[[[-111.8923,33.3813],[-111.8871,33.384],[-111.8803,33.386],[-111.8798,33.388],[-111.8801,33.393],[-111.8913,33.393],[-111.8913,33.3846],[-111.8923,33.3813]]]}},{"type":"Feature","properties":{"pop":1594,"dens":5359.531588004744,"hu":654},"geometry":{"type":"Polygon","coordinates":[[[-111.923,33.3937],[-111.923,33.393],[-111.9177,33.393],[-111.9154,33.4009],[-111.9176,33.4038],[-111.9177,33.4075],[-111.9226,33.4075],[-111.9226,33.405],[-111.9216,33.404],[-111.9211,33.4022],[-111.9211,33.3994],[-111.922,33.3993],[-111.922,33.3958],[-111.923,33.3937]]]}},{"type":"Feature","properties":{"pop":809,"dens":7722.738487936544,"hu":321},"geometry":{"type":"Polygon","coordinates":[[[-111.9177,33.4053],[-111.9177,33.4046],[-111.9146,33.405],[-111.9145,33.4042],[-111.9091,33.4042],[-111.9091,33.4075],[-111.9177,33.4075],[-111.9177,33.4053]]]}},{"type":"Feature","properties":{"pop":2572,"dens":7498.259512644955,"hu":1093},"geometry":{"type":"Polygon","coordinates":[[[-111.9177,33.3937],[-111.9177,33.393],[-111.9091,33.393],[-111.9091,33.4042],[-111.9145,33.4042],[-111.9146,33.405],[-111.9177,33.4046],[-111.9173,33.4033],[-111.9154,33.4009],[-111.9177,33.3937]]]}},{"type":"Feature","properties":{"pop":2054,"dens":8272.982312960725,"hu":1097},"geometry":{"type":"Polygon","coordinates":[[[-111.9287,33.3783],[-111.9286,33.3721],[-111.9262,33.3712],[-111.92,33.3712],[-111.9191,33.3761],[-111.9205,33.3783],[-111.9287,33.3783]]]}},{"type":"Feature","properties":{"pop":1234,"dens":4649.7000620102035,"hu":545},"geometry":{"type":"Polygon","coordinates":[[[-111.92,33.3712],[-111.9199,33.3638],[-111.9112,33.3638],[-111.9113,33.3722],[-111.914,33.3713],[-111.92,33.3712]]]}},{"type":"Feature","properties":{"pop":831,"dens":3151.073679551951,"hu":424},"geometry":{"type":"Polygon","coordinates":[[[-111.9286,33.3721],[-111.9286,33.3637],[-111.9199,33.3638],[-111.92,33.3712],[-111.9262,33.3712],[-111.9286,33.3721]]]}},{"type":"Feature","properties":{"pop":2180,"dens":8577.027059122745,"hu":828},"geometry":{"type":"Polygon","coordinates":[[[-111.9205,33.3783],[-111.9191,33.3761],[-111.92,33.3712],[-111.914,33.3713],[-111.9113,33.3722],[-111.9111,33.3743],[-111.9092,33.3776],[-111.9092,33.3784],[-111.9205,33.3783]]]}},{"type":"Feature","properties":{"pop":2346,"dens":5375.723330436314,"hu":937},"geometry":{"type":"Polygon","coordinates":[[[-111.9113,33.3735],[-111.9112,33.3638],[-111.9026,33.3638],[-111.9026,33.3675],[-111.9033,33.3675],[-111.9032,33.3724],[-111.9048,33.3724],[-111.9049,33.3762],[-111.9028,33.3762],[-111.9028,33.3785],[-111.9092,33.3784],[-111.9095,33.3768],[-111.9113,33.3735]]]}},{"type":"Feature","properties":{"pop":1217,"dens":4852.6644918414095,"hu":466},"geometry":{"type":"Polygon","coordinates":[[[-111.9026,33.3675],[-111.9026,33.3638],[-111.8941,33.3638],[-111.8937,33.3712],[-111.8941,33.3717],[-111.8997,33.3717],[-111.8996,33.3703],[-111.9022,33.3698],[-111.9022,33.3675],[-111.9026,33.3675]]]}},{"type":"Feature","properties":{"pop":1575,"dens":4988.850499327932,"hu":618},"geometry":{"type":"Polygon","coordinates":[[[-111.9049,33.3761],[-111.9048,33.3724],[-111.9032,33.3724],[-111.9033,33.3675],[-111.9022,33.3675],[-111.9021,33.3699],[-111.8996,33.3703],[-111.8997,33.3717],[-111.8941,33.3717],[-111.8937,33.3712],[-111.8932,33.3785],[-111.9028,33.3785],[-111.9028,33.3762],[-111.9049,33.3761]]]}},{"type":"Feature","properties":{"pop":2052,"dens":8444.825980462938,"hu":819},"geometry":{"type":"Polygon","coordinates":[[[-111.9286,33.3637],[-111.9285,33.3567],[-111.9199,33.3568],[-111.9199,33.3638],[-111.9286,33.3637]]]}},{"type":"Feature","properties":{"pop":1380,"dens":5692.445641204933,"hu":501},"geometry":{"type":"Polygon","coordinates":[[[-111.9199,33.3638],[-111.9199,33.3568],[-111.9112,33.3567],[-111.9112,33.3638],[-111.9199,33.3638]]]}},{"type":"Feature","properties":{"pop":1195,"dens":4566.379863202381,"hu":439},"geometry":{"type":"Polygon","coordinates":[[[-111.9207,33.353],[-111.9198,33.3492],[-111.9112,33.3491],[-111.9112,33.3567],[-111.9199,33.3568],[-111.9188,33.3535],[-111.9207,33.353]]]}},{"type":"Feature","properties":{"pop":888,"dens":3385.71725600126,"hu":470},"geometry":{"type":"Polygon","coordinates":[[[-111.9285,33.3567],[-111.9285,33.3492],[-111.9198,33.3492],[-111.9207,33.353],[-111.9188,33.3535],[-111.9199,33.3568],[-111.9285,33.3567]]]}},{"type":"Feature","properties":{"pop":1901,"dens":3984.465901474591,"hu":1030},"geometry":{"type":"Polygon","coordinates":[[[-111.9112,33.3638],[-111.9112,33.3567],[-111.8945,33.3567],[-111.8941,33.3638],[-111.9112,33.3638]]]}},{"type":"Feature","properties":{"pop":1373,"dens":2730.1802480973847,"hu":417},"geometry":{"type":"Polygon","coordinates":[[[-111.9112,33.3567],[-111.9112,33.3491],[-111.8939,33.3494],[-111.8945,33.3567],[-111.9112,33.3567]]]}},{"type":"Feature","properties":{"pop":790,"dens":3162.429450146234,"hu":336},"geometry":{"type":"Polygon","coordinates":[[[-111.9285,33.348],[-111.9284,33.3419],[-111.9198,33.342],[-111.9198,33.3492],[-111.9285,33.3492],[-111.9285,33.348]]]}},{"type":"Feature","properties":{"pop":1472,"dens":1969.3440378863977,"hu":501},"geometry":{"type":"Polygon","coordinates":[[[-111.9284,33.3419],[-111.9284,33.3347],[-111.9112,33.3346],[-111.9112,33.3491],[-111.9198,33.3492],[-111.9199,33.342],[-111.9284,33.3419]]]}},{"type":"Feature","properties":{"pop":2489,"dens":2437.888973964384,"hu":1033},"geometry":{"type":"Polygon","coordinates":[[[-111.9112,33.3483],[-111.9112,33.3346],[-111.8931,33.3349],[-111.8939,33.3494],[-111.9112,33.3491],[-111.9112,33.3483]]]}},{"type":"Feature","properties":{"pop":3133,"dens":3110.1171142759513,"hu":2033},"geometry":{"type":"Polygon","coordinates":[[[-111.6544,33.4369],[-111.6499,33.4349],[-111.65,33.4224],[-111.6327,33.4224],[-111.6326,33.4369],[-111.6387,33.4362],[-111.6421,33.4369],[-111.6544,33.4369]]]}},{"type":"Feature","properties":{"pop":2855,"dens":1460.2553390399746,"hu":1056},"geometry":{"type":"Polygon","coordinates":[[[-111.6845,33.423],[-111.65,33.4224],[-111.6499,33.4349],[-111.6544,33.4369],[-111.6843,33.4372],[-111.6845,33.423]]]}},{"type":"Feature","properties":{"pop":1693,"dens":2790.901611173525,"hu":765},"geometry":{"type":"Polygon","coordinates":[[[-111.6842,33.4493],[-111.6842,33.4485],[-111.6814,33.4486],[-111.6782,33.4497],[-111.6765,33.4491],[-111.674,33.4467],[-111.6734,33.4429],[-111.6693,33.4402],[-111.6689,33.4369],[-111.6544,33.4369],[-111.6726,33.4515],[-111.6841,33.4517],[-111.6842,33.4493]]]}},{"type":"Feature","properties":{"pop":2452,"dens":1399.973521130628,"hu":1091},"geometry":{"type":"Polygon","coordinates":[[[-111.6725,33.4515],[-111.6544,33.4369],[-111.6421,33.4369],[-111.6387,33.4362],[-111.6326,33.4369],[-111.6327,33.4439],[-111.6353,33.4483],[-111.6342,33.4514],[-111.6725,33.4515]]]}},{"type":"Feature","properties":{"pop":1790,"dens":3081.9910824655703,"hu":563},"geometry":{"type":"Polygon","coordinates":[[[-111.6843,33.4385],[-111.6843,33.4372],[-111.6832,33.437],[-111.6689,33.4369],[-111.6693,33.4402],[-111.6734,33.4429],[-111.6742,33.4471],[-111.6777,33.4497],[-111.6814,33.4486],[-111.6842,33.4485],[-111.6843,33.4385]]]}},{"type":"Feature","properties":{"pop":2266,"dens":2185.9998574612764,"hu":1009},"geometry":{"type":"Polygon","coordinates":[[[-111.6839,33.4671],[-111.6839,33.4663],[-111.6725,33.4663],[-111.672,33.4695],[-111.6663,33.4747],[-111.6682,33.4778],[-111.6666,33.4833],[-111.6737,33.4847],[-111.6771,33.4843],[-111.6797,33.4849],[-111.6808,33.4814],[-111.6839,33.4808],[-111.6839,33.4671]]]}},{"type":"Feature","properties":{"pop":2043,"dens":1420.4513257837477,"hu":863},"geometry":{"type":"Polygon","coordinates":[[[-111.6839,33.4831],[-111.6839,33.4808],[-111.6808,33.4814],[-111.6786,33.49],[-111.6771,33.4913],[-111.6745,33.4918],[-111.666,33.4908],[-111.6646,33.4898],[-111.6633,33.4875],[-111.6595,33.4852],[-111.6586,33.4824],[-111.6608,33.4782],[-111.6679,33.4738],[-111.6722,33.469],[-111.6725,33.4663],[-111.6672,33.4662],[-111.6673,33.4735],[-111.6586,33.4735],[-111.6585,33.4786],[-111.6556,33.4805],[-111.6531,33.4806],[-111.6531,33.4789],[-111.6499,33.4788],[-111.6498,33.4875],[-111.6511,33.4888],[-111.6499,33.495],[-111.6839,33.4952],[-111.6839,33.4831]]]}},{"type":"Feature","properties":{"pop":2407,"dens":3420.12005484943,"hu":935},"geometry":{"type":"Polygon","coordinates":[[[-111.6792,33.4863],[-111.6797,33.4849],[-111.6778,33.4844],[-111.6737,33.4847],[-111.6666,33.4833],[-111.6682,33.4778],[-111.6663,33.4747],[-111.661,33.4779],[-111.6586,33.4824],[-111.6595,33.4852],[-111.6631,33.4874],[-111.6647,33.49],[-111.6667,33.4911],[-111.674,33.4918],[-111.6768,33.4914],[-111.6788,33.4896],[-111.6792,33.4863]]]}},{"type":"Feature","properties":{"pop":1709,"dens":450.2554141482839,"hu":621},"geometry":{"type":"Polygon","coordinates":[[[-111.6673,33.4731],[-111.6672,33.4662],[-111.6407,33.4661],[-111.639,33.4654],[-111.6357,33.4629],[-111.6317,33.462],[-111.6296,33.4689],[-111.6257,33.4781],[-111.6172,33.4948],[-111.6499,33.495],[-111.6511,33.4888],[-111.6498,33.4875],[-111.6499,33.4788],[-111.6531,33.4789],[-111.6531,33.4806],[-111.6556,33.4805],[-111.6585,33.4786],[-111.6586,33.4735],[-111.6673,33.4731]]]}},{"type":"Feature","properties":{"pop":2635,"dens":1744.8154483751691,"hu":953},"geometry":{"type":"Polygon","coordinates":[[[-111.6841,33.4518],[-111.6672,33.4514],[-111.6672,33.4587],[-111.6499,33.4587],[-111.6499,33.4662],[-111.6839,33.4663],[-111.6841,33.4518]]]}},{"type":"Feature","properties":{"pop":1846,"dens":1282.388416575567,"hu":812},"geometry":{"type":"Polygon","coordinates":[[[-111.6672,33.4533],[-111.6672,33.4514],[-111.6342,33.4514],[-111.6327,33.4546],[-111.6317,33.462],[-111.6357,33.4629],[-111.6402,33.466],[-111.6499,33.4662],[-111.6499,33.4587],[-111.6672,33.4587],[-111.6672,33.4533]]]}},{"type":"Feature","properties":{"pop":2769,"dens":349.41422987159893,"hu":917},"geometry":{"type":"Polygon","coordinates":[[[-111.6303,33.4667],[-111.6304,33.4662],[-111.6292,33.4661],[-111.6152,33.4658],[-111.6151,33.4515],[-111.6159,33.4409],[-111.6153,33.4372],[-111.6153,33.4223],[-111.598,33.4223],[-111.598,33.4295],[-111.5893,33.4295],[-111.5893,33.4368],[-111.5807,33.4368],[-111.5806,33.4659],[-111.6031,33.4672],[-111.6004,33.4861],[-111.6038,33.4958],[-111.6172,33.4948],[-111.6255,33.4786],[-111.6303,33.4667]]]}},{"type":"Feature","properties":{"pop":2370,"dens":1167.4079055070595,"hu":1053},"geometry":{"type":"Polygon","coordinates":[[[-111.6353,33.4487],[-111.635,33.4471],[-111.6327,33.4437],[-111.6326,33.4369],[-111.6153,33.4368],[-111.6159,33.4409],[-111.6151,33.4515],[-111.6152,33.4658],[-111.6304,33.4662],[-111.6322,33.4602],[-111.6328,33.4541],[-111.6353,33.4487]]]}},{"type":"Feature","properties":{"pop":1584,"dens":3158.7144331557065,"hu":585},"geometry":{"type":"Polygon","coordinates":[[[-111.6327,33.4301],[-111.6327,33.4296],[-111.6153,33.4296],[-111.6153,33.4368],[-111.6326,33.4369],[-111.6327,33.4301]]]}},{"type":"Feature","properties":{"pop":1311,"dens":5245.419825999498,"hu":456},"geometry":{"type":"Polygon","coordinates":[[[-111.6327,33.4262],[-111.6327,33.4224],[-111.624,33.4224],[-111.624,33.4296],[-111.6327,33.4296],[-111.6327,33.4262]]]}},{"type":"Feature","properties":{"pop":1026,"dens":4142.205595289134,"hu":374},"geometry":{"type":"Polygon","coordinates":[[[-111.624,33.4234],[-111.624,33.4224],[-111.6153,33.4223],[-111.6153,33.4296],[-111.624,33.4296],[-111.624,33.4234]]]}},{"type":"Feature","properties":{"pop":1090,"dens":4420.620851547442,"hu":441},"geometry":{"type":"Polygon","coordinates":[[[-111.598,33.423],[-111.598,33.4223],[-111.5893,33.4223],[-111.5893,33.4295],[-111.598,33.4295],[-111.598,33.423]]]}},{"type":"Feature","properties":{"pop":2172,"dens":4365.081799514048,"hu":802},"geometry":{"type":"Polygon","coordinates":[[[-111.5893,33.4224],[-111.5807,33.4223],[-111.5807,33.4368],[-111.5893,33.4368],[-111.5893,33.4224]]]}},{"type":"Feature","properties":{"pop":1244,"dens":4049.551406919809,"hu":844},"geometry":{"type":"Polygon","coordinates":[[[-111.6845,33.4169],[-111.6845,33.4157],[-111.6761,33.4153],[-111.6755,33.4193],[-111.6732,33.4191],[-111.6714,33.4202],[-111.6706,33.4224],[-111.6845,33.4229],[-111.6845,33.4169]]]}},{"type":"Feature","properties":{"pop":1794,"dens":9525.993773361026,"hu":1125},"geometry":{"type":"Polygon","coordinates":[[[-111.6761,33.416],[-111.6761,33.4153],[-111.6753,33.4152],[-111.6674,33.4152],[-111.6674,33.4224],[-111.6706,33.4224],[-111.6707,33.421],[-111.6715,33.4201],[-111.6732,33.4191],[-111.6753,33.4195],[-111.676,33.4183],[-111.6761,33.416]]]}},{"type":"Feature","properties":{"pop":783,"dens":3103.4309101660124,"hu":254},"geometry":{"type":"Polygon","coordinates":[[[-111.6674,33.4155],[-111.6587,33.4152],[-111.6587,33.4224],[-111.6674,33.4224],[-111.6674,33.4155]]]}},{"type":"Feature","properties":{"pop":1669,"dens":3970.7185847913634,"hu":667},"geometry":{"type":"Polygon","coordinates":[[[-111.6587,33.4154],[-111.6469,33.4152],[-111.6468,33.4188],[-111.6413,33.4188],[-111.6413,33.4224],[-111.6587,33.4224],[-111.6587,33.4154]]]}},{"type":"Feature","properties":{"pop":1482,"dens":4491.734613856759,"hu":510},"geometry":{"type":"Polygon","coordinates":[[[-111.6468,33.4154],[-111.6327,33.4151],[-111.6327,33.4224],[-111.6413,33.4224],[-111.6413,33.4188],[-111.6468,33.4188],[-111.6468,33.4154]]]}},{"type":"Feature","properties":{"pop":862,"dens":3943.101050957864,"hu":431},"geometry":{"type":"Polygon","coordinates":[[[-111.6153,33.4159],[-111.6153,33.4151],[-111.6077,33.4151],[-111.6077,33.4223],[-111.6153,33.4223],[-111.6153,33.4159]]]}},{"type":"Feature","properties":{"pop":1135,"dens":4525.185012795268,"hu":708},"geometry":{"type":"Polygon","coordinates":[[[-111.6327,33.4159],[-111.6327,33.4151],[-111.624,33.4151],[-111.624,33.4224],[-111.6327,33.4224],[-111.6327,33.4159]]]}},{"type":"Feature","properties":{"pop":1018,"dens":4077.9675181528255,"hu":305},"geometry":{"type":"Polygon","coordinates":[[[-111.624,33.4152],[-111.6153,33.4151],[-111.6153,33.4223],[-111.624,33.4224],[-111.624,33.4152]]]}},{"type":"Feature","properties":{"pop":917,"dens":3684.398571396393,"hu":664},"geometry":{"type":"Polygon","coordinates":[[[-111.598,33.4154],[-111.5893,33.4151],[-111.5893,33.4223],[-111.598,33.4223],[-111.598,33.4154]]]}},{"type":"Feature","properties":{"pop":933,"dens":3327.9350410444576,"hu":639},"geometry":{"type":"Polygon","coordinates":[[[-111.6077,33.4167],[-111.6077,33.4151],[-111.598,33.4151],[-111.598,33.4223],[-111.6077,33.4223],[-111.6077,33.4167]]]}},{"type":"Feature","properties":{"pop":728,"dens":2906.3682496678766,"hu":783},"geometry":{"type":"Polygon","coordinates":[[[-111.5893,33.4159],[-111.5893,33.4151],[-111.5807,33.4151],[-111.5807,33.4223],[-111.5893,33.4223],[-111.5893,33.4159]]]}},{"type":"Feature","properties":{"pop":1657,"dens":5155.586669418888,"hu":720},"geometry":{"type":"Polygon","coordinates":[[[-111.7017,33.4374],[-111.7017,33.4328],[-111.6905,33.4333],[-111.6903,33.4323],[-111.6885,33.4327],[-111.6844,33.4323],[-111.6843,33.4372],[-111.7017,33.4374]]]}},{"type":"Feature","properties":{"pop":1986,"dens":5940.141869943528,"hu":1123},"geometry":{"type":"Polygon","coordinates":[[[-111.6931,33.4236],[-111.6931,33.4229],[-111.6845,33.4229],[-111.6844,33.4323],[-111.6885,33.4327],[-111.6903,33.4323],[-111.6905,33.4333],[-111.6931,33.4332],[-111.6931,33.4236]]]}},{"type":"Feature","properties":{"pop":1653,"dens":4800.937955376179,"hu":922},"geometry":{"type":"Polygon","coordinates":[[[-111.7018,33.4238],[-111.7018,33.4228],[-111.6931,33.4229],[-111.6931,33.4329],[-111.7017,33.4328],[-111.7018,33.4238]]]}},{"type":"Feature","properties":{"pop":1900,"dens":358.24643157705486,"hu":1718},"geometry":{"type":"Polygon","coordinates":[[[-111.736,33.4533],[-111.736,33.4518],[-111.7102,33.4519],[-111.7102,33.4547],[-111.7114,33.4583],[-111.71,33.4618],[-111.7099,33.4663],[-111.7013,33.4663],[-111.7013,33.4811],[-111.7023,33.4846],[-111.7014,33.4867],[-111.7003,33.4875],[-111.7007,33.4898],[-111.6994,33.4907],[-111.6998,33.4918],[-111.6987,33.4947],[-111.7018,33.4977],[-111.7127,33.4979],[-111.7126,33.4997],[-111.7148,33.4997],[-111.7154,33.498],[-111.7179,33.4978],[-111.7198,33.4964],[-111.7201,33.4942],[-111.7233,33.4933],[-111.7242,33.4916],[-111.7239,33.4905],[-111.7259,33.4892],[-111.7271,33.4867],[-111.7284,33.4862],[-111.7311,33.4882],[-111.7323,33.4882],[-111.7331,33.4881],[-111.7352,33.4859],[-111.7357,33.4825],[-111.736,33.4533]]]}},{"type":"Feature","properties":{"pop":1632,"dens":3135.286270565018,"hu":1375},"geometry":{"type":"Polygon","coordinates":[[[-111.7114,33.4586],[-111.7102,33.4547],[-111.7102,33.4519],[-111.7015,33.4519],[-111.7013,33.4663],[-111.7099,33.4663],[-111.71,33.4618],[-111.7114,33.4586]]]}},{"type":"Feature","properties":{"pop":1720,"dens":1807.1812864755732,"hu":836},"geometry":{"type":"Polygon","coordinates":[[[-111.7023,33.4845],[-111.7015,33.4819],[-111.6953,33.4824],[-111.6921,33.4843],[-111.6912,33.486],[-111.6877,33.4896],[-111.6839,33.49],[-111.684,33.4999],[-111.7013,33.4997],[-111.7017,33.4972],[-111.6987,33.4947],[-111.6998,33.4918],[-111.6994,33.4907],[-111.7007,33.4898],[-111.7003,33.4875],[-111.7016,33.4865],[-111.7023,33.4845]]]}},{"type":"Feature","properties":{"pop":1117,"dens":3515.1509339654417,"hu":523},"geometry":{"type":"Polygon","coordinates":[[[-111.7015,33.4819],[-111.7013,33.4808],[-111.6839,33.4808],[-111.6839,33.49],[-111.6877,33.4896],[-111.6912,33.486],[-111.6921,33.4843],[-111.695,33.4825],[-111.7015,33.4819]]]}},{"type":"Feature","properties":{"pop":1636,"dens":6695.268170236004,"hu":452},"geometry":{"type":"Polygon","coordinates":[[[-111.7294,33.43],[-111.7256,33.4229],[-111.7191,33.4228],[-111.719,33.4301],[-111.7294,33.43]]]}},{"type":"Feature","properties":{"pop":2035,"dens":5129.485748967054,"hu":753},"geometry":{"type":"Polygon","coordinates":[[[-111.7364,33.4251],[-111.7364,33.4228],[-111.7256,33.4229],[-111.7334,33.4373],[-111.7364,33.4372],[-111.7364,33.4251]]]}},{"type":"Feature","properties":{"pop":1785,"dens":4975.764944971684,"hu":765},"geometry":{"type":"Polygon","coordinates":[[[-111.7334,33.4373],[-111.7294,33.43],[-111.719,33.4301],[-111.719,33.4373],[-111.7334,33.4373]]]}},{"type":"Feature","properties":{"pop":2460,"dens":4931.274471716993,"hu":925},"geometry":{"type":"Polygon","coordinates":[[[-111.719,33.431],[-111.719,33.4301],[-111.7018,33.4301],[-111.7017,33.4374],[-111.719,33.4373],[-111.719,33.431]]]}},{"type":"Feature","properties":{"pop":929,"dens":3692.4975936095825,"hu":695},"geometry":{"type":"Polygon","coordinates":[[[-111.7104,33.4258],[-111.7105,33.4228],[-111.7018,33.4228],[-111.7018,33.4301],[-111.7104,33.4301],[-111.7104,33.4258]]]}},{"type":"Feature","properties":{"pop":753,"dens":3003.9896678980494,"hu":611},"geometry":{"type":"Polygon","coordinates":[[[-111.7191,33.4237],[-111.7191,33.4228],[-111.7105,33.4228],[-111.7104,33.4301],[-111.719,33.4301],[-111.7191,33.4237]]]}},{"type":"Feature","properties":{"pop":1671,"dens":4427.562756765445,"hu":458},"geometry":{"type":"Polygon","coordinates":[[[-111.7016,33.4422],[-111.7017,33.441],[-111.693,33.441],[-111.693,33.4374],[-111.6843,33.4372],[-111.6842,33.4446],[-111.7016,33.4446],[-111.7016,33.4422]]]}},{"type":"Feature","properties":{"pop":1542,"dens":6154.3627933671505,"hu":732},"geometry":{"type":"Polygon","coordinates":[[[-111.7016,33.446],[-111.7016,33.4446],[-111.6929,33.4446],[-111.6928,33.4519],[-111.7015,33.4519],[-111.7016,33.446]]]}},{"type":"Feature","properties":{"pop":1101,"dens":4398.132820923438,"hu":455},"geometry":{"type":"Polygon","coordinates":[[[-111.6929,33.4454],[-111.6929,33.4446],[-111.6842,33.4446],[-111.6841,33.4517],[-111.6928,33.4519],[-111.6929,33.4454]]]}},{"type":"Feature","properties":{"pop":1177,"dens":9356.167683691296,"hu":442},"geometry":{"type":"Polygon","coordinates":[[[-111.7017,33.4381],[-111.7017,33.4374],[-111.693,33.4374],[-111.693,33.441],[-111.7017,33.441],[-111.7017,33.4381]]]}},{"type":"Feature","properties":{"pop":2233,"dens":3664.734339614382,"hu":920},"geometry":{"type":"Polygon","coordinates":[[[-111.7013,33.4665],[-111.6839,33.4663],[-111.6839,33.473],[-111.6868,33.4747],[-111.6894,33.4754],[-111.7012,33.4754],[-111.7013,33.4665]]]}},{"type":"Feature","properties":{"pop":1991,"dens":5123.824828952785,"hu":863},"geometry":{"type":"Polygon","coordinates":[[[-111.7013,33.4808],[-111.7012,33.4754],[-111.6894,33.4754],[-111.6868,33.4747],[-111.6839,33.473],[-111.6839,33.4808],[-111.7013,33.4808]]]}},{"type":"Feature","properties":{"pop":1725,"dens":3501.561113017189,"hu":799},"geometry":{"type":"Polygon","coordinates":[[[-111.6928,33.4522],[-111.6841,33.4517],[-111.6839,33.4663],[-111.6926,33.4663],[-111.6927,33.458],[-111.6921,33.4556],[-111.6928,33.4522]]]}},{"type":"Feature","properties":{"pop":1282,"dens":2537.5993099308785,"hu":882},"geometry":{"type":"Polygon","coordinates":[[[-111.7015,33.4534],[-111.7015,33.4519],[-111.6928,33.4519],[-111.6921,33.4556],[-111.6927,33.458],[-111.6926,33.4663],[-111.7013,33.4663],[-111.7015,33.4534]]]}},{"type":"Feature","properties":{"pop":1991,"dens":3957.4398212117985,"hu":2818},"geometry":{"type":"Polygon","coordinates":[[[-111.7364,33.419],[-111.7364,33.4155],[-111.7191,33.4156],[-111.7191,33.4228],[-111.7364,33.4228],[-111.7364,33.419]]]}},{"type":"Feature","properties":{"pop":683,"dens":2740.559465135451,"hu":487},"geometry":{"type":"Polygon","coordinates":[[[-111.7105,33.4166],[-111.7105,33.4156],[-111.7017,33.4156],[-111.7018,33.4228],[-111.7105,33.4228],[-111.7105,33.4166]]]}},{"type":"Feature","properties":{"pop":1028,"dens":4143.8695804231165,"hu":687},"geometry":{"type":"Polygon","coordinates":[[[-111.7191,33.4163],[-111.7191,33.4156],[-111.7105,33.4156],[-111.7105,33.4228],[-111.7191,33.4228],[-111.7191,33.4163]]]}},{"type":"Feature","properties":{"pop":747,"dens":2991.9144624253995,"hu":492},"geometry":{"type":"Polygon","coordinates":[[[-111.7018,33.4191],[-111.7017,33.4156],[-111.6932,33.4156],[-111.6931,33.4229],[-111.7018,33.4228],[-111.7018,33.4191]]]}},{"type":"Feature","properties":{"pop":1127,"dens":4484.705280900129,"hu":733},"geometry":{"type":"Polygon","coordinates":[[[-111.6932,33.4162],[-111.6932,33.4156],[-111.6845,33.4157],[-111.6845,33.4229],[-111.6931,33.4229],[-111.6932,33.4162]]]}},{"type":"Feature","properties":{"pop":1856,"dens":1852.576936897923,"hu":713},"geometry":{"type":"Polygon","coordinates":[[[-111.7364,33.4373],[-111.719,33.4373],[-111.7188,33.4519],[-111.736,33.4518],[-111.7364,33.4373]]]}},{"type":"Feature","properties":{"pop":1707,"dens":3600.839995938962,"hu":862},"geometry":{"type":"Polygon","coordinates":[[[-111.719,33.438],[-111.719,33.4373],[-111.7071,33.4374],[-111.707,33.4415],[-111.7062,33.4447],[-111.7068,33.4466],[-111.7096,33.4496],[-111.7125,33.4482],[-111.7164,33.4451],[-111.7189,33.4446],[-111.719,33.438]]]}},{"type":"Feature","properties":{"pop":2333,"dens":4455.2649202495995,"hu":1397},"geometry":{"type":"Polygon","coordinates":[[[-111.7188,33.4482],[-111.7189,33.4446],[-111.7178,33.4447],[-111.7096,33.4496],[-111.7062,33.4454],[-111.7071,33.4374],[-111.7017,33.4374],[-111.7015,33.4519],[-111.7188,33.4519],[-111.7188,33.4482]]]}},{"type":"Feature","properties":{"pop":2292,"dens":3580.685608827958,"hu":738},"geometry":{"type":"Polygon","coordinates":[[[-111.808,33.4515],[-111.7876,33.4518],[-111.7876,33.4571],[-111.7898,33.4606],[-111.7873,33.4644],[-111.7928,33.4636],[-111.7987,33.4602],[-111.8044,33.4555],[-111.808,33.4515]]]}},{"type":"Feature","properties":{"pop":1128,"dens":4431.892357974521,"hu":373},"geometry":{"type":"Polygon","coordinates":[[[-111.7879,33.4578],[-111.7876,33.4518],[-111.7785,33.4518],[-111.7785,33.4553],[-111.7794,33.4555],[-111.7793,33.4591],[-111.7875,33.4591],[-111.7879,33.4578]]]}},{"type":"Feature","properties":{"pop":1536,"dens":6440.307799050518,"hu":669},"geometry":{"type":"Polygon","coordinates":[[[-111.7794,33.4559],[-111.7785,33.4553],[-111.7785,33.4518],[-111.7708,33.4518],[-111.7707,33.4591],[-111.7793,33.4591],[-111.7794,33.4559]]]}},{"type":"Feature","properties":{"pop":2453,"dens":4903.262840971862,"hu":638},"geometry":{"type":"Polygon","coordinates":[[[-111.7898,33.4606],[-111.7896,33.4595],[-111.7879,33.4578],[-111.7875,33.4591],[-111.7707,33.4591],[-111.7706,33.4664],[-111.7809,33.4667],[-111.7873,33.4644],[-111.7898,33.4606]]]}},{"type":"Feature","properties":{"pop":2403,"dens":4573.6050971795485,"hu":816},"geometry":{"type":"Polygon","coordinates":[[[-111.7707,33.453],[-111.7708,33.4518],[-111.7534,33.4519],[-111.7533,33.4591],[-111.762,33.4591],[-111.762,33.4605],[-111.7632,33.4605],[-111.7707,33.4591],[-111.7707,33.453]]]}},{"type":"Feature","properties":{"pop":2017,"dens":4228.91008340684,"hu":589},"geometry":{"type":"Polygon","coordinates":[[[-111.7707,33.4599],[-111.7707,33.4591],[-111.7687,33.4591],[-111.762,33.4605],[-111.762,33.4591],[-111.7533,33.4591],[-111.7533,33.4664],[-111.7706,33.4664],[-111.7707,33.4599]]]}},{"type":"Feature","properties":{"pop":1256,"dens":615.0749976171957,"hu":332},"geometry":{"type":"Polygon","coordinates":[[[-111.7534,33.452],[-111.736,33.4518],[-111.7357,33.4825],[-111.7352,33.4853],[-111.7388,33.4848],[-111.7398,33.4826],[-111.7443,33.4825],[-111.7443,33.482],[-111.7469,33.4816],[-111.7513,33.4767],[-111.7534,33.4754],[-111.7534,33.452]]]}},{"type":"Feature","properties":{"pop":1328,"dens":2531.0084087533332,"hu":568},"geometry":{"type":"Polygon","coordinates":[[[-111.8311,33.4516],[-111.8224,33.4515],[-111.8221,33.4698],[-111.8264,33.4698],[-111.8264,33.4665],[-111.8287,33.4625],[-111.831,33.4625],[-111.8311,33.4516]]]}},{"type":"Feature","properties":{"pop":2038,"dens":6095.146738847542,"hu":863},"geometry":{"type":"Polygon","coordinates":[[[-111.8224,33.4526],[-111.8224,33.4515],[-111.808,33.4515],[-111.8057,33.4542],[-111.8136,33.4543],[-111.8136,33.4589],[-111.8221,33.4589],[-111.8224,33.4526]]]}},{"type":"Feature","properties":{"pop":1085,"dens":3070.583598690476,"hu":367},"geometry":{"type":"Polygon","coordinates":[[[-111.841,33.4603],[-111.8413,33.46],[-111.8396,33.4572],[-111.8397,33.4514],[-111.8311,33.4515],[-111.831,33.4625],[-111.8354,33.4625],[-111.8354,33.4588],[-111.8368,33.4606],[-111.841,33.4603]]]}},{"type":"Feature","properties":{"pop":1032,"dens":967.4379706267354,"hu":305},"geometry":{"type":"Polygon","coordinates":[[[-111.8224,33.4664],[-111.8224,33.4588],[-111.8136,33.4589],[-111.8136,33.4543],[-111.8057,33.4542],[-111.8006,33.4589],[-111.7955,33.4622],[-111.7922,33.4638],[-111.7873,33.4646],[-111.7873,33.4664],[-111.8224,33.4664]]]}},{"type":"Feature","properties":{"pop":1766,"dens":659.2481191748292,"hu":487},"geometry":{"type":"Polygon","coordinates":[[[-111.7875,33.4845],[-111.7873,33.4644],[-111.7809,33.4667],[-111.7783,33.467],[-111.7763,33.4664],[-111.7533,33.4664],[-111.7534,33.4754],[-111.7513,33.4767],[-111.7469,33.4816],[-111.7443,33.482],[-111.7443,33.4847],[-111.7875,33.4845]]]}},{"type":"Feature","properties":{"pop":1794,"dens":7066.842648860317,"hu":776},"geometry":{"type":"Polygon","coordinates":[[[-111.8399,33.4369],[-111.8312,33.4368],[-111.8312,33.4442],[-111.8398,33.4442],[-111.8399,33.4369]]]}},{"type":"Feature","properties":{"pop":1568,"dens":5141.608453930972,"hu":589},"geometry":{"type":"Polygon","coordinates":[[[-111.8312,33.4369],[-111.8226,33.4368],[-111.8224,33.4456],[-111.8312,33.4456],[-111.8312,33.4369]]]}},{"type":"Feature","properties":{"pop":2195,"dens":8758.631081704209,"hu":828},"geometry":{"type":"Polygon","coordinates":[[[-111.8398,33.446],[-111.8398,33.4442],[-111.8312,33.4442],[-111.8311,33.4515],[-111.8397,33.4514],[-111.8398,33.446]]]}},{"type":"Feature","properties":{"pop":1200,"dens":5917.027908804188,"hu":487},"geometry":{"type":"Polygon","coordinates":[[[-111.8312,33.4465],[-111.8312,33.4456],[-111.8224,33.4456],[-111.8224,33.4515],[-111.8311,33.4515],[-111.8312,33.4465]]]}},{"type":"Feature","properties":{"pop":1479,"dens":13030.803964782503,"hu":610},"geometry":{"type":"Polygon","coordinates":[[[-111.8226,33.4369],[-111.8161,33.4368],[-111.8169,33.4411],[-111.8165,33.4421],[-111.8219,33.4409],[-111.8219,33.4402],[-111.8226,33.4402],[-111.8226,33.4369]]]}},{"type":"Feature","properties":{"pop":2303,"dens":5752.280635510298,"hu":849},"geometry":{"type":"Polygon","coordinates":[[[-111.8226,33.4407],[-111.8226,33.4402],[-111.8219,33.4402],[-111.8219,33.4409],[-111.8165,33.4421],[-111.808,33.4515],[-111.8224,33.4515],[-111.8226,33.4407]]]}},{"type":"Feature","properties":{"pop":1092,"dens":6883.011477370391,"hu":370},"geometry":{"type":"Polygon","coordinates":[[[-111.8138,33.4449],[-111.8138,33.4443],[-111.8069,33.4446],[-111.8066,33.4456],[-111.805,33.4456],[-111.8049,33.4515],[-111.808,33.4515],[-111.8138,33.4449]]]}},{"type":"Feature","properties":{"pop":2382,"dens":6541.532281236568,"hu":967},"geometry":{"type":"Polygon","coordinates":[[[-111.8169,33.4411],[-111.8161,33.4368],[-111.8098,33.4367],[-111.8053,33.4345],[-111.805,33.4456],[-111.8066,33.4456],[-111.8069,33.4446],[-111.8138,33.4443],[-111.8138,33.445],[-111.8169,33.4411]]]}},{"type":"Feature","properties":{"pop":2756,"dens":5565.384381093137,"hu":870},"geometry":{"type":"Polygon","coordinates":[[[-111.7881,33.4248],[-111.7881,33.4227],[-111.771,33.4227],[-111.771,33.43],[-111.788,33.4299],[-111.7881,33.4248]]]}},{"type":"Feature","properties":{"pop":1075,"dens":4346.899919180252,"hu":412},"geometry":{"type":"Polygon","coordinates":[[[-111.788,33.4306],[-111.788,33.4299],[-111.7796,33.4299],[-111.7796,33.4359],[-111.7785,33.4359],[-111.7785,33.4372],[-111.7879,33.4372],[-111.788,33.4306]]]}},{"type":"Feature","properties":{"pop":1448,"dens":5898.783831787179,"hu":418},"geometry":{"type":"Polygon","coordinates":[[[-111.7796,33.4309],[-111.7796,33.4299],[-111.771,33.43],[-111.7709,33.4372],[-111.7785,33.4372],[-111.7785,33.4359],[-111.7796,33.4359],[-111.7796,33.4309]]]}},{"type":"Feature","properties":{"pop":2559,"dens":4727.317137369743,"hu":950},"geometry":{"type":"Polygon","coordinates":[[[-111.7878,33.4444],[-111.7775,33.4441],[-111.7749,33.4431],[-111.7709,33.4431],[-111.7708,33.4518],[-111.7876,33.4518],[-111.7878,33.4444]]]}},{"type":"Feature","properties":{"pop":1537,"dens":3487.01680996193,"hu":472},"geometry":{"type":"Polygon","coordinates":[[[-111.7879,33.4385],[-111.7879,33.4372],[-111.7709,33.4372],[-111.7709,33.4431],[-111.7749,33.4431],[-111.7777,33.4441],[-111.7878,33.444],[-111.7879,33.4385]]]}},{"type":"Feature","properties":{"pop":1911,"dens":3813.9945228603574,"hu":789},"geometry":{"type":"Polygon","coordinates":[[[-111.8051,33.4444],[-111.7878,33.4444],[-111.7876,33.4518],[-111.8049,33.4515],[-111.8051,33.4444]]]}},{"type":"Feature","properties":{"pop":2456,"dens":4906.577253406102,"hu":860},"geometry":{"type":"Polygon","coordinates":[[[-111.8052,33.4382],[-111.8053,33.437],[-111.7879,33.4372],[-111.7878,33.4444],[-111.8051,33.4442],[-111.8052,33.4382]]]}},{"type":"Feature","properties":{"pop":2107,"dens":10935.223305145848,"hu":900},"geometry":{"type":"Polygon","coordinates":[[[-111.771,33.4243],[-111.771,33.4227],[-111.7566,33.4228],[-111.7593,33.4264],[-111.771,33.4264],[-111.771,33.4243]]]}},{"type":"Feature","properties":{"pop":1535,"dens":3284.9321702978696,"hu":565},"geometry":{"type":"Polygon","coordinates":[[[-111.7665,33.4373],[-111.7566,33.4228],[-111.7536,33.4228],[-111.7536,33.4373],[-111.7665,33.4373]]]}},{"type":"Feature","properties":{"pop":1048,"dens":3003.1338167574604,"hu":329},"geometry":{"type":"Polygon","coordinates":[[[-111.771,33.4277],[-111.771,33.4264],[-111.7593,33.4264],[-111.759,33.4259],[-111.7665,33.4373],[-111.7709,33.4372],[-111.771,33.4277]]]}},{"type":"Feature","properties":{"pop":1707,"dens":1702.5842022207478,"hu":441},"geometry":{"type":"Polygon","coordinates":[[[-111.7536,33.4376],[-111.7364,33.4372],[-111.736,33.4518],[-111.7534,33.4519],[-111.7536,33.4376]]]}},{"type":"Feature","properties":{"pop":2045,"dens":2035.0184220792648,"hu":616},"geometry":{"type":"Polygon","coordinates":[[[-111.7709,33.4381],[-111.7709,33.4372],[-111.7536,33.4373],[-111.7534,33.4519],[-111.7708,33.4518],[-111.7709,33.4381]]]}},{"type":"Feature","properties":{"pop":2270,"dens":9685.556757400142,"hu":725},"geometry":{"type":"Polygon","coordinates":[[[-111.7445,33.4255],[-111.7445,33.4228],[-111.7364,33.4228],[-111.7364,33.43],[-111.7445,33.43],[-111.7445,33.4255]]]}},{"type":"Feature","properties":{"pop":1098,"dens":2210.03492660557,"hu":343},"geometry":{"type":"Polygon","coordinates":[[[-111.7536,33.4312],[-111.7534,33.43],[-111.7364,33.43],[-111.7364,33.4372],[-111.7536,33.4373],[-111.7536,33.4312]]]}},{"type":"Feature","properties":{"pop":1480,"dens":5668.151649633534,"hu":500},"geometry":{"type":"Polygon","coordinates":[[[-111.7536,33.4237],[-111.7536,33.4228],[-111.7445,33.4228],[-111.7445,33.43],[-111.7536,33.43],[-111.7536,33.4237]]]}},{"type":"Feature","properties":{"pop":1049,"dens":3741.4207063303766,"hu":1280},"geometry":{"type":"Polygon","coordinates":[[[-111.7711,33.4174],[-111.7711,33.4155],[-111.7614,33.4155],[-111.7613,33.4227],[-111.771,33.4227],[-111.7711,33.4174]]]}},{"type":"Feature","properties":{"pop":1354,"dens":6148.006742845243,"hu":943},"geometry":{"type":"Polygon","coordinates":[[[-111.7613,33.4227],[-111.7614,33.4155],[-111.7537,33.4155],[-111.7536,33.4228],[-111.7613,33.4227]]]}},{"type":"Feature","properties":{"pop":1014,"dens":4277.018641024341,"hu":1008},"geometry":{"type":"Polygon","coordinates":[[[-111.7537,33.4172],[-111.7537,33.4155],[-111.7456,33.4155],[-111.7454,33.4228],[-111.7536,33.4228],[-111.7537,33.4172]]]}},{"type":"Feature","properties":{"pop":3247,"dens":12328.749306124118,"hu":2168},"geometry":{"type":"Polygon","coordinates":[[[-111.7456,33.417],[-111.7456,33.4155],[-111.7364,33.4155],[-111.7364,33.4228],[-111.7454,33.4228],[-111.7456,33.417]]]}},{"type":"Feature","properties":{"pop":1862,"dens":7425.705337941866,"hu":1413},"geometry":{"type":"Polygon","coordinates":[[[-111.7711,33.4099],[-111.7711,33.4082],[-111.7625,33.4082],[-111.7625,33.4155],[-111.7711,33.4155],[-111.7711,33.4099]]]}},{"type":"Feature","properties":{"pop":604,"dens":5150.68163802218,"hu":723},"geometry":{"type":"Polygon","coordinates":[[[-111.7625,33.4155],[-111.7625,33.4118],[-111.7617,33.4124],[-111.7542,33.4121],[-111.7537,33.4131],[-111.7537,33.4155],[-111.7625,33.4155]]]}},{"type":"Feature","properties":{"pop":765,"dens":5623.624657612353,"hu":607},"geometry":{"type":"Polygon","coordinates":[[[-111.7624,33.4097],[-111.7625,33.4082],[-111.7538,33.4082],[-111.7537,33.4131],[-111.7542,33.4121],[-111.7617,33.4124],[-111.7625,33.4118],[-111.7624,33.4097]]]}},{"type":"Feature","properties":{"pop":645,"dens":4730.375538789892,"hu":414},"geometry":{"type":"Polygon","coordinates":[[[-111.7537,33.4098],[-111.7538,33.4082],[-111.7467,33.4083],[-111.7515,33.4155],[-111.7537,33.4155],[-111.7537,33.4098]]]}},{"type":"Feature","properties":{"pop":1462,"dens":6572.780046175541,"hu":539},"geometry":{"type":"Polygon","coordinates":[[[-111.7513,33.4155],[-111.7467,33.4083],[-111.7451,33.4083],[-111.7451,33.4127],[-111.7381,33.4123],[-111.738,33.4115],[-111.7364,33.4119],[-111.7364,33.4155],[-111.7513,33.4155]]]}},{"type":"Feature","properties":{"pop":1602,"dens":11494.616069532602,"hu":720},"geometry":{"type":"Polygon","coordinates":[[[-111.7451,33.4091],[-111.7451,33.4083],[-111.7364,33.4083],[-111.7364,33.4119],[-111.738,33.4115],[-111.7381,33.4123],[-111.7451,33.4127],[-111.7451,33.4091]]]}},{"type":"Feature","properties":{"pop":1500,"dens":7952.1768815346695,"hu":547},"geometry":{"type":"Polygon","coordinates":[[[-111.798,33.4298],[-111.7917,33.4226],[-111.7881,33.4227],[-111.788,33.4299],[-111.798,33.4298]]]}},{"type":"Feature","properties":{"pop":509,"dens":2005.6166376726846,"hu":209},"geometry":{"type":"Polygon","coordinates":[[[-111.8053,33.4246],[-111.8053,33.4224],[-111.7984,33.4225],[-111.7981,33.4278],[-111.8016,33.4283],[-111.8017,33.4297],[-111.798,33.4298],[-111.8053,33.4345],[-111.8053,33.4246]]]}},{"type":"Feature","properties":{"pop":1326,"dens":10480.563543698943,"hu":519},"geometry":{"type":"Polygon","coordinates":[[[-111.8017,33.4297],[-111.8016,33.4283],[-111.7981,33.4278],[-111.7984,33.4225],[-111.7917,33.4226],[-111.798,33.4298],[-111.8017,33.4297]]]}},{"type":"Feature","properties":{"pop":1578,"dens":3650.8611370550143,"hu":573},"geometry":{"type":"Polygon","coordinates":[[[-111.8053,33.4346],[-111.798,33.4298],[-111.788,33.4299],[-111.7879,33.4372],[-111.8053,33.437],[-111.8053,33.4346]]]}},{"type":"Feature","properties":{"pop":2068,"dens":8964.406040093932,"hu":718},"geometry":{"type":"Polygon","coordinates":[[[-111.814,33.4304],[-111.814,33.4297],[-111.8131,33.4296],[-111.8053,33.4297],[-111.8053,33.4345],[-111.8098,33.4367],[-111.814,33.4368],[-111.814,33.4304]]]}},{"type":"Feature","properties":{"pop":1683,"dens":7108.942678896368,"hu":535},"geometry":{"type":"Polygon","coordinates":[[[-111.8227,33.4303],[-111.814,33.4297],[-111.814,33.4368],[-111.8226,33.4368],[-111.8227,33.4303]]]}},{"type":"Feature","properties":{"pop":1836,"dens":7296.0235452250445,"hu":639},"geometry":{"type":"Polygon","coordinates":[[[-111.8141,33.4233],[-111.8141,33.4224],[-111.8053,33.4224],[-111.8053,33.4297],[-111.814,33.4297],[-111.8141,33.4233]]]}},{"type":"Feature","properties":{"pop":1957,"dens":7370.969725859721,"hu":665},"geometry":{"type":"Polygon","coordinates":[[[-111.8229,33.4226],[-111.8141,33.4224],[-111.814,33.4297],[-111.8227,33.43],[-111.8229,33.4226]]]}},{"type":"Feature","properties":{"pop":2212,"dens":8958.818069914121,"hu":1234},"geometry":{"type":"Polygon","coordinates":[[[-111.8357,33.4229],[-111.8357,33.4223],[-111.8314,33.4223],[-111.8312,33.4368],[-111.8355,33.4368],[-111.8357,33.4229]]]}},{"type":"Feature","properties":{"pop":1799,"dens":7306.122157501109,"hu":723},"geometry":{"type":"Polygon","coordinates":[[[-111.84,33.426],[-111.8399,33.4224],[-111.8357,33.4223],[-111.8355,33.4368],[-111.8399,33.4368],[-111.84,33.426]]]}},{"type":"Feature","properties":{"pop":1074,"dens":4285.542934810827,"hu":438},"geometry":{"type":"Polygon","coordinates":[[[-111.8314,33.4232],[-111.8314,33.4223],[-111.8229,33.4224],[-111.8227,33.43],[-111.8313,33.4296],[-111.8314,33.4232]]]}},{"type":"Feature","properties":{"pop":1926,"dens":7897.48435206533,"hu":1214},"geometry":{"type":"Polygon","coordinates":[[[-111.8313,33.4304],[-111.8313,33.4296],[-111.8227,33.43],[-111.8226,33.4368],[-111.8312,33.4368],[-111.8313,33.4304]]]}},{"type":"Feature","properties":{"pop":1397,"dens":4783.413667528256,"hu":461},"geometry":{"type":"Polygon","coordinates":[[[-111.8482,33.4523],[-111.8433,33.4509],[-111.8439,33.4441],[-111.8398,33.4442],[-111.8396,33.4572],[-111.8413,33.46],[-111.8482,33.4523]]]}},{"type":"Feature","properties":{"pop":1162,"dens":2869.313715217295,"hu":704},"geometry":{"type":"Polygon","coordinates":[[[-111.8563,33.444],[-111.8562,33.4354],[-111.8544,33.4366],[-111.8531,33.4385],[-111.8489,33.4404],[-111.8475,33.4399],[-111.8475,33.4389],[-111.8456,33.4368],[-111.8399,33.4368],[-111.8398,33.4442],[-111.8563,33.444]]]}},{"type":"Feature","properties":{"pop":1830,"dens":4876.608885513048,"hu":653},"geometry":{"type":"Polygon","coordinates":[[[-111.8567,33.4482],[-111.8563,33.444],[-111.8439,33.4441],[-111.8433,33.4508],[-111.8482,33.4523],[-111.8502,33.4514],[-111.8564,33.4513],[-111.8563,33.4483],[-111.8567,33.4482]]]}},{"type":"Feature","properties":{"pop":1331,"dens":4851.491837189774,"hu":416},"geometry":{"type":"Polygon","coordinates":[[[-111.8562,33.4335],[-111.8562,33.433],[-111.8446,33.4332],[-111.8436,33.435],[-111.8399,33.4352],[-111.8399,33.4368],[-111.8456,33.4368],[-111.8475,33.4389],[-111.8475,33.4399],[-111.8493,33.4403],[-111.8536,33.4381],[-111.8544,33.4366],[-111.8562,33.4354],[-111.8562,33.4335]]]}},{"type":"Feature","properties":{"pop":1679,"dens":8061.273683411997,"hu":645},"geometry":{"type":"Polygon","coordinates":[[[-111.8482,33.4229],[-111.8482,33.4223],[-111.8399,33.4224],[-111.8399,33.4297],[-111.8461,33.4295],[-111.8461,33.4259],[-111.8482,33.4258],[-111.8482,33.4229]]]}},{"type":"Feature","properties":{"pop":1238,"dens":4677.618868207888,"hu":289},"geometry":{"type":"Polygon","coordinates":[[[-111.8564,33.4228],[-111.8564,33.4222],[-111.8482,33.4223],[-111.8482,33.4258],[-111.8461,33.4259],[-111.8461,33.4295],[-111.8563,33.4294],[-111.8564,33.4228]]]}},{"type":"Feature","properties":{"pop":1006,"dens":9779.989505427313,"hu":399},"geometry":{"type":"Polygon","coordinates":[[[-111.8447,33.4309],[-111.8447,33.4296],[-111.8399,33.4297],[-111.8399,33.4352],[-111.844,33.4348],[-111.8447,33.4309]]]}},{"type":"Feature","properties":{"pop":1837,"dens":10931.053970391295,"hu":651},"geometry":{"type":"Polygon","coordinates":[[[-111.8563,33.4311],[-111.8563,33.4294],[-111.8447,33.4296],[-111.8446,33.4332],[-111.8562,33.433],[-111.8563,33.4311]]]}},{"type":"Feature","properties":{"pop":1744,"dens":1140.095577591931,"hu":1120},"geometry":{"type":"Polygon","coordinates":[[[-111.8913,33.4259],[-111.8829,33.4257],[-111.8829,33.4263],[-111.8813,33.4265],[-111.8798,33.4277],[-111.8803,33.4294],[-111.8669,33.4294],[-111.863,33.4321],[-111.8581,33.434],[-111.8562,33.4354],[-111.8567,33.4482],[-111.8611,33.4477],[-111.8611,33.4466],[-111.8654,33.4441],[-111.8746,33.4368],[-111.8911,33.4368],[-111.8913,33.4259]]]}},{"type":"Feature","properties":{"pop":2653,"dens":13048.464637007408,"hu":1303},"geometry":{"type":"Polygon","coordinates":[[[-111.883,33.4223],[-111.8772,33.4221],[-111.8743,33.4244],[-111.8743,33.4294],[-111.8803,33.4294],[-111.8798,33.4277],[-111.8813,33.4265],[-111.8829,33.4263],[-111.883,33.4223]]]}},{"type":"Feature","properties":{"pop":699,"dens":8826.725066617386,"hu":281},"geometry":{"type":"Polygon","coordinates":[[[-111.8743,33.4245],[-111.8669,33.4294],[-111.8743,33.4294],[-111.8743,33.4245]]]}},{"type":"Feature","properties":{"pop":1483,"dens":5770.194604787899,"hu":704},"geometry":{"type":"Polygon","coordinates":[[[-111.8654,33.4224],[-111.8564,33.4222],[-111.8563,33.4294],[-111.8651,33.4294],[-111.8654,33.4224]]]}},{"type":"Feature","properties":{"pop":1765,"dens":8946.472126519744,"hu":578},"geometry":{"type":"Polygon","coordinates":[[[-111.8771,33.4223],[-111.8654,33.4222],[-111.8651,33.4294],[-111.8669,33.4294],[-111.8771,33.4223]]]}},{"type":"Feature","properties":{"pop":850,"dens":6441.758267320629,"hu":332},"geometry":{"type":"Polygon","coordinates":[[[-111.8668,33.4295],[-111.8563,33.4294],[-111.8562,33.4354],[-111.8581,33.434],[-111.863,33.4321],[-111.8668,33.4295]]]}},{"type":"Feature","properties":{"pop":3064,"dens":12736.412164213994,"hu":864},"geometry":{"type":"Polygon","coordinates":[[[-111.8483,33.4156],[-111.8483,33.415],[-111.8399,33.4151],[-111.8399,33.4224],[-111.8482,33.4223],[-111.8483,33.4156]]]}},{"type":"Feature","properties":{"pop":2460,"dens":10336.151958733757,"hu":1194},"geometry":{"type":"Polygon","coordinates":[[[-111.8566,33.4154],[-111.8566,33.4149],[-111.8483,33.415],[-111.8482,33.4223],[-111.8564,33.4222],[-111.8566,33.4154]]]}},{"type":"Feature","properties":{"pop":367,"dens":1522.5224089386725,"hu":262},"geometry":{"type":"Polygon","coordinates":[[[-111.8567,33.4081],[-111.8567,33.4076],[-111.8484,33.4077],[-111.8483,33.415],[-111.8566,33.4149],[-111.8567,33.4081]]]}},{"type":"Feature","properties":{"pop":393,"dens":1607.4591151802795,"hu":160},"geometry":{"type":"Polygon","coordinates":[[[-111.8483,33.4109],[-111.8484,33.4077],[-111.84,33.4079],[-111.8399,33.4151],[-111.8483,33.415],[-111.8483,33.4109]]]}},{"type":"Feature","properties":{"pop":1821,"dens":5831.069487413067,"hu":629},"geometry":{"type":"Polygon","coordinates":[[[-111.8847,33.4148],[-111.87,33.4149],[-111.8699,33.4221],[-111.8772,33.4221],[-111.8786,33.42],[-111.8847,33.4148]]]}},{"type":"Feature","properties":{"pop":1550,"dens":6349.992245828605,"hu":513},"geometry":{"type":"Polygon","coordinates":[[[-111.87,33.4156],[-111.87,33.4149],[-111.8566,33.4149],[-111.8565,33.4181],[-111.8654,33.4181],[-111.8653,33.4222],[-111.8699,33.4221],[-111.87,33.4156]]]}},{"type":"Feature","properties":{"pop":1989,"dens":13842.702682965555,"hu":806},"geometry":{"type":"Polygon","coordinates":[[[-111.8654,33.4183],[-111.8565,33.4181],[-111.8564,33.4222],[-111.8653,33.4222],[-111.8654,33.4183]]]}},{"type":"Feature","properties":{"pop":1081,"dens":21535.921051040797,"hu":587},"geometry":{"type":"Polygon","coordinates":[[[-111.8883,33.4111],[-111.8828,33.4112],[-111.883,33.4148],[-111.8847,33.4148],[-111.8883,33.4111]]]}},{"type":"Feature","properties":{"pop":1938,"dens":2286.635922896462,"hu":1013},"geometry":{"type":"Polygon","coordinates":[[[-111.8889,33.4093],[-111.8884,33.4075],[-111.8567,33.4076],[-111.8566,33.4149],[-111.883,33.4148],[-111.8828,33.4112],[-111.8883,33.4111],[-111.8889,33.4093]]]}},{"type":"Feature","properties":{"pop":431,"dens":1748.5601119956623,"hu":314},"geometry":{"type":"Polygon","coordinates":[[[-111.8315,33.4162],[-111.8315,33.4151],[-111.8229,33.4151],[-111.8229,33.4224],[-111.8314,33.4223],[-111.8315,33.4162]]]}},{"type":"Feature","properties":{"pop":386,"dens":1564.073904803947,"hu":219},"geometry":{"type":"Polygon","coordinates":[[[-111.8315,33.4087],[-111.8315,33.4078],[-111.823,33.4078],[-111.8229,33.4151],[-111.8315,33.4151],[-111.8315,33.4087]]]}},{"type":"Feature","properties":{"pop":678,"dens":2790.9599947906236,"hu":351},"geometry":{"type":"Polygon","coordinates":[[[-111.84,33.4082],[-111.8315,33.4078],[-111.8315,33.4151],[-111.8399,33.4151],[-111.84,33.4082]]]}},{"type":"Feature","properties":{"pop":985,"dens":4019.699792684385,"hu":647},"geometry":{"type":"Polygon","coordinates":[[[-111.84,33.4176],[-111.8399,33.4151],[-111.8315,33.4151],[-111.8314,33.4223],[-111.8399,33.4224],[-111.84,33.4176]]]}},{"type":"Feature","properties":{"pop":853,"dens":6605.409368242717,"hu":408},"geometry":{"type":"Polygon","coordinates":[[[-111.823,33.4089],[-111.823,33.4078],[-111.8186,33.4078],[-111.8185,33.4151],[-111.8229,33.4151],[-111.823,33.4089]]]}},{"type":"Feature","properties":{"pop":1076,"dens":5641.207903577852,"hu":375},"geometry":{"type":"Polygon","coordinates":[[[-111.8185,33.4116],[-111.8053,33.4115],[-111.8053,33.4152],[-111.8185,33.4151],[-111.8185,33.4116]]]}},{"type":"Feature","properties":{"pop":1718,"dens":8978.355195439099,"hu":603},"geometry":{"type":"Polygon","coordinates":[[[-111.8185,33.4096],[-111.8186,33.4078],[-111.8053,33.4079],[-111.8053,33.4115],[-111.8184,33.4114],[-111.8185,33.4096]]]}},{"type":"Feature","properties":{"pop":1749,"dens":6893.176610710109,"hu":626},"geometry":{"type":"Polygon","coordinates":[[[-111.8141,33.416],[-111.8141,33.4151],[-111.8053,33.4152],[-111.8053,33.4224],[-111.8141,33.4224],[-111.8141,33.416]]]}},{"type":"Feature","properties":{"pop":1514,"dens":5908.203045557168,"hu":548},"geometry":{"type":"Polygon","coordinates":[[[-111.8229,33.4172],[-111.8229,33.4151],[-111.8141,33.4151],[-111.8141,33.4224],[-111.8229,33.4224],[-111.8229,33.4172]]]}},{"type":"Feature","properties":{"pop":2563,"dens":10116.163507452347,"hu":759},"geometry":{"type":"Polygon","coordinates":[[[-111.7972,33.4205],[-111.7966,33.4192],[-111.7968,33.4153],[-111.7882,33.4154],[-111.7881,33.4227],[-111.7972,33.4225],[-111.7972,33.4205]]]}},{"type":"Feature","properties":{"pop":1445,"dens":6017.289228608864,"hu":413},"geometry":{"type":"Polygon","coordinates":[[[-111.8053,33.4174],[-111.8053,33.4152],[-111.7968,33.4153],[-111.7966,33.4192],[-111.7972,33.4198],[-111.7972,33.4225],[-111.8053,33.4224],[-111.8053,33.4174]]]}},{"type":"Feature","properties":{"pop":2295,"dens":11021.988491901726,"hu":670},"geometry":{"type":"Polygon","coordinates":[[[-111.8053,33.413],[-111.8053,33.4124],[-111.7997,33.4125],[-111.7997,33.408],[-111.795,33.408],[-111.7944,33.4153],[-111.8053,33.4152],[-111.8053,33.413]]]}},{"type":"Feature","properties":{"pop":792,"dens":4312.4771624837895,"hu":283},"geometry":{"type":"Polygon","coordinates":[[[-111.795,33.4094],[-111.795,33.408],[-111.7883,33.4081],[-111.7882,33.4154],[-111.7944,33.4153],[-111.795,33.4094]]]}},{"type":"Feature","properties":{"pop":1613,"dens":15925.994975841602,"hu":519},"geometry":{"type":"Polygon","coordinates":[[[-111.8053,33.4088],[-111.8053,33.4079],[-111.7997,33.408],[-111.7997,33.4125],[-111.8053,33.4124],[-111.8053,33.4088]]]}},{"type":"Feature","properties":{"pop":1867,"dens":11869.458829151334,"hu":988},"geometry":{"type":"Polygon","coordinates":[[[-111.7882,33.4159],[-111.7882,33.4154],[-111.7826,33.4154],[-111.783,33.4227],[-111.7881,33.4227],[-111.7882,33.4159]]]}},{"type":"Feature","properties":{"pop":2092,"dens":10279.705145706317,"hu":1100},"geometry":{"type":"Polygon","coordinates":[[[-111.783,33.42],[-111.7826,33.4154],[-111.7739,33.4154],[-111.7738,33.4172],[-111.7749,33.4172],[-111.7753,33.4194],[-111.7766,33.4194],[-111.7775,33.4227],[-111.783,33.4227],[-111.783,33.42]]]}},{"type":"Feature","properties":{"pop":592,"dens":4416.654100620874,"hu":269},"geometry":{"type":"Polygon","coordinates":[[[-111.7775,33.4227],[-111.7766,33.4194],[-111.7753,33.4194],[-111.7749,33.4172],[-111.7738,33.4172],[-111.7739,33.4154],[-111.7711,33.4155],[-111.771,33.4227],[-111.7775,33.4227]]]}},{"type":"Feature","properties":{"pop":810,"dens":5246.420045541648,"hu":545},"geometry":{"type":"Polygon","coordinates":[[[-111.7776,33.4154],[-111.7774,33.4122],[-111.7746,33.4097],[-111.7742,33.4082],[-111.7711,33.4082],[-111.7711,33.4155],[-111.7776,33.4154]]]}},{"type":"Feature","properties":{"pop":2307,"dens":10296.77575334949,"hu":683},"geometry":{"type":"Polygon","coordinates":[[[-111.7883,33.4088],[-111.7883,33.4081],[-111.7762,33.4081],[-111.7842,33.4154],[-111.7882,33.4154],[-111.7883,33.4088]]]}},{"type":"Feature","properties":{"pop":1174,"dens":9798.571290984406,"hu":575},"geometry":{"type":"Polygon","coordinates":[[[-111.7841,33.4154],[-111.7775,33.409],[-111.7762,33.4081],[-111.7742,33.4082],[-111.7746,33.4097],[-111.7774,33.4122],[-111.7776,33.4154],[-111.7841,33.4154]]]}},{"type":"Feature","properties":{"pop":1117,"dens":4505.936068817194,"hu":300},"geometry":{"type":"Polygon","coordinates":[[[-111.7969,33.394],[-111.7969,33.3935],[-111.7883,33.3936],[-111.7883,33.4008],[-111.7968,33.4007],[-111.7969,33.394]]]}},{"type":"Feature","properties":{"pop":1747,"dens":7074.245538526921,"hu":509},"geometry":{"type":"Polygon","coordinates":[[[-111.8055,33.3935],[-111.7969,33.3935],[-111.7968,33.4007],[-111.8054,33.4006],[-111.8055,33.3935]]]}},{"type":"Feature","properties":{"pop":1859,"dens":19631.00610877482,"hu":483},"geometry":{"type":"Polygon","coordinates":[[[-111.7947,33.4057],[-111.7947,33.4042],[-111.7883,33.4045],[-111.7883,33.4081],[-111.7947,33.408],[-111.7947,33.4057]]]}},{"type":"Feature","properties":{"pop":2426,"dens":9910.561051702156,"hu":717},"geometry":{"type":"Polygon","coordinates":[[[-111.8054,33.4025],[-111.8054,33.4006],[-111.7883,33.4008],[-111.7883,33.4045],[-111.8053,33.4043],[-111.8054,33.4025]]]}},{"type":"Feature","properties":{"pop":849,"dens":5455.477737029663,"hu":281},"geometry":{"type":"Polygon","coordinates":[[[-111.8053,33.4055],[-111.8053,33.4043],[-111.7947,33.4042],[-111.7947,33.408],[-111.8053,33.4079],[-111.8053,33.4055]]]}},{"type":"Feature","properties":{"pop":2159,"dens":8570.607287977557,"hu":690},"geometry":{"type":"Polygon","coordinates":[[[-111.8142,33.3942],[-111.8142,33.3934],[-111.8054,33.3934],[-111.8054,33.4006],[-111.8142,33.4006],[-111.8142,33.3942]]]}},{"type":"Feature","properties":{"pop":1822,"dens":7186.613167290537,"hu":596},"geometry":{"type":"Polygon","coordinates":[[[-111.8229,33.4006],[-111.8229,33.3933],[-111.8142,33.3934],[-111.8142,33.4006],[-111.8229,33.4006]]]}},{"type":"Feature","properties":{"pop":936,"dens":7318.755122561265,"hu":249},"geometry":{"type":"Polygon","coordinates":[[[-111.8141,33.4078],[-111.8141,33.4042],[-111.8053,33.4043],[-111.8053,33.4079],[-111.8141,33.4078]]]}},{"type":"Feature","properties":{"pop":2355,"dens":15678.239427732748,"hu":660},"geometry":{"type":"Polygon","coordinates":[[[-111.8229,33.402],[-111.8229,33.4006],[-111.8142,33.4006],[-111.8141,33.4078],[-111.8186,33.4078],[-111.8186,33.402],[-111.8229,33.402]]]}},{"type":"Feature","properties":{"pop":1459,"dens":11472.477499512166,"hu":372},"geometry":{"type":"Polygon","coordinates":[[[-111.8142,33.4028],[-111.8142,33.4006],[-111.8054,33.4006],[-111.8053,33.4043],[-111.8141,33.4042],[-111.8142,33.4028]]]}},{"type":"Feature","properties":{"pop":1788,"dens":17520.40496807805,"hu":631},"geometry":{"type":"Polygon","coordinates":[[[-111.823,33.4078],[-111.8229,33.402],[-111.8186,33.402],[-111.8186,33.4078],[-111.823,33.4078]]]}},{"type":"Feature","properties":{"pop":2457,"dens":10167.951668407904,"hu":735},"geometry":{"type":"Polygon","coordinates":[[[-111.8315,33.4059],[-111.8315,33.4005],[-111.8229,33.401],[-111.823,33.4078],[-111.8315,33.4078],[-111.8315,33.4059]]]}},{"type":"Feature","properties":{"pop":2201,"dens":8869.798853831484,"hu":679},"geometry":{"type":"Polygon","coordinates":[[[-111.8401,33.4015],[-111.8401,33.4006],[-111.8315,33.4005],[-111.8315,33.4078],[-111.84,33.4079],[-111.8401,33.4015]]]}},{"type":"Feature","properties":{"pop":1483,"dens":9303.020234908068,"hu":489},"geometry":{"type":"Polygon","coordinates":[[[-111.8401,33.3963],[-111.8401,33.3933],[-111.8317,33.3933],[-111.8315,33.4005],[-111.8342,33.4006],[-111.8342,33.397],[-111.8401,33.397],[-111.8401,33.3963]]]}},{"type":"Feature","properties":{"pop":1166,"dens":4572.089776818461,"hu":340},"geometry":{"type":"Polygon","coordinates":[[[-111.8317,33.3938],[-111.8317,33.3933],[-111.8229,33.3933],[-111.8229,33.401],[-111.8315,33.4005],[-111.8317,33.3938]]]}},{"type":"Feature","properties":{"pop":1255,"dens":14848.517021718826,"hu":668},"geometry":{"type":"Polygon","coordinates":[[[-111.8401,33.3986],[-111.8401,33.397],[-111.8342,33.397],[-111.8342,33.4006],[-111.8401,33.4006],[-111.8401,33.3986]]]}},{"type":"Feature","properties":{"pop":1227,"dens":8468.338527601427,"hu":492},"geometry":{"type":"Polygon","coordinates":[[[-111.8657,33.4037],[-111.8569,33.4035],[-111.8567,33.4076],[-111.8656,33.4076],[-111.8657,33.4037]]]}},{"type":"Feature","properties":{"pop":2126,"dens":10534.11051927947,"hu":532},"geometry":{"type":"Polygon","coordinates":[[[-111.8698,33.4015],[-111.8698,33.4008],[-111.857,33.4003],[-111.8569,33.4035],[-111.8657,33.4035],[-111.8656,33.4076],[-111.8682,33.4076],[-111.8682,33.4065],[-111.8697,33.4064],[-111.8698,33.4015]]]}},{"type":"Feature","properties":{"pop":1471,"dens":10148.43601715661,"hu":823},"geometry":{"type":"Polygon","coordinates":[[[-111.8746,33.402],[-111.8746,33.4003],[-111.8698,33.4008],[-111.8697,33.4064],[-111.8682,33.4065],[-111.8682,33.4076],[-111.8745,33.4076],[-111.8746,33.402]]]}},{"type":"Feature","properties":{"pop":1914,"dens":17820.33080793291,"hu":1186},"geometry":{"type":"Polygon","coordinates":[[[-111.8703,33.395],[-111.8702,33.3931],[-111.8637,33.3931],[-111.864,33.3946],[-111.8657,33.3962],[-111.8658,33.3985],[-111.8698,33.3985],[-111.8703,33.395]]]}},{"type":"Feature","properties":{"pop":1427,"dens":18155.33447870189,"hu":721},"geometry":{"type":"Polygon","coordinates":[[[-111.8746,33.3985],[-111.8681,33.3981],[-111.8658,33.3985],[-111.8658,33.4008],[-111.8746,33.4003],[-111.8746,33.3985]]]}},{"type":"Feature","properties":{"pop":1186,"dens":12562.97730501463,"hu":708},"geometry":{"type":"Polygon","coordinates":[[[-111.8746,33.3934],[-111.8702,33.3931],[-111.8698,33.3985],[-111.8746,33.3983],[-111.8746,33.3934]]]}},{"type":"Feature","properties":{"pop":655,"dens":14874.981407511503,"hu":454},"geometry":{"type":"Polygon","coordinates":[[[-111.8799,33.4067],[-111.8801,33.4058],[-111.8787,33.4058],[-111.8787,33.4049],[-111.8778,33.4049],[-111.8774,33.4059],[-111.8768,33.4059],[-111.8766,33.4049],[-111.8746,33.405],[-111.8745,33.4076],[-111.8781,33.4076],[-111.8781,33.407],[-111.8799,33.4067]]]}},{"type":"Feature","properties":{"pop":1810,"dens":20405.628627555336,"hu":736},"geometry":{"type":"Polygon","coordinates":[[[-111.8782,33.3958],[-111.8782,33.393],[-111.8746,33.3931],[-111.8746,33.4003],[-111.8774,33.4003],[-111.8773,33.396],[-111.8782,33.3958]]]}},{"type":"Feature","properties":{"pop":1010,"dens":7032.899947444176,"hu":454},"geometry":{"type":"Polygon","coordinates":[[[-111.8849,33.4],[-111.8801,33.393],[-111.8782,33.393],[-111.8782,33.3959],[-111.8773,33.396],[-111.8774,33.4003],[-111.8849,33.4]]]}},{"type":"Feature","properties":{"pop":910,"dens":5248.502036773758,"hu":305},"geometry":{"type":"Polygon","coordinates":[[[-111.8882,33.4075],[-111.885,33.4],[-111.8809,33.4003],[-111.8809,33.4019],[-111.8802,33.4019],[-111.8805,33.4036],[-111.8811,33.4039],[-111.8811,33.4076],[-111.8882,33.4075]]]}},{"type":"Feature","properties":{"pop":2217,"dens":16041.48990775014,"hu":841},"geometry":{"type":"Polygon","coordinates":[[[-111.8811,33.4044],[-111.8802,33.4019],[-111.8809,33.4019],[-111.8809,33.4003],[-111.8746,33.4003],[-111.8746,33.405],[-111.8766,33.4049],[-111.8768,33.4059],[-111.8774,33.4059],[-111.8778,33.4049],[-111.8787,33.4049],[-111.8787,33.4058],[-111.8801,33.4058],[-111.8799,33.4067],[-111.8781,33.407],[-111.8781,33.4076],[-111.8811,33.4076],[-111.8811,33.4044]]]}},{"type":"Feature","properties":{"pop":2034,"dens":8263.65966643276,"hu":664},"geometry":{"type":"Polygon","coordinates":[[[-111.8487,33.3934],[-111.8401,33.3933],[-111.8401,33.4006],[-111.8485,33.4005],[-111.8487,33.3934]]]}},{"type":"Feature","properties":{"pop":1761,"dens":7137.93396886136,"hu":739},"geometry":{"type":"Polygon","coordinates":[[[-111.8572,33.3935],[-111.8487,33.3932],[-111.8485,33.4005],[-111.857,33.4003],[-111.8572,33.3935]]]}},{"type":"Feature","properties":{"pop":2927,"dens":12021.66056387583,"hu":1332},"geometry":{"type":"Polygon","coordinates":[[[-111.8569,33.402],[-111.857,33.4003],[-111.8485,33.4005],[-111.8484,33.4077],[-111.8567,33.4076],[-111.8569,33.402]]]}},{"type":"Feature","properties":{"pop":2116,"dens":17245.22926142843,"hu":729},"geometry":{"type":"Polygon","coordinates":[[[-111.8443,33.4051],[-111.8443,33.4005],[-111.8401,33.4006],[-111.84,33.4079],[-111.8443,33.4078],[-111.8443,33.4051]]]}},{"type":"Feature","properties":{"pop":1804,"dens":15052.02780169559,"hu":485},"geometry":{"type":"Polygon","coordinates":[[[-111.8485,33.4012],[-111.8485,33.4005],[-111.8443,33.4005],[-111.8443,33.4078],[-111.8484,33.4077],[-111.8485,33.4012]]]}},{"type":"Feature","properties":{"pop":2833,"dens":20464.614085407033,"hu":1360},"geometry":{"type":"Polygon","coordinates":[[[-111.8658,33.3968],[-111.8571,33.3967],[-111.857,33.4003],[-111.8658,33.4008],[-111.8658,33.3968]]]}},{"type":"Feature","properties":{"pop":1253,"dens":11735.185252127267,"hu":658},"geometry":{"type":"Polygon","coordinates":[[[-111.8658,33.3967],[-111.8639,33.3945],[-111.8637,33.3931],[-111.8572,33.3931],[-111.8571,33.3967],[-111.8658,33.3967]]]}},{"type":"Feature","properties":{"pop":3247,"dens":6572.16438191991,"hu":1680},"geometry":{"type":"Polygon","coordinates":[[[-111.8487,33.38],[-111.8488,33.3788],[-111.8411,33.3788],[-111.8407,33.3793],[-111.8401,33.3812],[-111.8401,33.3933],[-111.8487,33.3932],[-111.8487,33.38]]]}},{"type":"Feature","properties":{"pop":693,"dens":2041.351725733602,"hu":369},"geometry":{"type":"Polygon","coordinates":[[[-111.8576,33.3837],[-111.8567,33.3829],[-111.8557,33.3834],[-111.8529,33.3831],[-111.8519,33.3837],[-111.8487,33.3832],[-111.8487,33.3932],[-111.8572,33.3931],[-111.8576,33.3837]]]}},{"type":"Feature","properties":{"pop":1109,"dens":5888.248770819772,"hu":451},"geometry":{"type":"Polygon","coordinates":[[[-111.8598,33.3794],[-111.8598,33.3787],[-111.8488,33.3788],[-111.8487,33.3832],[-111.8519,33.3837],[-111.8529,33.3831],[-111.8557,33.3834],[-111.8567,33.3829],[-111.8578,33.3834],[-111.8598,33.3794]]]}},{"type":"Feature","properties":{"pop":1847,"dens":4250.116096743636,"hu":927},"geometry":{"type":"Polygon","coordinates":[[[-111.869,33.3818],[-111.8688,33.3786],[-111.8598,33.3787],[-111.8594,33.3809],[-111.8575,33.3843],[-111.8572,33.3931],[-111.8637,33.3931],[-111.864,33.3847],[-111.8651,33.3836],[-111.8679,33.3832],[-111.869,33.3818]]]}},{"type":"Feature","properties":{"pop":1092,"dens":1928.838964809091,"hu":521},"geometry":{"type":"Polygon","coordinates":[[[-111.8777,33.379],[-111.8777,33.3786],[-111.8688,33.3786],[-111.8686,33.3827],[-111.8674,33.3834],[-111.8649,33.3837],[-111.864,33.3847],[-111.8637,33.3931],[-111.8746,33.3931],[-111.8747,33.3845],[-111.8777,33.379]]]}},{"type":"Feature","properties":{"pop":1422,"dens":2653.6164677765646,"hu":622},"geometry":{"type":"Polygon","coordinates":[[[-111.8932,33.3789],[-111.8932,33.3785],[-111.8777,33.3786],[-111.8747,33.3845],[-111.8746,33.3931],[-111.8801,33.393],[-111.8798,33.388],[-111.8803,33.386],[-111.8871,33.384],[-111.8923,33.3813],[-111.8932,33.3789]]]}},{"type":"Feature","properties":{"pop":1518,"dens":6545.380678298472,"hu":569},"geometry":{"type":"Polygon","coordinates":[[[-111.8591,33.3497],[-111.859,33.3429],[-111.8529,33.343],[-111.8492,33.3441],[-111.8507,33.3468],[-111.8511,33.3497],[-111.8591,33.3497]]]}},{"type":"Feature","properties":{"pop":1883,"dens":7205.316729936796,"hu":799},"geometry":{"type":"Polygon","coordinates":[[[-111.8532,33.3429],[-111.8528,33.3409],[-111.8461,33.3432],[-111.8417,33.3436],[-111.8418,33.3497],[-111.8511,33.3497],[-111.8507,33.3468],[-111.8492,33.3441],[-111.8532,33.3429]]]}},{"type":"Feature","properties":{"pop":744,"dens":4055.729487202298,"hu":234},"geometry":{"type":"Polygon","coordinates":[[[-111.859,33.3378],[-111.8591,33.3351],[-111.8538,33.3351],[-111.8525,33.3397],[-111.8532,33.3429],[-111.859,33.3429],[-111.859,33.3378]]]}},{"type":"Feature","properties":{"pop":498,"dens":3041.397140722994,"hu":346},"geometry":{"type":"Polygon","coordinates":[[[-111.8538,33.3357],[-111.8538,33.3351],[-111.8417,33.3351],[-111.8417,33.3395],[-111.8466,33.3395],[-111.8472,33.3377],[-111.8532,33.3378],[-111.8538,33.3357]]]}},{"type":"Feature","properties":{"pop":2088,"dens":12409.411861861674,"hu":872},"geometry":{"type":"Polygon","coordinates":[[[-111.8532,33.3378],[-111.8472,33.3377],[-111.8466,33.3395],[-111.8417,33.3395],[-111.8417,33.3436],[-111.8461,33.3432],[-111.8528,33.3409],[-111.8532,33.3378]]]}},{"type":"Feature","properties":{"pop":2525,"dens":6039.982675376879,"hu":932},"geometry":{"type":"Polygon","coordinates":[[[-111.8765,33.3495],[-111.8764,33.3351],[-111.8672,33.3351],[-111.8673,33.3411],[-111.8696,33.3421],[-111.8698,33.3443],[-111.8708,33.3444],[-111.8719,33.3496],[-111.8765,33.3495]]]}},{"type":"Feature","properties":{"pop":2148,"dens":5739.331639135215,"hu":690},"geometry":{"type":"Polygon","coordinates":[[[-111.8719,33.3496],[-111.8708,33.3444],[-111.8698,33.3443],[-111.8697,33.3424],[-111.8688,33.3413],[-111.859,33.342],[-111.8591,33.3497],[-111.8719,33.3496]]]}},{"type":"Feature","properties":{"pop":896,"dens":4155.4327150011595,"hu":363},"geometry":{"type":"Polygon","coordinates":[[[-111.8673,33.3411],[-111.8672,33.3351],[-111.8591,33.3351],[-111.859,33.342],[-111.8645,33.342],[-111.8673,33.3411]]]}},{"type":"Feature","properties":{"pop":1065,"dens":2164.562606815077,"hu":408},"geometry":{"type":"Polygon","coordinates":[[[-111.8936,33.343],[-111.8931,33.3349],[-111.8764,33.3351],[-111.8764,33.3423],[-111.8895,33.3421],[-111.8936,33.343]]]}},{"type":"Feature","properties":{"pop":1591,"dens":3244.40313420675,"hu":750},"geometry":{"type":"Polygon","coordinates":[[[-111.8939,33.3494],[-111.8936,33.343],[-111.8895,33.3421],[-111.8764,33.3423],[-111.8765,33.3495],[-111.8939,33.3494]]]}},{"type":"Feature","properties":{"pop":1662,"dens":6957.250128877789,"hu":773},"geometry":{"type":"Polygon","coordinates":[[[-111.8909,33.3765],[-111.8904,33.3752],[-111.8877,33.373],[-111.886,33.3734],[-111.8851,33.3744],[-111.882,33.3721],[-111.8803,33.3719],[-111.88,33.374],[-111.8777,33.3786],[-111.8905,33.3785],[-111.8909,33.3765]]]}},{"type":"Feature","properties":{"pop":1805,"dens":4159.786726671098,"hu":704},"geometry":{"type":"Polygon","coordinates":[[[-111.8919,33.3725],[-111.8913,33.3677],[-111.8895,33.3664],[-111.8855,33.3659],[-111.8855,33.3639],[-111.8766,33.3641],[-111.877,33.3665],[-111.8803,33.3719],[-111.882,33.3721],[-111.8851,33.3744],[-111.886,33.3734],[-111.8877,33.373],[-111.8901,33.3749],[-111.8919,33.3725]]]}},{"type":"Feature","properties":{"pop":911,"dens":4546.892457420562,"hu":320},"geometry":{"type":"Polygon","coordinates":[[[-111.8941,33.3639],[-111.8855,33.3639],[-111.8855,33.3659],[-111.8899,33.3666],[-111.8917,33.3683],[-111.8918,33.3728],[-111.8901,33.3749],[-111.8909,33.3761],[-111.8905,33.3785],[-111.8932,33.3785],[-111.8941,33.3639]]]}},{"type":"Feature","properties":{"pop":1201,"dens":5671.322962866201,"hu":443},"geometry":{"type":"Polygon","coordinates":[[[-111.8849,33.364],[-111.8847,33.3576],[-111.8765,33.3576],[-111.8766,33.3641],[-111.8849,33.364]]]}},{"type":"Feature","properties":{"pop":1537,"dens":5246.886661396702,"hu":535},"geometry":{"type":"Polygon","coordinates":[[[-111.8945,33.3572],[-111.8945,33.3567],[-111.8765,33.3569],[-111.8765,33.3576],[-111.8847,33.3576],[-111.8849,33.364],[-111.8941,33.3638],[-111.8945,33.3572]]]}},{"type":"Feature","properties":{"pop":1996,"dens":3988.094916561454,"hu":821},"geometry":{"type":"Polygon","coordinates":[[[-111.8766,33.3632],[-111.8765,33.3569],[-111.8591,33.357],[-111.8591,33.3642],[-111.8766,33.3641],[-111.8766,33.3632]]]}},{"type":"Feature","properties":{"pop":872,"dens":5147.22908565283,"hu":290},"geometry":{"type":"Polygon","coordinates":[[[-111.8515,33.3644],[-111.8418,33.3642],[-111.842,33.3687],[-111.8487,33.3695],[-111.8487,33.3675],[-111.8514,33.3682],[-111.8515,33.3644]]]}},{"type":"Feature","properties":{"pop":1406,"dens":6226.2229619268965,"hu":445},"geometry":{"type":"Polygon","coordinates":[[[-111.8594,33.3715],[-111.8591,33.3642],[-111.8515,33.3642],[-111.8513,33.3715],[-111.8594,33.3715]]]}},{"type":"Feature","properties":{"pop":2371,"dens":8896.013312362691,"hu":810},"geometry":{"type":"Polygon","coordinates":[[[-111.8598,33.3787],[-111.8594,33.3715],[-111.8513,33.3715],[-111.8513,33.3742],[-111.8491,33.377],[-111.8488,33.3788],[-111.8598,33.3787]]]}},{"type":"Feature","properties":{"pop":1291,"dens":3756.0949866856663,"hu":534},"geometry":{"type":"Polygon","coordinates":[[[-111.8515,33.3731],[-111.8514,33.3682],[-111.8487,33.3675],[-111.8487,33.3695],[-111.842,33.3687],[-111.8423,33.3762],[-111.8411,33.3788],[-111.8488,33.3788],[-111.849,33.3772],[-111.851,33.3749],[-111.8515,33.3731]]]}},{"type":"Feature","properties":{"pop":2241,"dens":7996.506076394383,"hu":1062},"geometry":{"type":"Polygon","coordinates":[[[-111.8515,33.3586],[-111.8515,33.357],[-111.8418,33.357],[-111.8418,33.3642],[-111.8515,33.3642],[-111.8515,33.3586]]]}},{"type":"Feature","properties":{"pop":1348,"dens":6193.316702762394,"hu":572},"geometry":{"type":"Polygon","coordinates":[[[-111.8591,33.3571],[-111.8515,33.357],[-111.8515,33.3642],[-111.8591,33.3642],[-111.8591,33.3571]]]}},{"type":"Feature","properties":{"pop":1041,"dens":4908.067557556488,"hu":374},"geometry":{"type":"Polygon","coordinates":[[[-111.8868,33.3553],[-111.886,33.3539],[-111.8832,33.3537],[-111.8819,33.3529],[-111.8813,33.3495],[-111.8765,33.3495],[-111.8765,33.3569],[-111.8868,33.3568],[-111.8868,33.3553]]]}},{"type":"Feature","properties":{"pop":1831,"dens":5888.581863108238,"hu":750},"geometry":{"type":"Polygon","coordinates":[[[-111.8946,33.3565],[-111.8939,33.3494],[-111.8813,33.3495],[-111.8818,33.3528],[-111.883,33.3536],[-111.8863,33.354],[-111.8868,33.3568],[-111.8946,33.3565]]]}},{"type":"Feature","properties":{"pop":1140,"dens":6915.352216994957,"hu":444},"geometry":{"type":"Polygon","coordinates":[[[-111.87,33.3507],[-111.8699,33.3496],[-111.8591,33.3497],[-111.8591,33.3532],[-111.8683,33.3541],[-111.87,33.3507]]]}},{"type":"Feature","properties":{"pop":1876,"dens":5475.175404575679,"hu":829},"geometry":{"type":"Polygon","coordinates":[[[-111.8765,33.3569],[-111.8765,33.3495],[-111.8699,33.3496],[-111.8697,33.3521],[-111.8683,33.3541],[-111.8591,33.3532],[-111.8591,33.357],[-111.8765,33.3569]]]}},{"type":"Feature","properties":{"pop":814,"dens":2683.441918007381,"hu":361},"geometry":{"type":"Polygon","coordinates":[[[-111.8591,33.3555],[-111.8591,33.354],[-111.8532,33.3552],[-111.8507,33.3547],[-111.849,33.3527],[-111.8487,33.3497],[-111.8418,33.3497],[-111.8418,33.357],[-111.8591,33.357],[-111.8591,33.3555]]]}},{"type":"Feature","properties":{"pop":1182,"dens":5979.215959764423,"hu":391},"geometry":{"type":"Polygon","coordinates":[[[-111.8591,33.3529],[-111.8591,33.3497],[-111.8487,33.3497],[-111.8493,33.3532],[-111.8515,33.3551],[-111.8591,33.354],[-111.8591,33.3529]]]}},{"type":"Feature","properties":{"pop":1399,"dens":3489.631500330669,"hu":934},"geometry":{"type":"Polygon","coordinates":[[[-111.8803,33.3726],[-111.8798,33.3705],[-111.8776,33.3674],[-111.8751,33.3675],[-111.8748,33.3687],[-111.8721,33.3688],[-111.8705,33.3702],[-111.8684,33.3677],[-111.8663,33.3668],[-111.865,33.3681],[-111.8649,33.3686],[-111.8672,33.3698],[-111.8664,33.3704],[-111.8646,33.374],[-111.8658,33.3748],[-111.8686,33.3755],[-111.8715,33.3749],[-111.8718,33.3757],[-111.8726,33.3756],[-111.8727,33.3747],[-111.8735,33.3755],[-111.8759,33.3753],[-111.8785,33.3764],[-111.8803,33.3726]]]}},{"type":"Feature","properties":{"pop":980,"dens":6085.267619562371,"hu":369},"geometry":{"type":"Polygon","coordinates":[[[-111.8776,33.3674],[-111.8766,33.3641],[-111.8678,33.3642],[-111.8676,33.3674],[-111.8704,33.3702],[-111.8721,33.3688],[-111.8748,33.3687],[-111.8751,33.3675],[-111.8776,33.3674]]]}},{"type":"Feature","properties":{"pop":1493,"dens":8683.195120447208,"hu":754},"geometry":{"type":"Polygon","coordinates":[[[-111.8784,33.3765],[-111.8761,33.3754],[-111.8735,33.3755],[-111.8727,33.3747],[-111.8726,33.3756],[-111.8718,33.3757],[-111.8715,33.3749],[-111.8686,33.3755],[-111.8662,33.3749],[-111.864,33.3787],[-111.8777,33.3786],[-111.8784,33.3765]]]}},{"type":"Feature","properties":{"pop":1233,"dens":7316.797542575375,"hu":508},"geometry":{"type":"Polygon","coordinates":[[[-111.8662,33.375],[-111.8646,33.374],[-111.8662,33.3712],[-111.8594,33.3715],[-111.8598,33.3787],[-111.864,33.3787],[-111.8662,33.375]]]}},{"type":"Feature","properties":{"pop":1028,"dens":4916.829474208783,"hu":367},"geometry":{"type":"Polygon","coordinates":[[[-111.8679,33.3665],[-111.8678,33.3642],[-111.8591,33.3642],[-111.8594,33.3715],[-111.8662,33.3712],[-111.8672,33.3698],[-111.8649,33.3686],[-111.865,33.3681],[-111.8662,33.3668],[-111.8676,33.3674],[-111.8679,33.3665]]]}},{"type":"Feature","properties":{"pop":1597,"dens":3312.2052304741514,"hu":584},"geometry":{"type":"Polygon","coordinates":[[[-111.8142,33.3799],[-111.8143,33.3789],[-111.8073,33.3789],[-111.8056,33.3834],[-111.8054,33.3934],[-111.8142,33.3934],[-111.8142,33.3799]]]}},{"type":"Feature","properties":{"pop":2381,"dens":4740.403310256828,"hu":652},"geometry":{"type":"Polygon","coordinates":[[[-111.8231,33.3828],[-111.8229,33.3789],[-111.8143,33.3789],[-111.8142,33.3934],[-111.8229,33.3933],[-111.8231,33.3828]]]}},{"type":"Feature","properties":{"pop":1822,"dens":1831.409266030137,"hu":576},"geometry":{"type":"Polygon","coordinates":[[[-111.8407,33.3793],[-111.8411,33.3788],[-111.8229,33.3789],[-111.8229,33.3933],[-111.8401,33.3933],[-111.8401,33.3812],[-111.8407,33.3793]]]}},{"type":"Feature","properties":{"pop":1199,"dens":2334.166894316287,"hu":365},"geometry":{"type":"Polygon","coordinates":[[[-111.8073,33.3792],[-111.797,33.379],[-111.7969,33.3935],[-111.8054,33.3934],[-111.8056,33.3834],[-111.8073,33.3792]]]}},{"type":"Feature","properties":{"pop":1296,"dens":5109.010589386736,"hu":356},"geometry":{"type":"Polygon","coordinates":[[[-111.7969,33.3861],[-111.7883,33.3861],[-111.7883,33.3936],[-111.7969,33.3935],[-111.7969,33.3861]]]}},{"type":"Feature","properties":{"pop":1648,"dens":12598.925367843109,"hu":934},"geometry":{"type":"Polygon","coordinates":[[[-111.7969,33.3847],[-111.797,33.3825],[-111.7946,33.3825],[-111.7946,33.3818],[-111.7939,33.3817],[-111.7939,33.3803],[-111.7932,33.3803],[-111.7931,33.3817],[-111.7923,33.3818],[-111.7922,33.3826],[-111.7894,33.3826],[-111.7894,33.3834],[-111.7883,33.3834],[-111.7883,33.3861],[-111.7969,33.3861],[-111.7969,33.3847]]]}},{"type":"Feature","properties":{"pop":910,"dens":8012.918292617617,"hu":317},"geometry":{"type":"Polygon","coordinates":[[[-111.797,33.3803],[-111.797,33.379],[-111.7884,33.379],[-111.7883,33.3834],[-111.7894,33.3834],[-111.7894,33.3826],[-111.7922,33.3826],[-111.7923,33.3818],[-111.7931,33.3817],[-111.7932,33.3803],[-111.7939,33.3803],[-111.7939,33.3817],[-111.7946,33.3818],[-111.7946,33.3825],[-111.797,33.3825],[-111.797,33.3803]]]}},{"type":"Feature","properties":{"pop":1291,"dens":9931.884161531296,"hu":508},"geometry":{"type":"Polygon","coordinates":[[[-111.8331,33.3389],[-111.8331,33.3352],[-111.8243,33.3352],[-111.8243,33.3388],[-111.8331,33.3389]]]}},{"type":"Feature","properties":{"pop":1587,"dens":1806.2028196641916,"hu":782},"geometry":{"type":"Polygon","coordinates":[[[-111.8418,33.3606],[-111.8417,33.3351],[-111.8331,33.3352],[-111.8329,33.3571],[-111.8342,33.3571],[-111.8343,33.3606],[-111.8418,33.3606]]]}},{"type":"Feature","properties":{"pop":622,"dens":3486.3666173791826,"hu":304},"geometry":{"type":"Polygon","coordinates":[[[-111.8244,33.3498],[-111.8243,33.3456],[-111.8224,33.3456],[-111.8227,33.3424],[-111.8218,33.3405],[-111.8173,33.3422],[-111.8175,33.3466],[-111.8184,33.3478],[-111.8201,33.3482],[-111.8201,33.3498],[-111.8244,33.3498]]]}},{"type":"Feature","properties":{"pop":1977,"dens":7610.953916740344,"hu":620},"geometry":{"type":"Polygon","coordinates":[[[-111.8134,33.3469],[-111.8125,33.3441],[-111.8125,33.3408],[-111.8107,33.3399],[-111.8105,33.3381],[-111.8069,33.3376],[-111.807,33.3499],[-111.813,33.3498],[-111.8134,33.3469]]]}},{"type":"Feature","properties":{"pop":1679,"dens":4869.711885198546,"hu":869},"geometry":{"type":"Polygon","coordinates":[[[-111.8243,33.3456],[-111.8243,33.3352],[-111.8215,33.3354],[-111.8168,33.3371],[-111.8121,33.3354],[-111.8069,33.3354],[-111.8069,33.3376],[-111.8105,33.3381],[-111.8105,33.3396],[-111.812,33.3407],[-111.8158,33.3411],[-111.8173,33.3422],[-111.8218,33.3405],[-111.8227,33.3424],[-111.8224,33.3456],[-111.8243,33.3456]]]}},{"type":"Feature","properties":{"pop":1193,"dens":6592.75245261804,"hu":508},"geometry":{"type":"Polygon","coordinates":[[[-111.8201,33.3498],[-111.8201,33.3482],[-111.8184,33.3478],[-111.8175,33.3466],[-111.8177,33.3436],[-111.8172,33.3419],[-111.8156,33.341],[-111.8125,33.3408],[-111.8125,33.3441],[-111.8134,33.346],[-111.813,33.3498],[-111.8201,33.3498]]]}},{"type":"Feature","properties":{"pop":1103,"dens":1085.2816904784404,"hu":369},"geometry":{"type":"Polygon","coordinates":[[[-111.8248,33.3789],[-111.8244,33.3642],[-111.8071,33.3643],[-111.8072,33.3789],[-111.8248,33.3789]]]}},{"type":"Feature","properties":{"pop":606,"dens":593.158874916134,"hu":165},"geometry":{"type":"Polygon","coordinates":[[[-111.8418,33.3642],[-111.8418,33.3606],[-111.8343,33.3606],[-111.8342,33.3571],[-111.8329,33.3571],[-111.8329,33.3389],[-111.8243,33.3388],[-111.8244,33.3642],[-111.8286,33.3652],[-111.8318,33.3642],[-111.8418,33.3642]]]}},{"type":"Feature","properties":{"pop":1373,"dens":3078.0063677343396,"hu":356},"geometry":{"type":"Polygon","coordinates":[[[-111.8331,33.372],[-111.833,33.3642],[-111.8286,33.3652],[-111.8244,33.3642],[-111.8248,33.3789],[-111.8316,33.3788],[-111.8315,33.3756],[-111.8331,33.372]]]}},{"type":"Feature","properties":{"pop":1334,"dens":2419.4693511488495,"hu":787},"geometry":{"type":"Polygon","coordinates":[[[-111.8423,33.3762],[-111.8418,33.3642],[-111.833,33.3642],[-111.8331,33.372],[-111.8315,33.3756],[-111.8316,33.3788],[-111.8411,33.3788],[-111.8423,33.3762]]]}},{"type":"Feature","properties":{"pop":1659,"dens":6688.566935818616,"hu":645},"geometry":{"type":"Polygon","coordinates":[[[-111.7986,33.3717],[-111.7985,33.3644],[-111.7898,33.3644],[-111.79,33.3717],[-111.7986,33.3717]]]}},{"type":"Feature","properties":{"pop":1687,"dens":6732.784729487036,"hu":510},"geometry":{"type":"Polygon","coordinates":[[[-111.8072,33.3717],[-111.8071,33.3643],[-111.7985,33.3644],[-111.7986,33.3717],[-111.8072,33.3717]]]}},{"type":"Feature","properties":{"pop":2140,"dens":4107.396443002056,"hu":839},"geometry":{"type":"Polygon","coordinates":[[[-111.8072,33.3787],[-111.8072,33.3717],[-111.79,33.3717],[-111.79,33.3744],[-111.7883,33.3781],[-111.7884,33.379],[-111.8072,33.3787]]]}},{"type":"Feature","properties":{"pop":1622,"dens":8770.2949180299,"hu":560},"geometry":{"type":"Polygon","coordinates":[[[-111.8159,33.3587],[-111.8158,33.3571],[-111.807,33.3571],[-111.8071,33.3643],[-111.8114,33.3643],[-111.8114,33.3626],[-111.8132,33.362],[-111.8138,33.3594],[-111.8159,33.3587]]]}},{"type":"Feature","properties":{"pop":2128,"dens":4205.2003025857175,"hu":772},"geometry":{"type":"Polygon","coordinates":[[[-111.8244,33.3571],[-111.8244,33.3498],[-111.807,33.3499],[-111.807,33.3571],[-111.8244,33.3571]]]}},{"type":"Feature","properties":{"pop":1109,"dens":3580.72480469311,"hu":607},"geometry":{"type":"Polygon","coordinates":[[[-111.8244,33.3572],[-111.8158,33.3571],[-111.8159,33.3587],[-111.8139,33.3592],[-111.8132,33.362],[-111.8114,33.3626],[-111.8114,33.3643],[-111.8244,33.3642],[-111.8244,33.3572]]]}},{"type":"Feature","properties":{"pop":1569,"dens":3151.3955851902138,"hu":803},"geometry":{"type":"Polygon","coordinates":[[[-111.8071,33.3643],[-111.807,33.3571],[-111.7897,33.3572],[-111.7898,33.3644],[-111.8071,33.3643]]]}},{"type":"Feature","properties":{"pop":651,"dens":2595.8994013185625,"hu":315},"geometry":{"type":"Polygon","coordinates":[[[-111.7984,33.3572],[-111.7983,33.3499],[-111.7896,33.35],[-111.7897,33.3572],[-111.7984,33.3572]]]}},{"type":"Feature","properties":{"pop":661,"dens":2633.8460119874267,"hu":262},"geometry":{"type":"Polygon","coordinates":[[[-111.807,33.3571],[-111.807,33.3499],[-111.7983,33.3499],[-111.7984,33.3572],[-111.807,33.3571]]]}},{"type":"Feature","properties":{"pop":2157,"dens":4509.498959503366,"hu":771},"geometry":{"type":"Polygon","coordinates":[[[-111.7898,33.3644],[-111.7897,33.3572],[-111.7732,33.3573],[-111.7733,33.3646],[-111.7898,33.3644]]]}},{"type":"Feature","properties":{"pop":1376,"dens":5503.3976382465635,"hu":454},"geometry":{"type":"Polygon","coordinates":[[[-111.7819,33.3573],[-111.7817,33.3501],[-111.773,33.3501],[-111.7732,33.3573],[-111.7819,33.3573]]]}},{"type":"Feature","properties":{"pop":1945,"dens":8561.680971474438,"hu":536},"geometry":{"type":"Polygon","coordinates":[[[-111.7897,33.3572],[-111.7896,33.35],[-111.7817,33.3501],[-111.7819,33.3573],[-111.7897,33.3572]]]}},{"type":"Feature","properties":{"pop":1580,"dens":4080.624361912896,"hu":643},"geometry":{"type":"Polygon","coordinates":[[[-111.8069,33.339],[-111.8069,33.3354],[-111.7899,33.3354],[-111.7897,33.3428],[-111.7969,33.3427],[-111.7969,33.3417],[-111.7994,33.3409],[-111.7999,33.3398],[-111.8069,33.339]]]}},{"type":"Feature","properties":{"pop":1970,"dens":6197.253943295463,"hu":730},"geometry":{"type":"Polygon","coordinates":[[[-111.807,33.3499],[-111.8069,33.339],[-111.7999,33.3398],[-111.7994,33.3409],[-111.7969,33.3417],[-111.7969,33.3427],[-111.8,33.3427],[-111.8,33.3459],[-111.7983,33.346],[-111.7983,33.3467],[-111.8002,33.3467],[-111.7998,33.3499],[-111.807,33.3499]]]}},{"type":"Feature","properties":{"pop":1185,"dens":4037.609742977493,"hu":382},"geometry":{"type":"Polygon","coordinates":[[[-111.8002,33.3468],[-111.7983,33.3467],[-111.7983,33.346],[-111.8,33.3459],[-111.8,33.3427],[-111.7897,33.3428],[-111.7896,33.35],[-111.7998,33.3499],[-111.8002,33.3468]]]}},{"type":"Feature","properties":{"pop":2254,"dens":5366.630900319063,"hu":843},"geometry":{"type":"Polygon","coordinates":[[[-111.7899,33.3356],[-111.7887,33.3358],[-111.7819,33.3425],[-111.7771,33.3501],[-111.7896,33.35],[-111.7899,33.3356]]]}},{"type":"Feature","properties":{"pop":1981,"dens":3601.4579099744883,"hu":614},"geometry":{"type":"Polygon","coordinates":[[[-111.7899,33.3355],[-111.7729,33.3356],[-111.773,33.3501],[-111.7771,33.3501],[-111.7819,33.3425],[-111.7887,33.3358],[-111.7899,33.3355]]]}},{"type":"Feature","properties":{"pop":1490,"dens":5912.786059211455,"hu":475},"geometry":{"type":"Polygon","coordinates":[[[-111.7625,33.4016],[-111.7625,33.4009],[-111.7538,33.401],[-111.7538,33.4082],[-111.7625,33.4082],[-111.7625,33.4016]]]}},{"type":"Feature","properties":{"pop":1709,"dens":7137.28511847476,"hu":614},"geometry":{"type":"Polygon","coordinates":[[[-111.7711,33.4047],[-111.7712,33.4022],[-111.7659,33.4008],[-111.7625,33.4009],[-111.7625,33.4082],[-111.7711,33.4082],[-111.7711,33.4047]]]}},{"type":"Feature","properties":{"pop":760,"dens":2946.4604946458626,"hu":302},"geometry":{"type":"Polygon","coordinates":[[[-111.7712,33.3977],[-111.7712,33.3936],[-111.7632,33.3937],[-111.7624,33.397],[-111.7625,33.4009],[-111.7659,33.4008],[-111.7712,33.4022],[-111.7712,33.3977]]]}},{"type":"Feature","properties":{"pop":2191,"dens":8545.271040209125,"hu":692},"geometry":{"type":"Polygon","coordinates":[[[-111.7632,33.3944],[-111.7632,33.3937],[-111.7538,33.3937],[-111.7538,33.401],[-111.7625,33.4009],[-111.7624,33.397],[-111.7632,33.3944]]]}},{"type":"Feature","properties":{"pop":1899,"dens":7546.239364224609,"hu":584},"geometry":{"type":"Polygon","coordinates":[[[-111.7798,33.4033],[-111.7798,33.4019],[-111.7763,33.4018],[-111.7763,33.4009],[-111.7743,33.4008],[-111.7712,33.3993],[-111.7711,33.4082],[-111.7798,33.4081],[-111.7798,33.4033]]]}},{"type":"Feature","properties":{"pop":596,"dens":2388.544937439528,"hu":179},"geometry":{"type":"Polygon","coordinates":[[[-111.7798,33.4019],[-111.7798,33.3936],[-111.7712,33.3936],[-111.7712,33.3993],[-111.7743,33.4008],[-111.7763,33.4009],[-111.7763,33.4018],[-111.7798,33.4019]]]}},{"type":"Feature","properties":{"pop":2437,"dens":14006.818508916038,"hu":802},"geometry":{"type":"Polygon","coordinates":[[[-111.7883,33.4053],[-111.7883,33.4048],[-111.7867,33.4048],[-111.7839,33.4024],[-111.7798,33.4019],[-111.7798,33.4081],[-111.7883,33.4081],[-111.7883,33.4053]]]}},{"type":"Feature","properties":{"pop":1241,"dens":3912.202286379926,"hu":537},"geometry":{"type":"Polygon","coordinates":[[[-111.7883,33.4024],[-111.7883,33.3936],[-111.7798,33.3936],[-111.7798,33.4019],[-111.7839,33.4024],[-111.7867,33.4048],[-111.7883,33.4048],[-111.7883,33.4024]]]}},{"type":"Feature","properties":{"pop":1828,"dens":7218.859437456402,"hu":512},"geometry":{"type":"Polygon","coordinates":[[[-111.7799,33.3862],[-111.7712,33.3862],[-111.7712,33.3936],[-111.7798,33.3936],[-111.7799,33.3862]]]}},{"type":"Feature","properties":{"pop":1984,"dens":7888.489305471675,"hu":798},"geometry":{"type":"Polygon","coordinates":[[[-111.7883,33.3862],[-111.7799,33.3862],[-111.7798,33.3936],[-111.7883,33.3936],[-111.7883,33.3862]]]}},{"type":"Feature","properties":{"pop":1933,"dens":6852.433992381779,"hu":713},"geometry":{"type":"Polygon","coordinates":[[[-111.7826,33.3803],[-111.7826,33.379],[-111.7712,33.3791],[-111.7712,33.3862],[-111.7799,33.3862],[-111.7801,33.3836],[-111.7826,33.3803]]]}},{"type":"Feature","properties":{"pop":1422,"dens":6940.55221283747,"hu":454},"geometry":{"type":"Polygon","coordinates":[[[-111.7884,33.3794],[-111.7826,33.379],[-111.7824,33.381],[-111.78,33.3837],[-111.7799,33.3862],[-111.7883,33.3861],[-111.7884,33.3794]]]}},{"type":"Feature","properties":{"pop":1554,"dens":3141.6761507515575,"hu":586},"geometry":{"type":"Polygon","coordinates":[[[-111.7712,33.3797],[-111.7712,33.3791],[-111.7696,33.379],[-111.754,33.3792],[-111.7539,33.3863],[-111.7712,33.3862],[-111.7712,33.3797]]]}},{"type":"Feature","properties":{"pop":1447,"dens":5281.759858532935,"hu":530},"geometry":{"type":"Polygon","coordinates":[[[-111.7712,33.3865],[-111.7626,33.3863],[-111.7625,33.3886],[-111.7614,33.3905],[-111.7614,33.3937],[-111.7712,33.3936],[-111.7712,33.3865]]]}},{"type":"Feature","properties":{"pop":2097,"dens":8828.02215895751,"hu":863},"geometry":{"type":"Polygon","coordinates":[[[-111.7626,33.3871],[-111.7626,33.3863],[-111.7539,33.3863],[-111.7538,33.3937],[-111.7614,33.3937],[-111.7614,33.3905],[-111.7625,33.3887],[-111.7626,33.3871]]]}},{"type":"Feature","properties":{"pop":2364,"dens":7918.325516305922,"hu":892},"geometry":{"type":"Polygon","coordinates":[[[-111.7713,33.3646],[-111.7675,33.3646],[-111.7668,33.3683],[-111.7624,33.3685],[-111.7619,33.3698],[-111.7632,33.3711],[-111.7633,33.3727],[-111.761,33.3744],[-111.7613,33.3763],[-111.7583,33.3779],[-111.7582,33.3787],[-111.7546,33.3787],[-111.7546,33.3792],[-111.767,33.3791],[-111.7675,33.3723],[-111.7694,33.3675],[-111.7713,33.3646]]]}},{"type":"Feature","properties":{"pop":324,"dens":2486.345883007557,"hu":145},"geometry":{"type":"Polygon","coordinates":[[[-111.7615,33.3757],[-111.76,33.373],[-111.7564,33.3727],[-111.7542,33.3769],[-111.754,33.3792],[-111.7582,33.3787],[-111.7583,33.3779],[-111.7599,33.3774],[-111.7615,33.3757]]]}},{"type":"Feature","properties":{"pop":674,"dens":2539.381612406963,"hu":190},"geometry":{"type":"Polygon","coordinates":[[[-111.7737,33.3722],[-111.7733,33.3646],[-111.7713,33.3646],[-111.7694,33.3675],[-111.7675,33.3723],[-111.767,33.3792],[-111.7712,33.3791],[-111.7714,33.3754],[-111.7737,33.3722]]]}},{"type":"Feature","properties":{"pop":633,"dens":6556.812617362539,"hu":202},"geometry":{"type":"Polygon","coordinates":[[[-111.7675,33.3664],[-111.7675,33.3646],[-111.7601,33.3647],[-111.7603,33.3663],[-111.7624,33.3685],[-111.7668,33.3683],[-111.7675,33.3664]]]}},{"type":"Feature","properties":{"pop":1013,"dens":5246.431903062972,"hu":403},"geometry":{"type":"Polygon","coordinates":[[[-111.7634,33.3722],[-111.7632,33.3711],[-111.7619,33.3698],[-111.7623,33.3683],[-111.7603,33.3663],[-111.7601,33.3647],[-111.7561,33.3647],[-111.7564,33.3727],[-111.7596,33.3729],[-111.761,33.3744],[-111.763,33.3733],[-111.7634,33.3722]]]}},{"type":"Feature","properties":{"pop":1931,"dens":4250.124478172041,"hu":867},"geometry":{"type":"Polygon","coordinates":[[[-111.756,33.3739],[-111.7542,33.3733],[-111.7546,33.373],[-111.7532,33.3717],[-111.7528,33.3723],[-111.7468,33.372],[-111.7437,33.3705],[-111.7392,33.3711],[-111.7397,33.3792],[-111.754,33.3792],[-111.7543,33.3766],[-111.756,33.3739]]]}},{"type":"Feature","properties":{"pop":1587,"dens":5037.204137199693,"hu":562},"geometry":{"type":"Polygon","coordinates":[[[-111.7565,33.3721],[-111.7561,33.3647],[-111.7473,33.3647],[-111.7472,33.3672],[-111.7437,33.3705],[-111.7468,33.372],[-111.7528,33.3723],[-111.7532,33.3717],[-111.7546,33.373],[-111.7542,33.3733],[-111.7556,33.3741],[-111.7565,33.3721]]]}},{"type":"Feature","properties":{"pop":1040,"dens":5935.034058791456,"hu":288},"geometry":{"type":"Polygon","coordinates":[[[-111.7474,33.3666],[-111.7473,33.3647],[-111.7388,33.3648],[-111.7392,33.3711],[-111.7433,33.3708],[-111.7474,33.3666]]]}},{"type":"Feature","properties":{"pop":1240,"dens":2467.8304416105766,"hu":439},"geometry":{"type":"Polygon","coordinates":[[[-111.7901,33.3737],[-111.79,33.3717],[-111.7737,33.3718],[-111.7733,33.3733],[-111.7714,33.3754],[-111.7712,33.3791],[-111.7884,33.379],[-111.7885,33.3771],[-111.7901,33.3737]]]}},{"type":"Feature","properties":{"pop":2127,"dens":4503.762326337954,"hu":847},"geometry":{"type":"Polygon","coordinates":[[[-111.79,33.3717],[-111.7898,33.3644],[-111.7733,33.3646],[-111.7737,33.3718],[-111.79,33.3717]]]}},{"type":"Feature","properties":{"pop":2414,"dens":7098.359480325564,"hu":719},"geometry":{"type":"Polygon","coordinates":[[[-111.7674,33.3536],[-111.7668,33.3525],[-111.7646,33.3524],[-111.7643,33.3501],[-111.7557,33.3502],[-111.756,33.3611],[-111.7601,33.3608],[-111.7608,33.3598],[-111.7605,33.3569],[-111.7661,33.3559],[-111.7674,33.3536]]]}},{"type":"Feature","properties":{"pop":1011,"dens":3636.9008174043197,"hu":322},"geometry":{"type":"Polygon","coordinates":[[[-111.7733,33.3646],[-111.7731,33.3596],[-111.7703,33.3593],[-111.7669,33.361],[-111.7606,33.3603],[-111.7593,33.3612],[-111.756,33.3611],[-111.7561,33.3647],[-111.7733,33.3646]]]}},{"type":"Feature","properties":{"pop":1900,"dens":4999.072403266004,"hu":738},"geometry":{"type":"Polygon","coordinates":[[[-111.7732,33.3571],[-111.773,33.3501],[-111.7643,33.3501],[-111.7646,33.3524],[-111.7668,33.3526],[-111.7674,33.3538],[-111.7659,33.3559],[-111.7605,33.3569],[-111.7606,33.3603],[-111.7669,33.361],[-111.7703,33.3593],[-111.7731,33.3596],[-111.7732,33.3571]]]}},{"type":"Feature","properties":{"pop":1304,"dens":4012.3039481147116,"hu":393},"geometry":{"type":"Polygon","coordinates":[[[-111.7559,33.3588],[-111.7557,33.3502],[-111.7469,33.3502],[-111.7475,33.3647],[-111.7518,33.3647],[-111.7517,33.364],[-111.7492,33.3642],[-111.749,33.3634],[-111.7479,33.3634],[-111.7479,33.3627],[-111.7488,33.3627],[-111.7491,33.3594],[-111.7515,33.3591],[-111.7511,33.3584],[-111.7528,33.3579],[-111.7559,33.3588]]]}},{"type":"Feature","properties":{"pop":589,"dens":1164.336545037577,"hu":198},"geometry":{"type":"Polygon","coordinates":[[[-111.7477,33.3642],[-111.7469,33.3502],[-111.7384,33.3502],[-111.7388,33.3648],[-111.7475,33.3647],[-111.7477,33.3642]]]}},{"type":"Feature","properties":{"pop":1386,"dens":8291.059322850258,"hu":410},"geometry":{"type":"Polygon","coordinates":[[[-111.7561,33.3645],[-111.7559,33.3588],[-111.7528,33.3579],[-111.7511,33.3584],[-111.7515,33.3591],[-111.7491,33.3594],[-111.7488,33.3627],[-111.7479,33.3627],[-111.748,33.3634],[-111.749,33.3634],[-111.7492,33.3642],[-111.7517,33.364],[-111.7518,33.3647],[-111.7561,33.3645]]]}},{"type":"Feature","properties":{"pop":1526,"dens":3062.9288536921417,"hu":486},"geometry":{"type":"Polygon","coordinates":[[[-111.773,33.3428],[-111.7729,33.3356],[-111.7556,33.3357],[-111.7557,33.3429],[-111.773,33.3428]]]}},{"type":"Feature","properties":{"pop":1321,"dens":2637.458548430902,"hu":501},"geometry":{"type":"Polygon","coordinates":[[[-111.773,33.3501],[-111.773,33.3428],[-111.7557,33.3429],[-111.7557,33.3502],[-111.773,33.3501]]]}},{"type":"Feature","properties":{"pop":2080,"dens":6455.0923557025335,"hu":667},"geometry":{"type":"Polygon","coordinates":[[[-111.7522,33.3417],[-111.7513,33.3378],[-111.7504,33.3378],[-111.7504,33.3393],[-111.7486,33.3393],[-111.7486,33.3364],[-111.7513,33.3363],[-111.7513,33.3358],[-111.7381,33.3358],[-111.7384,33.3431],[-111.7492,33.3427],[-111.7492,33.3422],[-111.7482,33.3422],[-111.7479,33.3401],[-111.7505,33.3402],[-111.7518,33.3419],[-111.7522,33.3417]]]}},{"type":"Feature","properties":{"pop":2953,"dens":4365.350174530009,"hu":975},"geometry":{"type":"Polygon","coordinates":[[[-111.7557,33.3492],[-111.7556,33.3357],[-111.7486,33.3364],[-111.7487,33.3393],[-111.7504,33.3393],[-111.7504,33.3378],[-111.7513,33.3378],[-111.7524,33.3416],[-111.7518,33.3419],[-111.7506,33.3402],[-111.7479,33.3401],[-111.7482,33.3422],[-111.7492,33.3422],[-111.7492,33.3427],[-111.7384,33.3431],[-111.7384,33.3502],[-111.7557,33.3502],[-111.7557,33.3492]]]}},{"type":"Feature","properties":{"pop":685,"dens":1955.3044080688555,"hu":567},"geometry":{"type":"Polygon","coordinates":[[[-111.7466,33.4083],[-111.7416,33.4005],[-111.74,33.3938],[-111.7365,33.3938],[-111.7364,33.4083],[-111.7466,33.4083]]]}},{"type":"Feature","properties":{"pop":2366,"dens":8579.550976587681,"hu":657},"geometry":{"type":"Polygon","coordinates":[[[-111.7538,33.4028],[-111.7538,33.401],[-111.7417,33.4006],[-111.7467,33.4083],[-111.7538,33.4082],[-111.7538,33.4028]]]}},{"type":"Feature","properties":{"pop":1297,"dens":3452.875976396664,"hu":515},"geometry":{"type":"Polygon","coordinates":[[[-111.7538,33.3939],[-111.74,33.3938],[-111.7417,33.4006],[-111.7538,33.401],[-111.7538,33.3939]]]}},{"type":"Feature","properties":{"pop":3093,"dens":5289.620887124622,"hu":967},"geometry":{"type":"Polygon","coordinates":[[[-111.7484,33.3792],[-111.7397,33.3792],[-111.7393,33.3818],[-111.7367,33.3857],[-111.7365,33.3938],[-111.7477,33.3937],[-111.7473,33.3836],[-111.7484,33.3792]]]}},{"type":"Feature","properties":{"pop":2183,"dens":5952.693383558286,"hu":876},"geometry":{"type":"Polygon","coordinates":[[[-111.754,33.3793],[-111.7484,33.3792],[-111.7473,33.3836],[-111.7477,33.3937],[-111.7538,33.3937],[-111.754,33.3793]]]}},{"type":"Feature","properties":{"pop":3730,"dens":1895.7318740970816,"hu":951},"geometry":{"type":"Polygon","coordinates":[[[-111.7388,33.3646],[-111.7381,33.3358],[-111.7213,33.3358],[-111.7218,33.3648],[-111.7388,33.3646]]]}},{"type":"Feature","properties":{"pop":2208,"dens":3395.0340081443433,"hu":729},"geometry":{"type":"Polygon","coordinates":[[[-111.7218,33.3648],[-111.7216,33.3562],[-111.7149,33.3566],[-111.7147,33.3535],[-111.7131,33.3535],[-111.7104,33.3538],[-111.71,33.3552],[-111.7087,33.3563],[-111.7084,33.3552],[-111.7059,33.3551],[-111.7059,33.3543],[-111.7045,33.3539],[-111.7047,33.3649],[-111.7218,33.3648]]]}},{"type":"Feature","properties":{"pop":4552,"dens":3460.982564622768,"hu":1266},"geometry":{"type":"Polygon","coordinates":[[[-111.7216,33.3562],[-111.7213,33.3358],[-111.7042,33.3359],[-111.7045,33.3539],[-111.7059,33.3543],[-111.7059,33.3551],[-111.7084,33.3552],[-111.7087,33.3563],[-111.71,33.3552],[-111.7104,33.3538],[-111.7131,33.3535],[-111.7147,33.3535],[-111.7149,33.3566],[-111.7216,33.3562]]]}},{"type":"Feature","properties":{"pop":1838,"dens":4263.938927107191,"hu":1226},"geometry":{"type":"Polygon","coordinates":[[[-111.7275,33.3943],[-111.7274,33.3938],[-111.7193,33.3939],[-111.7192,33.4084],[-111.7246,33.4084],[-111.7246,33.4072],[-111.7267,33.4072],[-111.7268,33.3961],[-111.7275,33.396],[-111.7275,33.3943]]]}},{"type":"Feature","properties":{"pop":1765,"dens":6086.330158115371,"hu":1111},"geometry":{"type":"Polygon","coordinates":[[[-111.7365,33.3942],[-111.7275,33.3938],[-111.7275,33.396],[-111.7268,33.3961],[-111.7267,33.4014],[-111.7358,33.4014],[-111.7359,33.4022],[-111.7365,33.4022],[-111.7365,33.3942]]]}},{"type":"Feature","properties":{"pop":791,"dens":2853.9573569805907,"hu":792},"geometry":{"type":"Polygon","coordinates":[[[-111.7365,33.4035],[-111.7358,33.4014],[-111.7267,33.4014],[-111.7267,33.4072],[-111.7246,33.4072],[-111.7246,33.4084],[-111.7364,33.4083],[-111.7365,33.4035]]]}},{"type":"Feature","properties":{"pop":2858,"dens":5661.565618383227,"hu":1177},"geometry":{"type":"Polygon","coordinates":[[[-111.6769,33.3988],[-111.6762,33.3974],[-111.6762,33.3933],[-111.6675,33.3934],[-111.6675,33.4079],[-111.6759,33.4079],[-111.6761,33.4005],[-111.6769,33.3988]]]}},{"type":"Feature","properties":{"pop":1650,"dens":3367.96961244936,"hu":744},"geometry":{"type":"Polygon","coordinates":[[[-111.6847,33.3946],[-111.6847,33.394],[-111.682,33.3934],[-111.6762,33.3933],[-111.6762,33.3974],[-111.6769,33.3988],[-111.6761,33.4005],[-111.6759,33.4079],[-111.6817,33.4079],[-111.6846,33.4086],[-111.6847,33.3946]]]}},{"type":"Feature","properties":{"pop":1171,"dens":2596.663821280563,"hu":849},"geometry":{"type":"Polygon","coordinates":[[[-111.6591,33.4051],[-111.657,33.4037],[-111.6562,33.4014],[-111.6586,33.3978],[-111.6588,33.3934],[-111.6501,33.3934],[-111.6501,33.4079],[-111.6588,33.4079],[-111.6591,33.4051]]]}},{"type":"Feature","properties":{"pop":1691,"dens":3036.9578929983636,"hu":1732},"geometry":{"type":"Polygon","coordinates":[[[-111.6675,33.3959],[-111.6675,33.3934],[-111.6588,33.3934],[-111.6586,33.3978],[-111.6562,33.4014],[-111.657,33.4037],[-111.6591,33.4051],[-111.6588,33.4079],[-111.6675,33.4079],[-111.6675,33.3959]]]}},{"type":"Feature","properties":{"pop":2572,"dens":2590.9673363721063,"hu":981},"geometry":{"type":"Polygon","coordinates":[[[-111.6189,33.3791],[-111.6017,33.3789],[-111.6013,33.3808],[-111.5981,33.3841],[-111.598,33.3933],[-111.6154,33.3933],[-111.6155,33.3842],[-111.6185,33.3813],[-111.6189,33.3791]]]}},{"type":"Feature","properties":{"pop":2045,"dens":3871.3354122587352,"hu":785},"geometry":{"type":"Polygon","coordinates":[[[-111.6154,33.3939],[-111.6153,33.3933],[-111.6067,33.3933],[-111.6067,33.3973],[-111.6082,33.3996],[-111.6068,33.401],[-111.6041,33.4059],[-111.6063,33.4078],[-111.6154,33.4078],[-111.6154,33.3939]]]}},{"type":"Feature","properties":{"pop":2521,"dens":5314.086378161793,"hu":938},"geometry":{"type":"Polygon","coordinates":[[[-111.6082,33.3996],[-111.6067,33.3973],[-111.6067,33.3933],[-111.598,33.3933],[-111.598,33.4078],[-111.6063,33.4078],[-111.6041,33.4059],[-111.6068,33.401],[-111.6082,33.3996]]]}},{"type":"Feature","properties":{"pop":3039,"dens":1958.2974334108203,"hu":808},"geometry":{"type":"Polygon","coordinates":[[[-111.6017,33.379],[-111.5807,33.3787],[-111.5807,33.3933],[-111.5869,33.3932],[-111.5915,33.3968],[-111.5893,33.3969],[-111.5893,33.4078],[-111.598,33.4078],[-111.5981,33.3845],[-111.5988,33.3829],[-111.6013,33.3808],[-111.6017,33.379]]]}},{"type":"Feature","properties":{"pop":1861,"dens":3716.084896338138,"hu":1691},"geometry":{"type":"Polygon","coordinates":[[[-111.5914,33.3968],[-111.5869,33.3932],[-111.5807,33.3933],[-111.5807,33.4078],[-111.5893,33.4078],[-111.5893,33.3969],[-111.5914,33.3968]]]}},{"type":"Feature","properties":{"pop":1407,"dens":5164.10086703401,"hu":479},"geometry":{"type":"Polygon","coordinates":[[[-111.6877,33.3684],[-111.6877,33.365],[-111.6707,33.3649],[-111.6709,33.3698],[-111.6731,33.3697],[-111.676,33.3686],[-111.6782,33.3697],[-111.6827,33.3684],[-111.6877,33.3684]]]}},{"type":"Feature","properties":{"pop":1695,"dens":4736.851525989965,"hu":607},"geometry":{"type":"Polygon","coordinates":[[[-111.6879,33.3794],[-111.6877,33.3684],[-111.6827,33.3684],[-111.6787,33.3696],[-111.6793,33.372],[-111.6787,33.3761],[-111.6805,33.377],[-111.6808,33.3794],[-111.6879,33.3794]]]}},{"type":"Feature","properties":{"pop":945,"dens":4717.403534954065,"hu":305},"geometry":{"type":"Polygon","coordinates":[[[-111.6808,33.3791],[-111.6807,33.3774],[-111.6798,33.3763],[-111.6755,33.3758],[-111.6708,33.3736],[-111.6681,33.377],[-111.6675,33.3793],[-111.6808,33.3791]]]}},{"type":"Feature","properties":{"pop":1865,"dens":9958.406246591272,"hu":644},"geometry":{"type":"Polygon","coordinates":[[[-111.6793,33.372],[-111.6787,33.3696],[-111.6772,33.3695],[-111.676,33.3686],[-111.6731,33.3697],[-111.6709,33.3698],[-111.6708,33.3736],[-111.6758,33.3759],[-111.6787,33.3761],[-111.6793,33.372]]]}},{"type":"Feature","properties":{"pop":1349,"dens":3133.9932824487187,"hu":1153},"geometry":{"type":"Polygon","coordinates":[[[-111.6616,33.3717],[-111.6604,33.3683],[-111.6604,33.3648],[-111.6534,33.3648],[-111.6536,33.3792],[-111.6608,33.3793],[-111.6616,33.3717]]]}},{"type":"Feature","properties":{"pop":1426,"dens":2753.677107473788,"hu":1232},"geometry":{"type":"Polygon","coordinates":[[[-111.6709,33.3718],[-111.6707,33.3649],[-111.6604,33.3648],[-111.6604,33.3683],[-111.6616,33.3713],[-111.6608,33.3793],[-111.6675,33.3793],[-111.6681,33.377],[-111.6706,33.3741],[-111.6709,33.3718]]]}},{"type":"Feature","properties":{"pop":1806,"dens":3208.711693106026,"hu":544},"geometry":{"type":"Polygon","coordinates":[[[-111.7397,33.3792],[-111.7388,33.3648],[-111.7298,33.3648],[-111.7298,33.3668],[-111.7309,33.3691],[-111.7307,33.372],[-111.7313,33.3749],[-111.7267,33.3752],[-111.7267,33.3792],[-111.7397,33.3792]]]}},{"type":"Feature","properties":{"pop":1307,"dens":3077.5748233813965,"hu":426},"geometry":{"type":"Polygon","coordinates":[[[-111.7313,33.3749],[-111.7307,33.372],[-111.7309,33.3691],[-111.7298,33.3668],[-111.7298,33.3648],[-111.7218,33.3648],[-111.7224,33.3793],[-111.7267,33.3792],[-111.7267,33.3752],[-111.7313,33.3749]]]}},{"type":"Feature","properties":{"pop":1438,"dens":3397.8672138323523,"hu":288},"geometry":{"type":"Polygon","coordinates":[[[-111.7224,33.3793],[-111.7221,33.372],[-111.7152,33.3721],[-111.7152,33.3736],[-111.7136,33.3739],[-111.705,33.3739],[-111.7051,33.3793],[-111.7224,33.3793]]]}},{"type":"Feature","properties":{"pop":1703,"dens":5335.769531558217,"hu":533},"geometry":{"type":"Polygon","coordinates":[[[-111.7221,33.372],[-111.7218,33.3648],[-111.709,33.3649],[-111.709,33.3663],[-111.7096,33.3662],[-111.7101,33.3676],[-111.7121,33.3675],[-111.7122,33.3685],[-111.7105,33.3687],[-111.7108,33.3693],[-111.7116,33.3693],[-111.7116,33.37],[-111.713,33.3701],[-111.713,33.3715],[-111.7123,33.3716],[-111.7123,33.3721],[-111.7136,33.3721],[-111.7136,33.3736],[-111.7152,33.3736],[-111.7152,33.3721],[-111.7221,33.372]]]}},{"type":"Feature","properties":{"pop":1389,"dens":5736.153951232426,"hu":531},"geometry":{"type":"Polygon","coordinates":[[[-111.7136,33.3736],[-111.7136,33.3721],[-111.7123,33.3721],[-111.7123,33.3716],[-111.713,33.3715],[-111.713,33.3701],[-111.7116,33.37],[-111.7116,33.3693],[-111.7108,33.3693],[-111.7105,33.3687],[-111.7122,33.3685],[-111.7121,33.3675],[-111.7101,33.3676],[-111.7096,33.3662],[-111.709,33.3663],[-111.709,33.3649],[-111.7047,33.3649],[-111.705,33.3739],[-111.7136,33.3736]]]}},{"type":"Feature","properties":{"pop":1683,"dens":7027.393666998357,"hu":472},"geometry":{"type":"Polygon","coordinates":[[[-111.7048,33.3694],[-111.7047,33.3649],[-111.6934,33.365],[-111.6916,33.3663],[-111.6916,33.3683],[-111.6956,33.3682],[-111.6974,33.3674],[-111.6978,33.368],[-111.7001,33.367],[-111.7005,33.3676],[-111.6981,33.3687],[-111.6985,33.3693],[-111.6967,33.3697],[-111.6968,33.3717],[-111.7029,33.3717],[-111.7022,33.37],[-111.7048,33.3694]]]}},{"type":"Feature","properties":{"pop":2479,"dens":5206.706611863145,"hu":907},"geometry":{"type":"Polygon","coordinates":[[[-111.7051,33.3793],[-111.7048,33.3694],[-111.7022,33.37],[-111.7029,33.3717],[-111.6968,33.3717],[-111.6967,33.3697],[-111.6985,33.3693],[-111.6981,33.3687],[-111.7005,33.3676],[-111.7001,33.367],[-111.6978,33.368],[-111.6974,33.3674],[-111.6956,33.3682],[-111.6916,33.3683],[-111.6916,33.3662],[-111.6934,33.365],[-111.6886,33.365],[-111.6929,33.3746],[-111.6961,33.3766],[-111.6973,33.3794],[-111.7051,33.3793]]]}},{"type":"Feature","properties":{"pop":120,"dens":452.0706601053965,"hu":26},"geometry":{"type":"Polygon","coordinates":[[[-111.6973,33.3794],[-111.6961,33.3766],[-111.6929,33.3746],[-111.6886,33.365],[-111.6877,33.365],[-111.6879,33.3794],[-111.6973,33.3794]]]}},{"type":"Feature","properties":{"pop":2885,"dens":1941.320511887745,"hu":1094},"geometry":{"type":"Polygon","coordinates":[[[-111.7044,33.3505],[-111.7042,33.3359],[-111.6872,33.3361],[-111.6877,33.365],[-111.6962,33.365],[-111.6963,33.3505],[-111.7044,33.3505]]]}},{"type":"Feature","properties":{"pop":3558,"dens":7386.941669164521,"hu":931},"geometry":{"type":"Polygon","coordinates":[[[-111.7047,33.3649],[-111.7044,33.3505],[-111.6963,33.3505],[-111.6962,33.365],[-111.7047,33.3649]]]}},{"type":"Feature","properties":{"pop":1389,"dens":4378.164086843335,"hu":1728},"geometry":{"type":"Polygon","coordinates":[[[-111.7277,33.4131],[-111.7277,33.4083],[-111.7134,33.4084],[-111.7198,33.4156],[-111.7277,33.4155],[-111.7277,33.4131]]]}},{"type":"Feature","properties":{"pop":1256,"dens":5045.598573630486,"hu":1167},"geometry":{"type":"Polygon","coordinates":[[[-111.7364,33.4108],[-111.7364,33.4083],[-111.7277,33.4083],[-111.7277,33.4155],[-111.7364,33.4155],[-111.7364,33.4108]]]}},{"type":"Feature","properties":{"pop":2094,"dens":6593.874597258256,"hu":912},"geometry":{"type":"Polygon","coordinates":[[[-111.7197,33.4156],[-111.7134,33.4084],[-111.7064,33.4084],[-111.7064,33.4104],[-111.7051,33.4116],[-111.7052,33.4156],[-111.7197,33.4156]]]}},{"type":"Feature","properties":{"pop":1443,"dens":4729.884741563073,"hu":1111},"geometry":{"type":"Polygon","coordinates":[[[-111.7064,33.4103],[-111.7064,33.4084],[-111.695,33.4085],[-111.6944,33.4115],[-111.6954,33.4156],[-111.7052,33.4156],[-111.7052,33.4115],[-111.7064,33.4103]]]}},{"type":"Feature","properties":{"pop":355,"dens":1209.943129548217,"hu":182},"geometry":{"type":"Polygon","coordinates":[[[-111.6954,33.4156],[-111.6944,33.4115],[-111.695,33.4085],[-111.6846,33.4086],[-111.6845,33.4157],[-111.6954,33.4156]]]}},{"type":"Feature","properties":{"pop":1846,"dens":3669.6485608730773,"hu":1151},"geometry":{"type":"Polygon","coordinates":[[[-111.6845,33.409],[-111.6817,33.4079],[-111.6675,33.4079],[-111.6674,33.4152],[-111.6845,33.4157],[-111.6845,33.409]]]}},{"type":"Feature","properties":{"pop":1052,"dens":5135.028425584656,"hu":1154},"geometry":{"type":"Polygon","coordinates":[[[-111.6675,33.4097],[-111.6675,33.4079],[-111.6604,33.4079],[-111.6603,33.4152],[-111.6674,33.4152],[-111.6675,33.4097]]]}},{"type":"Feature","properties":{"pop":1450,"dens":4860.955486829804,"hu":591},"geometry":{"type":"Polygon","coordinates":[[[-111.6604,33.4079],[-111.6501,33.4079],[-111.6501,33.4152],[-111.6603,33.4152],[-111.6604,33.4079]]]}},{"type":"Feature","properties":{"pop":2315,"dens":4566.966504708592,"hu":1410},"geometry":{"type":"Polygon","coordinates":[[[-111.6501,33.4079],[-111.6327,33.4079],[-111.6327,33.4151],[-111.6501,33.4152],[-111.6501,33.4079]]]}},{"type":"Feature","properties":{"pop":525,"dens":2083.694800973238,"hu":437},"geometry":{"type":"Polygon","coordinates":[[[-111.6154,33.4092],[-111.6154,33.4078],[-111.6063,33.4078],[-111.6066,33.4151],[-111.6153,33.4151],[-111.6154,33.4092]]]}},{"type":"Feature","properties":{"pop":3016,"dens":6002.156866404753,"hu":1473},"geometry":{"type":"Polygon","coordinates":[[[-111.6327,33.4093],[-111.6327,33.4079],[-111.6154,33.4078],[-111.6153,33.4151],[-111.6327,33.4151],[-111.6327,33.4093]]]}},{"type":"Feature","properties":{"pop":2145,"dens":4269.245051557414,"hu":1169},"geometry":{"type":"Polygon","coordinates":[[[-111.5981,33.4087],[-111.598,33.4078],[-111.5807,33.4078],[-111.5807,33.4151],[-111.598,33.4151],[-111.5981,33.4087]]]}},{"type":"Feature","properties":{"pop":1186,"dens":4746.220411624225,"hu":459},"geometry":{"type":"Polygon","coordinates":[[[-111.6067,33.4102],[-111.6063,33.4078],[-111.598,33.4078],[-111.598,33.4151],[-111.6066,33.4151],[-111.6067,33.4102]]]}},{"type":"Feature","properties":{"pop":3756,"dens":6987.4379648721215,"hu":1926},"geometry":{"type":"Polygon","coordinates":[[[-111.6328,33.3943],[-111.6328,33.3934],[-111.6196,33.3933],[-111.6195,33.3988],[-111.6241,33.3988],[-111.6241,33.4006],[-111.6197,33.4006],[-111.6197,33.4042],[-111.6327,33.4042],[-111.6328,33.3943]]]}},{"type":"Feature","properties":{"pop":1461,"dens":5811.643084527747,"hu":668},"geometry":{"type":"Polygon","coordinates":[[[-111.6327,33.4051],[-111.6327,33.4042],[-111.6154,33.4042],[-111.6154,33.4078],[-111.6327,33.4079],[-111.6327,33.4051]]]}},{"type":"Feature","properties":{"pop":2748,"dens":3987.466163240781,"hu":1434},"geometry":{"type":"Polygon","coordinates":[[[-111.6328,33.3918],[-111.6328,33.3865],[-111.6154,33.3866],[-111.6154,33.4042],[-111.6197,33.4042],[-111.6197,33.4006],[-111.6241,33.4006],[-111.6241,33.3988],[-111.6195,33.3988],[-111.6196,33.3933],[-111.6328,33.3934],[-111.6328,33.3918]]]}},{"type":"Feature","properties":{"pop":1782,"dens":3446.035509138877,"hu":587},"geometry":{"type":"Polygon","coordinates":[[[-111.6362,33.3796],[-111.6362,33.3791],[-111.6189,33.379],[-111.6185,33.3813],[-111.6156,33.3838],[-111.6154,33.3866],[-111.6328,33.3865],[-111.6332,33.3841],[-111.6356,33.3815],[-111.6362,33.3796]]]}},{"type":"Feature","properties":{"pop":2528,"dens":5164.850568710924,"hu":1154},"geometry":{"type":"Polygon","coordinates":[[[-111.6501,33.3935],[-111.6415,33.3934],[-111.6414,33.3981],[-111.6424,33.3988],[-111.6414,33.4003],[-111.6417,33.4078],[-111.6501,33.4079],[-111.6501,33.3935]]]}},{"type":"Feature","properties":{"pop":1503,"dens":2947.036768447971,"hu":894},"geometry":{"type":"Polygon","coordinates":[[[-111.6424,33.3988],[-111.6414,33.3981],[-111.6415,33.3934],[-111.6328,33.3934],[-111.6327,33.4079],[-111.6417,33.4078],[-111.6414,33.4003],[-111.6424,33.3988]]]}},{"type":"Feature","properties":{"pop":3222,"dens":3197.7495541040366,"hu":1525},"geometry":{"type":"Polygon","coordinates":[[[-111.6879,33.3801],[-111.6879,33.3794],[-111.6675,33.3793],[-111.6675,33.3934],[-111.6815,33.3933],[-111.6847,33.394],[-111.6849,33.3844],[-111.6879,33.3801]]]}},{"type":"Feature","properties":{"pop":2176,"dens":4642.648847722392,"hu":1428},"geometry":{"type":"Polygon","coordinates":[[[-111.6675,33.388],[-111.6675,33.3866],[-111.6503,33.3865],[-111.6501,33.3934],[-111.6675,33.3934],[-111.6675,33.388]]]}},{"type":"Feature","properties":{"pop":2509,"dens":4869.369581537493,"hu":882},"geometry":{"type":"Polygon","coordinates":[[[-111.6675,33.3805],[-111.6675,33.3793],[-111.6498,33.3792],[-111.6501,33.3861],[-111.6675,33.3866],[-111.6675,33.3805]]]}},{"type":"Feature","properties":{"pop":1705,"dens":1837.4540264672346,"hu":1474},"geometry":{"type":"Polygon","coordinates":[[[-111.6503,33.3865],[-111.6498,33.3792],[-111.6362,33.3791],[-111.6357,33.3813],[-111.6329,33.3849],[-111.6328,33.3934],[-111.6501,33.3934],[-111.6503,33.3865]]]}},{"type":"Feature","properties":{"pop":2200,"dens":4329.8296361057655,"hu":929},"geometry":{"type":"Polygon","coordinates":[[[-111.7367,33.3866],[-111.7194,33.3865],[-111.7193,33.3939],[-111.7365,33.3938],[-111.7367,33.3866]]]}},{"type":"Feature","properties":{"pop":541,"dens":1002.5110078432969,"hu":329},"geometry":{"type":"Polygon","coordinates":[[[-111.7397,33.38],[-111.7397,33.3792],[-111.7195,33.3793],[-111.7194,33.3865],[-111.7367,33.3864],[-111.7397,33.38]]]}},{"type":"Feature","properties":{"pop":1671,"dens":6830.652729110358,"hu":556},"geometry":{"type":"Polygon","coordinates":[[[-111.7192,33.4017],[-111.7139,33.4016],[-111.7138,33.3996],[-111.7097,33.3998],[-111.7113,33.4059],[-111.7134,33.4084],[-111.7192,33.4084],[-111.7192,33.4017]]]}},{"type":"Feature","properties":{"pop":2259,"dens":7554.233966098755,"hu":622},"geometry":{"type":"Polygon","coordinates":[[[-111.7193,33.3945],[-111.7193,33.3939],[-111.7063,33.3939],[-111.7097,33.3998],[-111.714,33.3997],[-111.7139,33.4016],[-111.7192,33.4015],[-111.7193,33.3945]]]}},{"type":"Feature","properties":{"pop":3071,"dens":6643.294668941605,"hu":1105},"geometry":{"type":"Polygon","coordinates":[[[-111.7194,33.3866],[-111.7017,33.3866],[-111.7027,33.3884],[-111.703,33.3906],[-111.7053,33.3923],[-111.7063,33.3939],[-111.7193,33.3939],[-111.7194,33.3866]]]}},{"type":"Feature","properties":{"pop":1207,"dens":2102.087850660851,"hu":622},"geometry":{"type":"Polygon","coordinates":[[[-111.7195,33.3811],[-111.7195,33.3793],[-111.6973,33.3794],[-111.7017,33.3866],[-111.7194,33.3865],[-111.7195,33.3811]]]}},{"type":"Feature","properties":{"pop":826,"dens":1570.9505102504284,"hu":881},"geometry":{"type":"Polygon","coordinates":[[[-111.7134,33.4084],[-111.7113,33.4059],[-111.7094,33.3989],[-111.7063,33.3939],[-111.702,33.3939],[-111.7021,33.3959],[-111.7049,33.4005],[-111.7039,33.4031],[-111.7021,33.4038],[-111.6936,33.4044],[-111.695,33.4063],[-111.695,33.4085],[-111.7134,33.4084]]]}},{"type":"Feature","properties":{"pop":2245,"dens":2401.8070168446206,"hu":1926},"geometry":{"type":"Polygon","coordinates":[[[-111.7049,33.4012],[-111.7037,33.3979],[-111.7021,33.3958],[-111.702,33.3939],[-111.6847,33.394],[-111.6846,33.4086],[-111.695,33.4085],[-111.695,33.4063],[-111.6936,33.4044],[-111.7026,33.4037],[-111.7043,33.4027],[-111.7049,33.4012]]]}},{"type":"Feature","properties":{"pop":518,"dens":554.9216138118678,"hu":411},"geometry":{"type":"Polygon","coordinates":[[[-111.7062,33.3939],[-111.7053,33.3923],[-111.703,33.3906],[-111.7025,33.388],[-111.6973,33.3794],[-111.6879,33.3794],[-111.6876,33.3813],[-111.6851,33.3839],[-111.6847,33.394],[-111.7062,33.3939]]]}},{"type":"Feature","properties":{"pop":994,"dens":5943.024283185659,"hu":284},"geometry":{"type":"Polygon","coordinates":[[[-111.6537,33.3789],[-111.6535,33.372],[-111.6464,33.3719],[-111.6483,33.3762],[-111.6485,33.3792],[-111.6537,33.3789]]]}},{"type":"Feature","properties":{"pop":1361,"dens":4026.437835883342,"hu":1008},"geometry":{"type":"Polygon","coordinates":[[[-111.6485,33.3792],[-111.6483,33.3762],[-111.6464,33.3719],[-111.636,33.372],[-111.6362,33.3791],[-111.6485,33.3792]]]}},{"type":"Feature","properties":{"pop":1184,"dens":4906.028203197263,"hu":447},"geometry":{"type":"Polygon","coordinates":[[[-111.6535,33.372],[-111.6534,33.3648],[-111.6442,33.3647],[-111.6449,33.3685],[-111.6464,33.3719],[-111.6535,33.372]]]}},{"type":"Feature","properties":{"pop":1027,"dens":3937.7817691726027,"hu":847},"geometry":{"type":"Polygon","coordinates":[[[-111.6464,33.3719],[-111.6449,33.3685],[-111.6442,33.3647],[-111.6359,33.3647],[-111.636,33.372],[-111.6464,33.3719]]]}},{"type":"Feature","properties":{"pop":2549,"dens":1695.2208973712575,"hu":773},"geometry":{"type":"Polygon","coordinates":[[[-111.6877,33.365],[-111.6874,33.3506],[-111.6618,33.3504],[-111.6618,33.3598],[-111.6616,33.3605],[-111.6599,33.3608],[-111.6604,33.3648],[-111.6877,33.365]]]}},{"type":"Feature","properties":{"pop":1471,"dens":3116.0568015491144,"hu":475},"geometry":{"type":"Polygon","coordinates":[[[-111.6619,33.3568],[-111.6618,33.3504],[-111.6531,33.3503],[-111.6534,33.3648],[-111.6604,33.3648],[-111.6599,33.3607],[-111.6616,33.3605],[-111.6619,33.3568]]]}},{"type":"Feature","properties":{"pop":3014,"dens":2998.847737538225,"hu":1116},"geometry":{"type":"Polygon","coordinates":[[[-111.6534,33.3646],[-111.6531,33.3503],[-111.6357,33.3502],[-111.6359,33.3647],[-111.6534,33.3646]]]}},{"type":"Feature","properties":{"pop":2786,"dens":5722.79369168081,"hu":1154},"geometry":{"type":"Polygon","coordinates":[[[-111.6362,33.3791],[-111.6361,33.3755],[-111.6345,33.3754],[-111.6332,33.3744],[-111.6324,33.37],[-111.631,33.3682],[-111.6289,33.3673],[-111.6256,33.3672],[-111.6236,33.3678],[-111.6222,33.3691],[-111.6215,33.3707],[-111.6217,33.3736],[-111.6257,33.3769],[-111.6262,33.3791],[-111.6362,33.3791]]]}},{"type":"Feature","properties":{"pop":1209,"dens":5699.242343534402,"hu":548},"geometry":{"type":"Polygon","coordinates":[[[-111.6361,33.3755],[-111.6359,33.3647],[-111.6273,33.3646],[-111.6273,33.3672],[-111.6297,33.3675],[-111.6314,33.3686],[-111.6324,33.3702],[-111.6331,33.3743],[-111.6343,33.3753],[-111.6361,33.3755]]]}},{"type":"Feature","properties":{"pop":1468,"dens":4977.770654509323,"hu":499},"geometry":{"type":"Polygon","coordinates":[[[-111.6273,33.3659],[-111.6273,33.3646],[-111.6187,33.3645],[-111.6189,33.379],[-111.6262,33.3791],[-111.6255,33.3767],[-111.6218,33.374],[-111.6215,33.3707],[-111.6229,33.3683],[-111.6249,33.3673],[-111.6273,33.3672],[-111.6273,33.3659]]]}},{"type":"Feature","properties":{"pop":2821,"dens":2838.993377882878,"hu":946},"geometry":{"type":"Polygon","coordinates":[[[-111.6359,33.3647],[-111.6357,33.3502],[-111.6186,33.3501],[-111.6187,33.3645],[-111.6359,33.3647]]]}},{"type":"Feature","properties":{"pop":3540,"dens":3553.324775394862,"hu":986},"geometry":{"type":"Polygon","coordinates":[[[-111.6187,33.3645],[-111.6186,33.3501],[-111.6012,33.3499],[-111.6013,33.3644],[-111.6187,33.3645]]]}},{"type":"Feature","properties":{"pop":4097,"dens":4063.7605305836155,"hu":1216},"geometry":{"type":"Polygon","coordinates":[[[-111.619,33.3785],[-111.6187,33.3645],[-111.6013,33.3644],[-111.6017,33.3789],[-111.6187,33.379],[-111.619,33.3785]]]}},{"type":"Feature","properties":{"pop":2620,"dens":2314.321767496653,"hu":2080},"geometry":{"type":"Polygon","coordinates":[[[-111.6017,33.3789],[-111.6013,33.3644],[-111.5976,33.364],[-111.5917,33.3613],[-111.584,33.3618],[-111.5843,33.3788],[-111.6017,33.3789]]]}},{"type":"Feature","properties":{"pop":1851,"dens":2136.577063202464,"hu":710},"geometry":{"type":"Polygon","coordinates":[[[-111.6013,33.3644],[-111.6012,33.3499],[-111.5839,33.3498],[-111.584,33.3618],[-111.5917,33.3613],[-111.5976,33.364],[-111.6013,33.3644]]]}},{"type":"Feature","properties":{"pop":5923,"dens":4998.500059029213,"hu":1649},"geometry":{"type":"Polygon","coordinates":[[[-111.6026,33.3363],[-111.6025,33.321],[-111.5921,33.3209],[-111.5924,33.3498],[-111.6025,33.3499],[-111.6026,33.3363]]]}},{"type":"Feature","properties":{"pop":1337,"dens":5450.959070151037,"hu":439},"geometry":{"type":"Polygon","coordinates":[[[-111.5924,33.3498],[-111.5923,33.3426],[-111.5838,33.3426],[-111.5839,33.3498],[-111.5924,33.3498]]]}},{"type":"Feature","properties":{"pop":1427,"dens":5839.361494288393,"hu":476},"geometry":{"type":"Polygon","coordinates":[[[-111.5923,33.3426],[-111.5922,33.3354],[-111.5838,33.3353],[-111.5838,33.3426],[-111.5923,33.3426]]]}},{"type":"Feature","properties":{"pop":3001,"dens":6138.2162326225325,"hu":841},"geometry":{"type":"Polygon","coordinates":[[[-111.5922,33.3354],[-111.5921,33.3209],[-111.5836,33.3209],[-111.5838,33.3353],[-111.5922,33.3354]]]}},{"type":"Feature","properties":{"pop":1161,"dens":192.59938493282613,"hu":702},"geometry":{"type":"Polygon","coordinates":[[[-111.6891,33.3054],[-111.6867,33.3013],[-111.6864,33.2887],[-111.6695,33.2887],[-111.6694,33.2925],[-111.6349,33.2922],[-111.6354,33.3154],[-111.6398,33.3176],[-111.6442,33.317],[-111.6442,33.3211],[-111.6699,33.3214],[-111.67,33.3225],[-111.6809,33.3226],[-111.6828,33.3217],[-111.6875,33.3072],[-111.6887,33.3071],[-111.6891,33.3054]]]}},{"type":"Feature","properties":{"pop":1742,"dens":3447.6120251642697,"hu":829},"geometry":{"type":"Polygon","coordinates":[[[-111.8417,33.3342],[-111.8417,33.3279],[-111.8242,33.328],[-111.8243,33.3352],[-111.8417,33.3351],[-111.8417,33.3342]]]}},{"type":"Feature","properties":{"pop":2544,"dens":5063.335282004699,"hu":1053},"geometry":{"type":"Polygon","coordinates":[[[-111.8417,33.3279],[-111.8416,33.3207],[-111.8242,33.3207],[-111.8242,33.328],[-111.8417,33.3279]]]}},{"type":"Feature","properties":{"pop":2248,"dens":8768.104230930596,"hu":763},"geometry":{"type":"Polygon","coordinates":[[[-111.8416,33.3207],[-111.8414,33.3062],[-111.8369,33.3062],[-111.8371,33.3207],[-111.8416,33.3207]]]}},{"type":"Feature","properties":{"pop":1610,"dens":13106.721060804004,"hu":367},"geometry":{"type":"Polygon","coordinates":[[[-111.8371,33.3098],[-111.8369,33.3062],[-111.8328,33.3062],[-111.8328,33.3135],[-111.8371,33.3134],[-111.8371,33.3098]]]}},{"type":"Feature","properties":{"pop":1278,"dens":10419.453667628497,"hu":478},"geometry":{"type":"Polygon","coordinates":[[[-111.8371,33.3207],[-111.8371,33.3134],[-111.8328,33.3135],[-111.8329,33.3207],[-111.8371,33.3207]]]}},{"type":"Feature","properties":{"pop":1341,"dens":10603.83091785492,"hu":379},"geometry":{"type":"Polygon","coordinates":[[[-111.8328,33.3135],[-111.8328,33.3098],[-111.8241,33.3098],[-111.8241,33.3135],[-111.8328,33.3135]]]}},{"type":"Feature","properties":{"pop":1527,"dens":6055.300963990145,"hu":664},"geometry":{"type":"Polygon","coordinates":[[[-111.8329,33.3207],[-111.8328,33.3135],[-111.8241,33.3135],[-111.8242,33.3207],[-111.8329,33.3207]]]}},{"type":"Feature","properties":{"pop":1989,"dens":15786.02300320827,"hu":492},"geometry":{"type":"Polygon","coordinates":[[[-111.8328,33.3098],[-111.8328,33.3062],[-111.8241,33.3062],[-111.8241,33.3098],[-111.8328,33.3098]]]}},{"type":"Feature","properties":{"pop":1721,"dens":6773.5618204701,"hu":485},"geometry":{"type":"Polygon","coordinates":[[[-111.8504,33.3206],[-111.8503,33.3134],[-111.8415,33.3134],[-111.8416,33.3207],[-111.8504,33.3206]]]}},{"type":"Feature","properties":{"pop":1979,"dens":7775.484707388753,"hu":674},"geometry":{"type":"Polygon","coordinates":[[[-111.8591,33.3206],[-111.8591,33.3133],[-111.8503,33.3134],[-111.8504,33.3206],[-111.8591,33.3206]]]}},{"type":"Feature","properties":{"pop":1595,"dens":6200.727293483019,"hu":517},"geometry":{"type":"Polygon","coordinates":[[[-111.8591,33.3074],[-111.8591,33.306],[-111.8502,33.3061],[-111.8503,33.3134],[-111.8591,33.3133],[-111.8591,33.3074]]]}},{"type":"Feature","properties":{"pop":664,"dens":2597.4009650870307,"hu":231},"geometry":{"type":"Polygon","coordinates":[[[-111.8503,33.3134],[-111.8502,33.3061],[-111.8414,33.3062],[-111.8415,33.3134],[-111.8503,33.3134]]]}},{"type":"Feature","properties":{"pop":2348,"dens":7921.465303537556,"hu":842},"geometry":{"type":"Polygon","coordinates":[[[-111.8591,33.3291],[-111.8591,33.3278],[-111.8504,33.3279],[-111.8503,33.3303],[-111.8475,33.3327],[-111.8472,33.3351],[-111.8591,33.3351],[-111.8591,33.3291]]]}},{"type":"Feature","properties":{"pop":658,"dens":2611.7859248666837,"hu":505},"geometry":{"type":"Polygon","coordinates":[[[-111.8591,33.3208],[-111.8504,33.3206],[-111.8504,33.3279],[-111.8591,33.3278],[-111.8591,33.3208]]]}},{"type":"Feature","properties":{"pop":1297,"dens":5151.810100538115,"hu":490},"geometry":{"type":"Polygon","coordinates":[[[-111.8504,33.3279],[-111.8504,33.3206],[-111.8416,33.3207],[-111.8417,33.3279],[-111.8504,33.3279]]]}},{"type":"Feature","properties":{"pop":2405,"dens":11678.59814353397,"hu":721},"geometry":{"type":"Polygon","coordinates":[[[-111.8504,33.3297],[-111.8504,33.3279],[-111.8417,33.3279],[-111.8417,33.3351],[-111.8472,33.3351],[-111.8475,33.3328],[-111.8504,33.3297]]]}},{"type":"Feature","properties":{"pop":2821,"dens":4652.545402321511,"hu":1087},"geometry":{"type":"Polygon","coordinates":[[[-111.8764,33.3299],[-111.8764,33.3206],[-111.8591,33.3206],[-111.8591,33.3298],[-111.8625,33.3291],[-111.8712,33.329],[-111.8714,33.3301],[-111.8764,33.3299]]]}},{"type":"Feature","properties":{"pop":1068,"dens":5707.913277812841,"hu":526},"geometry":{"type":"Polygon","coordinates":[[[-111.8764,33.3351],[-111.8764,33.3299],[-111.8733,33.3297],[-111.8714,33.3301],[-111.8717,33.3307],[-111.8702,33.3312],[-111.8682,33.3314],[-111.8682,33.3318],[-111.867,33.3316],[-111.8653,33.3345],[-111.8653,33.3351],[-111.8764,33.3351]]]}},{"type":"Feature","properties":{"pop":835,"dens":4021.3310155337826,"hu":337},"geometry":{"type":"Polygon","coordinates":[[[-111.8717,33.3307],[-111.8712,33.329],[-111.8625,33.3291],[-111.8591,33.3298],[-111.8591,33.3351],[-111.8653,33.3351],[-111.8655,33.3337],[-111.867,33.3316],[-111.8682,33.3318],[-111.8682,33.3314],[-111.8717,33.3307]]]}},{"type":"Feature","properties":{"pop":1172,"dens":4676.095062313292,"hu":336},"geometry":{"type":"Polygon","coordinates":[[[-111.8678,33.3206],[-111.8677,33.3133],[-111.8591,33.3133],[-111.8591,33.3206],[-111.8678,33.3206]]]}},{"type":"Feature","properties":{"pop":1494,"dens":6002.992021416463,"hu":527},"geometry":{"type":"Polygon","coordinates":[[[-111.8747,33.3108],[-111.8741,33.3092],[-111.8728,33.3085],[-111.8677,33.3097],[-111.8678,33.3206],[-111.8702,33.3206],[-111.8707,33.3186],[-111.8737,33.316],[-111.8747,33.3108]]]}},{"type":"Feature","properties":{"pop":1385,"dens":6766.781354244565,"hu":515},"geometry":{"type":"Polygon","coordinates":[[[-111.8677,33.3133],[-111.8677,33.3097],[-111.8629,33.3097],[-111.8636,33.3071],[-111.8676,33.3071],[-111.8677,33.306],[-111.8591,33.306],[-111.8591,33.3133],[-111.8677,33.3133]]]}},{"type":"Feature","properties":{"pop":1687,"dens":5643.858055376437,"hu":898},"geometry":{"type":"Polygon","coordinates":[[[-111.8764,33.3172],[-111.8763,33.306],[-111.8677,33.306],[-111.8676,33.3071],[-111.8636,33.3071],[-111.8629,33.3097],[-111.8692,33.3096],[-111.8725,33.3085],[-111.8746,33.31],[-111.8741,33.3154],[-111.8706,33.3188],[-111.8702,33.3206],[-111.8764,33.3206],[-111.8764,33.3172]]]}},{"type":"Feature","properties":{"pop":500,"dens":1892.224359079583,"hu":208},"geometry":{"type":"Polygon","coordinates":[[[-111.8417,33.2918],[-111.8369,33.2916],[-111.8369,33.3062],[-111.8414,33.3062],[-111.8417,33.2918]]]}},{"type":"Feature","properties":{"pop":3596,"dens":9685.744702668564,"hu":1094},"geometry":{"type":"Polygon","coordinates":[[[-111.837,33.3034],[-111.837,33.2989],[-111.8242,33.2989],[-111.8241,33.3062],[-111.8369,33.3062],[-111.837,33.3034]]]}},{"type":"Feature","properties":{"pop":1354,"dens":3677.0880355596805,"hu":478},"geometry":{"type":"Polygon","coordinates":[[[-111.837,33.2989],[-111.8369,33.2916],[-111.8243,33.2917],[-111.8242,33.2989],[-111.837,33.2989]]]}},{"type":"Feature","properties":{"pop":1814,"dens":7539.300112817118,"hu":693},"geometry":{"type":"Polygon","coordinates":[[[-111.8763,33.306],[-111.8762,33.2987],[-111.8667,33.2987],[-111.8665,33.3007],[-111.8692,33.3025],[-111.87,33.304],[-111.8677,33.3043],[-111.8677,33.306],[-111.8763,33.306]]]}},{"type":"Feature","properties":{"pop":964,"dens":7571.8020399194065,"hu":397},"geometry":{"type":"Polygon","coordinates":[[[-111.8676,33.2987],[-111.8676,33.295],[-111.8589,33.2952],[-111.8589,33.2988],[-111.8676,33.2987]]]}},{"type":"Feature","properties":{"pop":1217,"dens":4623.1096480266615,"hu":685},"geometry":{"type":"Polygon","coordinates":[[[-111.87,33.3042],[-111.8692,33.3025],[-111.8665,33.3007],[-111.8667,33.2987],[-111.8589,33.2988],[-111.8591,33.306],[-111.8677,33.306],[-111.8677,33.3043],[-111.87,33.3042]]]}},{"type":"Feature","properties":{"pop":1341,"dens":3537.7966376065388,"hu":689},"geometry":{"type":"Polygon","coordinates":[[[-111.8763,33.2977],[-111.8762,33.2914],[-111.8588,33.2915],[-111.8589,33.2952],[-111.8676,33.295],[-111.8676,33.2987],[-111.8762,33.2987],[-111.8763,33.2977]]]}},{"type":"Feature","properties":{"pop":1227,"dens":3067.163942342821,"hu":795},"geometry":{"type":"Polygon","coordinates":[[[-111.8591,33.306],[-111.8589,33.2988],[-111.8461,33.2989],[-111.8466,33.302],[-111.8453,33.3023],[-111.8453,33.3034],[-111.8464,33.3035],[-111.846,33.3045],[-111.8414,33.3046],[-111.8414,33.3062],[-111.8591,33.306]]]}},{"type":"Feature","properties":{"pop":2075,"dens":8790.64039173711,"hu":723},"geometry":{"type":"Polygon","coordinates":[[[-111.8481,33.2917],[-111.8438,33.2916],[-111.8438,33.2944],[-111.8459,33.2944],[-111.8459,33.2952],[-111.8416,33.2953],[-111.8414,33.3046],[-111.8461,33.3043],[-111.8464,33.3035],[-111.8453,33.3034],[-111.8453,33.3023],[-111.8466,33.302],[-111.8461,33.2989],[-111.8471,33.2989],[-111.8472,33.2952],[-111.8481,33.2917]]]}},{"type":"Feature","properties":{"pop":577,"dens":14732.005063774695,"hu":397},"geometry":{"type":"Polygon","coordinates":[[[-111.8459,33.2946],[-111.8438,33.2944],[-111.8438,33.2916],[-111.8417,33.2916],[-111.8416,33.2953],[-111.8458,33.2953],[-111.8459,33.2946]]]}},{"type":"Feature","properties":{"pop":1471,"dens":4404.86663733806,"hu":550},"geometry":{"type":"Polygon","coordinates":[[[-111.8589,33.2988],[-111.8588,33.2915],[-111.8481,33.2916],[-111.8472,33.2952],[-111.8471,33.2989],[-111.8589,33.2988]]]}},{"type":"Feature","properties":{"pop":1159,"dens":1863.3911853413788,"hu":414},"geometry":{"type":"Polygon","coordinates":[[[-111.9284,33.3347],[-111.9282,33.3225],[-111.9197,33.3237],[-111.9197,33.3274],[-111.916,33.3278],[-111.916,33.3297],[-111.9149,33.3296],[-111.9148,33.3278],[-111.912,33.3278],[-111.9119,33.3287],[-111.9111,33.3287],[-111.9112,33.3346],[-111.9284,33.3347]]]}},{"type":"Feature","properties":{"pop":2042,"dens":3917.384821001126,"hu":699},"geometry":{"type":"Polygon","coordinates":[[[-111.9112,33.3346],[-111.9111,33.3274],[-111.8934,33.3277],[-111.8931,33.3349],[-111.9112,33.3346]]]}},{"type":"Feature","properties":{"pop":2535,"dens":7566.478896896283,"hu":1026},"geometry":{"type":"Polygon","coordinates":[[[-111.9111,33.322],[-111.9111,33.3201],[-111.8943,33.3203],[-111.894,33.3254],[-111.9051,33.3258],[-111.9069,33.3242],[-111.9111,33.324],[-111.9111,33.322]]]}},{"type":"Feature","properties":{"pop":951,"dens":5724.295095913715,"hu":340},"geometry":{"type":"Polygon","coordinates":[[[-111.9111,33.3271],[-111.9111,33.324],[-111.9069,33.3242],[-111.9051,33.3258],[-111.9001,33.3259],[-111.8995,33.3252],[-111.894,33.3254],[-111.8943,33.3239],[-111.8939,33.3238],[-111.8934,33.3277],[-111.9111,33.3271]]]}},{"type":"Feature","properties":{"pop":1515,"dens":4204.560065174151,"hu":712},"geometry":{"type":"Polygon","coordinates":[[[-111.8942,33.3212],[-111.8943,33.3203],[-111.8809,33.3205],[-111.8813,33.3238],[-111.8807,33.3239],[-111.8807,33.3247],[-111.8813,33.3258],[-111.8831,33.3254],[-111.8842,33.3273],[-111.8842,33.3289],[-111.886,33.3289],[-111.888,33.3277],[-111.8934,33.3277],[-111.8942,33.3212]]]}},{"type":"Feature","properties":{"pop":1001,"dens":4052.817340139475,"hu":329},"geometry":{"type":"Polygon","coordinates":[[[-111.8844,33.3282],[-111.8831,33.3254],[-111.8813,33.3258],[-111.8808,33.3249],[-111.8807,33.3239],[-111.8813,33.3238],[-111.8809,33.3205],[-111.8764,33.3206],[-111.8764,33.3311],[-111.8829,33.3307],[-111.8829,33.33],[-111.8838,33.33],[-111.8844,33.3282]]]}},{"type":"Feature","properties":{"pop":3695,"dens":9659.407707522918,"hu":1349},"geometry":{"type":"Polygon","coordinates":[[[-111.8934,33.328],[-111.888,33.3277],[-111.886,33.3289],[-111.8842,33.3289],[-111.8838,33.33],[-111.8829,33.33],[-111.8829,33.3307],[-111.8764,33.3311],[-111.8764,33.3351],[-111.8931,33.3349],[-111.8934,33.328]]]}},{"type":"Feature","properties":{"pop":1480,"dens":3891.1455248053803,"hu":581},"geometry":{"type":"Polygon","coordinates":[[[-111.9282,33.3225],[-111.9282,33.32],[-111.9111,33.3201],[-111.9111,33.3287],[-111.9119,33.3287],[-111.912,33.3278],[-111.9148,33.3278],[-111.9149,33.3296],[-111.916,33.3297],[-111.916,33.3278],[-111.9197,33.3274],[-111.9197,33.3237],[-111.9282,33.3225]]]}},{"type":"Feature","properties":{"pop":1308,"dens":5530.293859966741,"hu":404},"geometry":{"type":"Polygon","coordinates":[[[-111.9197,33.316],[-111.919,33.3141],[-111.9173,33.313],[-111.9111,33.3127],[-111.9111,33.3201],[-111.9196,33.32],[-111.9197,33.316]]]}},{"type":"Feature","properties":{"pop":1621,"dens":2901.8896173276426,"hu":640},"geometry":{"type":"Polygon","coordinates":[[[-111.9285,33.3091],[-111.9286,33.3054],[-111.9111,33.3054],[-111.9111,33.3127],[-111.9173,33.313],[-111.9188,33.3139],[-111.9197,33.316],[-111.9203,33.316],[-111.9203,33.3152],[-111.9214,33.3148],[-111.9221,33.3153],[-111.9246,33.3139],[-111.9246,33.3127],[-111.9284,33.3127],[-111.9285,33.3091]]]}},{"type":"Feature","properties":{"pop":1743,"dens":8415.064655717795,"hu":890},"geometry":{"type":"Polygon","coordinates":[[[-111.9283,33.3153],[-111.9284,33.3127],[-111.9246,33.3127],[-111.9246,33.3139],[-111.9221,33.3153],[-111.9214,33.3148],[-111.9203,33.3152],[-111.9203,33.316],[-111.9197,33.316],[-111.9196,33.32],[-111.9282,33.32],[-111.9283,33.3153]]]}},{"type":"Feature","properties":{"pop":1222,"dens":5330.465991675224,"hu":470},"geometry":{"type":"Polygon","coordinates":[[[-111.9111,33.3201],[-111.9111,33.3155],[-111.9068,33.3161],[-111.9068,33.3154],[-111.9059,33.3152],[-111.9056,33.3158],[-111.9039,33.3149],[-111.9021,33.3151],[-111.8979,33.3177],[-111.8981,33.3203],[-111.9111,33.3201]]]}},{"type":"Feature","properties":{"pop":2216,"dens":7627.976008552438,"hu":843},"geometry":{"type":"Polygon","coordinates":[[[-111.9039,33.3149],[-111.9029,33.3056],[-111.8961,33.3058],[-111.8962,33.3079],[-111.8971,33.3096],[-111.896,33.312],[-111.897,33.3167],[-111.8979,33.3177],[-111.9014,33.3153],[-111.9039,33.3149]]]}},{"type":"Feature","properties":{"pop":2113,"dens":6693.051140664943,"hu":804},"geometry":{"type":"Polygon","coordinates":[[[-111.9111,33.3074],[-111.9111,33.3054],[-111.9029,33.3056],[-111.9035,33.314],[-111.9041,33.3151],[-111.9056,33.3158],[-111.9059,33.3152],[-111.9068,33.3154],[-111.9068,33.3161],[-111.9111,33.3155],[-111.9111,33.3074]]]}},{"type":"Feature","properties":{"pop":1396,"dens":10374.990538837717,"hu":720},"geometry":{"type":"Polygon","coordinates":[[[-111.8981,33.3202],[-111.898,33.318],[-111.8967,33.3163],[-111.896,33.3133],[-111.8961,33.3115],[-111.8971,33.3093],[-111.8962,33.3079],[-111.8961,33.3058],[-111.8944,33.3059],[-111.8943,33.3203],[-111.8981,33.3202]]]}},{"type":"Feature","properties":{"pop":2384,"dens":4556.34330446566,"hu":901},"geometry":{"type":"Polygon","coordinates":[[[-111.8945,33.3162],[-111.8945,33.3131],[-111.8764,33.3133],[-111.8764,33.3206],[-111.8943,33.3203],[-111.8945,33.3162]]]}},{"type":"Feature","properties":{"pop":1879,"dens":3584.1163887582297,"hu":760},"geometry":{"type":"Polygon","coordinates":[[[-111.8945,33.3131],[-111.8944,33.3059],[-111.8763,33.306],[-111.8764,33.3133],[-111.8945,33.3131]]]}},{"type":"Feature","properties":{"pop":1474,"dens":1898.0944395305314,"hu":530},"geometry":{"type":"Polygon","coordinates":[[[-111.9296,33.2909],[-111.9111,33.291],[-111.9111,33.3054],[-111.9199,33.3054],[-111.9199,33.2995],[-111.926,33.2994],[-111.9283,33.2947],[-111.9287,33.292],[-111.9296,33.2909]]]}},{"type":"Feature","properties":{"pop":1269,"dens":7091.993348294677,"hu":406},"geometry":{"type":"Polygon","coordinates":[[[-111.9287,33.3038],[-111.9289,33.3032],[-111.9264,33.3017],[-111.926,33.2994],[-111.9199,33.2995],[-111.9199,33.3054],[-111.9286,33.3054],[-111.9287,33.3038]]]}},{"type":"Feature","properties":{"pop":2550,"dens":2603.177811904826,"hu":935},"geometry":{"type":"Polygon","coordinates":[[[-111.9112,33.3045],[-111.9111,33.291],[-111.8936,33.2911],[-111.8935,33.2938],[-111.8945,33.2955],[-111.8944,33.3059],[-111.9111,33.3054],[-111.9112,33.3045]]]}},{"type":"Feature","properties":{"pop":3003,"dens":2869.7761819778493,"hu":1414},"geometry":{"type":"Polygon","coordinates":[[[-111.8945,33.2955],[-111.8935,33.2938],[-111.8936,33.2911],[-111.89,33.2916],[-111.8864,33.2908],[-111.8851,33.2913],[-111.8762,33.2914],[-111.8763,33.306],[-111.8944,33.3059],[-111.8945,33.2955]]]}},{"type":"Feature","properties":{"pop":1516,"dens":7017.056895556036,"hu":530},"geometry":{"type":"Polygon","coordinates":[[[-111.8193,33.3241],[-111.8184,33.3208],[-111.8069,33.3209],[-111.8069,33.3245],[-111.8083,33.3244],[-111.8086,33.3261],[-111.8097,33.3269],[-111.8134,33.3265],[-111.813,33.3244],[-111.8174,33.3247],[-111.8193,33.3241]]]}},{"type":"Feature","properties":{"pop":1467,"dens":5524.485271719292,"hu":481},"geometry":{"type":"Polygon","coordinates":[[[-111.8242,33.328],[-111.8242,33.3207],[-111.8184,33.3208],[-111.8193,33.3241],[-111.8174,33.3247],[-111.813,33.3244],[-111.8134,33.3265],[-111.8118,33.327],[-111.8094,33.3268],[-111.8085,33.326],[-111.8083,33.3244],[-111.8069,33.3245],[-111.8069,33.3279],[-111.8242,33.328]]]}},{"type":"Feature","properties":{"pop":727,"dens":2886.849898134605,"hu":253},"geometry":{"type":"Polygon","coordinates":[[[-111.8242,33.3207],[-111.8241,33.3135],[-111.816,33.3135],[-111.816,33.314],[-111.8175,33.3141],[-111.8159,33.3171],[-111.8164,33.3174],[-111.8132,33.3193],[-111.8126,33.3208],[-111.8242,33.3207]]]}},{"type":"Feature","properties":{"pop":1339,"dens":5151.378185467703,"hu":430},"geometry":{"type":"Polygon","coordinates":[[[-111.8175,33.3147],[-111.8175,33.314],[-111.816,33.314],[-111.815,33.3131],[-111.8069,33.3134],[-111.8069,33.3209],[-111.8126,33.3208],[-111.8132,33.3193],[-111.8164,33.3174],[-111.8159,33.3171],[-111.8175,33.3147]]]}},{"type":"Feature","properties":{"pop":1930,"dens":8735.125633285848,"hu":589},"geometry":{"type":"Polygon","coordinates":[[[-111.8155,33.3073],[-111.8155,33.3063],[-111.807,33.3064],[-111.8069,33.3134],[-111.815,33.3131],[-111.8151,33.3107],[-111.8142,33.3101],[-111.8151,33.31],[-111.8151,33.3082],[-111.8143,33.3081],[-111.8145,33.3073],[-111.8155,33.3073]]]}},{"type":"Feature","properties":{"pop":1414,"dens":5438.297618546387,"hu":520},"geometry":{"type":"Polygon","coordinates":[[[-111.8241,33.3071],[-111.8241,33.3062],[-111.8155,33.3063],[-111.8155,33.3073],[-111.8145,33.3073],[-111.8143,33.3081],[-111.8151,33.3082],[-111.8151,33.31],[-111.8142,33.3101],[-111.8151,33.3107],[-111.815,33.3131],[-111.8241,33.3135],[-111.8241,33.3071]]]}},{"type":"Feature","properties":{"pop":2659,"dens":5384.63204261781,"hu":904},"geometry":{"type":"Polygon","coordinates":[[[-111.807,33.3065],[-111.7897,33.3064],[-111.7898,33.3137],[-111.8069,33.3134],[-111.807,33.3065]]]}},{"type":"Feature","properties":{"pop":2198,"dens":4192.389995582948,"hu":671},"geometry":{"type":"Polygon","coordinates":[[[-111.8243,33.292],[-111.807,33.2918],[-111.807,33.3043],[-111.8091,33.2991],[-111.8242,33.2989],[-111.8243,33.292]]]}},{"type":"Feature","properties":{"pop":1027,"dens":3954.9184848748037,"hu":492},"geometry":{"type":"Polygon","coordinates":[[[-111.8242,33.3],[-111.8242,33.2989],[-111.815,33.299],[-111.8143,33.3018],[-111.8156,33.3023],[-111.8155,33.3063],[-111.8241,33.3062],[-111.8242,33.3]]]}},{"type":"Feature","properties":{"pop":903,"dens":4119.055256419722,"hu":422},"geometry":{"type":"Polygon","coordinates":[[[-111.8156,33.3033],[-111.8156,33.3023],[-111.8143,33.3018],[-111.815,33.299],[-111.8091,33.2991],[-111.807,33.3043],[-111.807,33.3064],[-111.8155,33.3063],[-111.8156,33.3033]]]}},{"type":"Feature","properties":{"pop":1276,"dens":2323.958404446506,"hu":433},"geometry":{"type":"Polygon","coordinates":[[[-111.807,33.2937],[-111.807,33.2918],[-111.7896,33.2919],[-111.7896,33.2992],[-111.7988,33.2995],[-111.7988,33.3013],[-111.7996,33.3014],[-111.8012,33.3012],[-111.8035,33.2996],[-111.8069,33.2995],[-111.807,33.2937]]]}},{"type":"Feature","properties":{"pop":1563,"dens":7495.490994119379,"hu":650},"geometry":{"type":"Polygon","coordinates":[[[-111.807,33.3037],[-111.8069,33.2995],[-111.8033,33.2996],[-111.801,33.3013],[-111.7988,33.3013],[-111.7983,33.3064],[-111.807,33.3064],[-111.807,33.3037]]]}},{"type":"Feature","properties":{"pop":1500,"dens":6012.423462453247,"hu":770},"geometry":{"type":"Polygon","coordinates":[[[-111.7988,33.2998],[-111.7896,33.2992],[-111.7897,33.3064],[-111.7983,33.3064],[-111.7988,33.2998]]]}},{"type":"Feature","properties":{"pop":926,"dens":1979.0145751950813,"hu":439},"geometry":{"type":"Polygon","coordinates":[[[-111.8936,33.2911],[-111.8934,33.2832],[-111.8827,33.2834],[-111.8827,33.2862],[-111.8762,33.2867],[-111.8762,33.2914],[-111.8851,33.2913],[-111.8864,33.2908],[-111.89,33.2916],[-111.8936,33.2911]]]}},{"type":"Feature","properties":{"pop":1456,"dens":2496.396017474871,"hu":374},"geometry":{"type":"Polygon","coordinates":[[[-111.8935,33.2794],[-111.8935,33.2759],[-111.8762,33.2762],[-111.8762,33.2867],[-111.8827,33.2862],[-111.8827,33.2834],[-111.8934,33.2832],[-111.8935,33.2794]]]}},{"type":"Feature","properties":{"pop":1301,"dens":6256.929371036931,"hu":426},"geometry":{"type":"Polygon","coordinates":[[[-111.8762,33.2807],[-111.8762,33.2762],[-111.8674,33.2763],[-111.8675,33.2783],[-111.8694,33.2783],[-111.8696,33.2822],[-111.8711,33.2835],[-111.8762,33.2835],[-111.8762,33.2807]]]}},{"type":"Feature","properties":{"pop":1540,"dens":5168.668406626848,"hu":547},"geometry":{"type":"Polygon","coordinates":[[[-111.8711,33.2835],[-111.8696,33.2822],[-111.8694,33.2783],[-111.8675,33.2783],[-111.8674,33.2763],[-111.8585,33.2764],[-111.8587,33.2837],[-111.8673,33.2832],[-111.868,33.2838],[-111.8711,33.2835]]]}},{"type":"Feature","properties":{"pop":1423,"dens":5025.135230871425,"hu":477},"geometry":{"type":"Polygon","coordinates":[[[-111.8762,33.2878],[-111.8762,33.2835],[-111.864,33.2834],[-111.8653,33.2843],[-111.8675,33.2844],[-111.8676,33.2915],[-111.8762,33.2914],[-111.8762,33.2878]]]}},{"type":"Feature","properties":{"pop":1686,"dens":6287.6934257109615,"hu":718},"geometry":{"type":"Polygon","coordinates":[[[-111.8676,33.2877],[-111.8675,33.2844],[-111.8653,33.2843],[-111.864,33.2834],[-111.8587,33.2837],[-111.8588,33.2915],[-111.8676,33.2915],[-111.8676,33.2877]]]}},{"type":"Feature","properties":{"pop":2172,"dens":4399.058382966021,"hu":576},"geometry":{"type":"Polygon","coordinates":[[[-111.8587,33.2837],[-111.8585,33.2764],[-111.8417,33.2766],[-111.8415,33.284],[-111.8587,33.2837]]]}},{"type":"Feature","properties":{"pop":2687,"dens":5114.766386350644,"hu":1160},"geometry":{"type":"Polygon","coordinates":[[[-111.8588,33.2915],[-111.8587,33.2837],[-111.8415,33.284],[-111.8417,33.2916],[-111.8588,33.2915]]]}},{"type":"Feature","properties":{"pop":2994,"dens":4880.624412827739,"hu":952},"geometry":{"type":"Polygon","coordinates":[[[-111.807,33.2918],[-111.8069,33.2828],[-111.7897,33.283],[-111.7896,33.2919],[-111.807,33.2918]]]}},{"type":"Feature","properties":{"pop":1583,"dens":3514.5289957949194,"hu":668},"geometry":{"type":"Polygon","coordinates":[[[-111.8417,33.2905],[-111.8416,33.2874],[-111.8376,33.2871],[-111.828,33.2832],[-111.8242,33.2826],[-111.8243,33.2917],[-111.8417,33.2916],[-111.8417,33.2905]]]}},{"type":"Feature","properties":{"pop":1825,"dens":2928.331482392675,"hu":558},"geometry":{"type":"Polygon","coordinates":[[[-111.8243,33.291],[-111.8242,33.2826],[-111.8069,33.2828],[-111.807,33.2918],[-111.8239,33.2917],[-111.8243,33.291]]]}},{"type":"Feature","properties":{"pop":3227,"dens":9380.506939351288,"hu":1189},"geometry":{"type":"Polygon","coordinates":[[[-111.8785,33.2695],[-111.877,33.2683],[-111.8727,33.2676],[-111.8712,33.2665],[-111.8679,33.269],[-111.8658,33.2696],[-111.8662,33.2737],[-111.8674,33.2763],[-111.8762,33.2762],[-111.8762,33.2717],[-111.8785,33.2695]]]}},{"type":"Feature","properties":{"pop":2150,"dens":3594.254031621093,"hu":649},"geometry":{"type":"Polygon","coordinates":[[[-111.881,33.2617],[-111.8584,33.2618],[-111.8585,33.269],[-111.8662,33.2696],[-111.8712,33.2665],[-111.8725,33.2675],[-111.8768,33.2682],[-111.8786,33.2694],[-111.88,33.2676],[-111.881,33.2617]]]}},{"type":"Feature","properties":{"pop":969,"dens":1115.9762261646672,"hu":501},"geometry":{"type":"Polygon","coordinates":[[[-111.8935,33.2759],[-111.8933,33.2614],[-111.881,33.2615],[-111.8799,33.2679],[-111.8762,33.2717],[-111.8762,33.2762],[-111.8935,33.2759]]]}},{"type":"Feature","properties":{"pop":1143,"dens":5121.436792084795,"hu":379},"geometry":{"type":"Polygon","coordinates":[[[-111.8674,33.2763],[-111.8661,33.2734],[-111.8658,33.2696],[-111.8585,33.269],[-111.8585,33.2764],[-111.8674,33.2763]]]}},{"type":"Feature","properties":{"pop":1713,"dens":6961.224380093663,"hu":680},"geometry":{"type":"Polygon","coordinates":[[[-111.8585,33.269],[-111.8584,33.2618],[-111.8499,33.262],[-111.8492,33.2685],[-111.8537,33.2693],[-111.8585,33.269]]]}},{"type":"Feature","properties":{"pop":2260,"dens":4495.817320617964,"hu":748},"geometry":{"type":"Polygon","coordinates":[[[-111.8585,33.2764],[-111.8585,33.269],[-111.8537,33.2693],[-111.8492,33.2685],[-111.8492,33.2693],[-111.8415,33.2694],[-111.8417,33.2766],[-111.8585,33.2764]]]}},{"type":"Feature","properties":{"pop":909,"dens":3812.8047670603473,"hu":302},"geometry":{"type":"Polygon","coordinates":[[[-111.85,33.265],[-111.8499,33.262],[-111.8414,33.2621],[-111.8415,33.2694],[-111.8492,33.2693],[-111.85,33.265]]]}},{"type":"Feature","properties":{"pop":233,"dens":83.5338800678223,"hu":101},"geometry":{"type":"Polygon","coordinates":[[[-111.8242,33.2826],[-111.8241,33.2624],[-111.7895,33.2629],[-111.7897,33.283],[-111.8242,33.2826]]]}},{"type":"Feature","properties":{"pop":3889,"dens":1082.858639898316,"hu":1301},"geometry":{"type":"Polygon","coordinates":[[[-111.8417,33.2782],[-111.8413,33.2476],[-111.8067,33.2481],[-111.8068,33.2626],[-111.8241,33.2624],[-111.8242,33.2826],[-111.828,33.2832],[-111.8376,33.2871],[-111.8416,33.2874],[-111.8417,33.2782]]]}},{"type":"Feature","properties":{"pop":2449,"dens":5515.532636786565,"hu":702},"geometry":{"type":"Polygon","coordinates":[[[-111.7896,33.2738],[-111.7895,33.2629],[-111.7816,33.263],[-111.7794,33.2702],[-111.7749,33.2739],[-111.7896,33.2738]]]}},{"type":"Feature","properties":{"pop":2527,"dens":4004.5763232470586,"hu":1192},"geometry":{"type":"Polygon","coordinates":[[[-111.8832,33.2583],[-111.8785,33.2565],[-111.878,33.2553],[-111.8786,33.2542],[-111.871,33.254],[-111.8621,33.2545],[-111.8609,33.2559],[-111.8596,33.2552],[-111.8582,33.2588],[-111.8584,33.2618],[-111.881,33.2615],[-111.8832,33.2583]]]}},{"type":"Feature","properties":{"pop":1233,"dens":2503.680563217777,"hu":509},"geometry":{"type":"Polygon","coordinates":[[[-111.8828,33.2514],[-111.8813,33.2507],[-111.8819,33.2491],[-111.8784,33.2474],[-111.874,33.2485],[-111.8719,33.2472],[-111.869,33.248],[-111.8652,33.2471],[-111.8596,33.2552],[-111.8609,33.2559],[-111.8621,33.2545],[-111.8786,33.2542],[-111.8806,33.2524],[-111.8814,33.2529],[-111.8824,33.2523],[-111.8821,33.2519],[-111.8828,33.2514]]]}},{"type":"Feature","properties":{"pop":1018,"dens":2774.095394059346,"hu":576},"geometry":{"type":"Polygon","coordinates":[[[-111.8887,33.2614],[-111.8886,33.2592],[-111.8879,33.2577],[-111.8863,33.2566],[-111.8842,33.2562],[-111.8837,33.2491],[-111.8821,33.2465],[-111.8773,33.2437],[-111.8719,33.2472],[-111.8742,33.2485],[-111.8782,33.2473],[-111.8819,33.2491],[-111.8813,33.2507],[-111.8828,33.2513],[-111.8821,33.2519],[-111.8824,33.2523],[-111.8814,33.2529],[-111.8807,33.2524],[-111.8793,33.2533],[-111.8795,33.2538],[-111.878,33.2553],[-111.8787,33.2567],[-111.8832,33.2583],[-111.881,33.2615],[-111.8887,33.2614]]]}},{"type":"Feature","properties":{"pop":3325,"dens":5679.927137133021,"hu":1424},"geometry":{"type":"Polygon","coordinates":[[[-111.8584,33.2618],[-111.8582,33.2585],[-111.8559,33.258],[-111.8549,33.2593],[-111.8534,33.2598],[-111.8504,33.2593],[-111.8504,33.2552],[-111.8535,33.2551],[-111.8536,33.2557],[-111.8542,33.2558],[-111.8542,33.254],[-111.8539,33.253],[-111.8497,33.2535],[-111.8481,33.2529],[-111.8485,33.2522],[-111.8462,33.2519],[-111.8462,33.2506],[-111.8478,33.2505],[-111.8478,33.2494],[-111.8493,33.2493],[-111.8498,33.2475],[-111.8413,33.2476],[-111.8414,33.2621],[-111.8584,33.2618]]]}},{"type":"Feature","properties":{"pop":1327,"dens":4018.1100984491754,"hu":554},"geometry":{"type":"Polygon","coordinates":[[[-111.8596,33.2552],[-111.8585,33.254],[-111.8585,33.2488],[-111.8565,33.2488],[-111.8564,33.2495],[-111.8536,33.249],[-111.852,33.2501],[-111.8508,33.2495],[-111.8461,33.2506],[-111.8462,33.2519],[-111.8485,33.2522],[-111.8481,33.2529],[-111.849,33.2533],[-111.854,33.2532],[-111.8542,33.2558],[-111.8536,33.2557],[-111.8535,33.2551],[-111.8504,33.2552],[-111.8504,33.2593],[-111.8534,33.2598],[-111.8549,33.2593],[-111.8559,33.258],[-111.8582,33.2585],[-111.8596,33.2552]]]}},{"type":"Feature","properties":{"pop":1236,"dens":6245.774181052277,"hu":452},"geometry":{"type":"Polygon","coordinates":[[[-111.8651,33.2471],[-111.8498,33.2475],[-111.8493,33.2493],[-111.8479,33.2494],[-111.8478,33.2501],[-111.8508,33.2495],[-111.852,33.2501],[-111.8536,33.249],[-111.8564,33.2495],[-111.8565,33.2488],[-111.8585,33.2488],[-111.8585,33.254],[-111.8596,33.2552],[-111.8651,33.2471]]]}},{"type":"Feature","properties":{"pop":3407,"dens":2313.9279777404654,"hu":1018},"geometry":{"type":"Polygon","coordinates":[[[-111.8068,33.2553],[-111.8067,33.2481],[-111.7726,33.2486],[-111.7727,33.2631],[-111.7895,33.2629],[-111.7895,33.2556],[-111.8068,33.2553]]]}},{"type":"Feature","properties":{"pop":2206,"dens":4402.00333147536,"hu":683},"geometry":{"type":"Polygon","coordinates":[[[-111.8068,33.2626],[-111.8068,33.2553],[-111.7895,33.2556],[-111.7895,33.2629],[-111.8068,33.2626]]]}},{"type":"Feature","properties":{"pop":1349,"dens":3845.09558829105,"hu":533},"geometry":{"type":"Polygon","coordinates":[[[-111.8243,33.3352],[-111.8242,33.328],[-111.8241,33.3316],[-111.821,33.3316],[-111.8202,33.3304],[-111.8188,33.3299],[-111.8157,33.3307],[-111.812,33.33],[-111.8107,33.3306],[-111.8101,33.3316],[-111.8069,33.3317],[-111.8069,33.3354],[-111.8121,33.3354],[-111.8168,33.3371],[-111.8215,33.3354],[-111.8243,33.3352]]]}},{"type":"Feature","properties":{"pop":1302,"dens":6318.73197570528,"hu":422},"geometry":{"type":"Polygon","coordinates":[[[-111.8241,33.3294],[-111.8241,33.328],[-111.8069,33.3279],[-111.8069,33.3317],[-111.8101,33.3316],[-111.8107,33.3306],[-111.812,33.33],[-111.8157,33.3307],[-111.8188,33.3299],[-111.8202,33.3304],[-111.821,33.3316],[-111.8241,33.3316],[-111.8241,33.3294]]]}},{"type":"Feature","properties":{"pop":2503,"dens":4210.421707476463,"hu":896},"geometry":{"type":"Polygon","coordinates":[[[-111.8069,33.3354],[-111.8069,33.3209],[-111.8025,33.3209],[-111.7983,33.325],[-111.7956,33.3312],[-111.7899,33.3349],[-111.7899,33.3354],[-111.8069,33.3354]]]}},{"type":"Feature","properties":{"pop":1283,"dens":3338.6361144226266,"hu":453},"geometry":{"type":"Polygon","coordinates":[[[-111.8025,33.3209],[-111.7898,33.3209],[-111.7898,33.3291],[-111.7905,33.3315],[-111.7899,33.3349],[-111.7956,33.3312],[-111.7983,33.325],[-111.8025,33.3209]]]}},{"type":"Feature","properties":{"pop":2576,"dens":6546.531909926611,"hu":896},"geometry":{"type":"Polygon","coordinates":[[[-111.7841,33.325],[-111.7838,33.321],[-111.773,33.3211],[-111.773,33.3319],[-111.7791,33.3318],[-111.7789,33.3312],[-111.7801,33.3309],[-111.7797,33.3279],[-111.7802,33.327],[-111.7841,33.3271],[-111.7841,33.325]]]}},{"type":"Feature","properties":{"pop":2077,"dens":3537.3239069056663,"hu":800},"geometry":{"type":"Polygon","coordinates":[[[-111.7905,33.3317],[-111.7898,33.3291],[-111.7898,33.3209],[-111.7838,33.321],[-111.7841,33.3271],[-111.7802,33.327],[-111.7797,33.3279],[-111.7801,33.3309],[-111.7789,33.3312],[-111.7791,33.3318],[-111.773,33.3319],[-111.7729,33.3356],[-111.7899,33.3354],[-111.7905,33.3317]]]}},{"type":"Feature","properties":{"pop":1495,"dens":5639.278193802033,"hu":477},"geometry":{"type":"Polygon","coordinates":[[[-111.7642,33.3213],[-111.7556,33.3212],[-111.7557,33.3309],[-111.7584,33.3302],[-111.7597,33.3289],[-111.7635,33.3284],[-111.7634,33.3256],[-111.7642,33.3213]]]}},{"type":"Feature","properties":{"pop":971,"dens":6509.28377804709,"hu":277},"geometry":{"type":"Polygon","coordinates":[[[-111.773,33.3307],[-111.773,33.3284],[-111.7686,33.3283],[-111.7685,33.3304],[-111.7671,33.3322],[-111.7677,33.3356],[-111.7729,33.3356],[-111.773,33.3307]]]}},{"type":"Feature","properties":{"pop":1744,"dens":6537.315105760036,"hu":565},"geometry":{"type":"Polygon","coordinates":[[[-111.773,33.3284],[-111.773,33.3211],[-111.7642,33.3212],[-111.7634,33.3256],[-111.7635,33.3284],[-111.773,33.3284]]]}},{"type":"Feature","properties":{"pop":1173,"dens":3690.2920685566596,"hu":424},"geometry":{"type":"Polygon","coordinates":[[[-111.7686,33.3299],[-111.7686,33.3283],[-111.7596,33.3289],[-111.7584,33.3302],[-111.7557,33.3309],[-111.7556,33.3357],[-111.7677,33.3356],[-111.7671,33.3322],[-111.7686,33.3299]]]}},{"type":"Feature","properties":{"pop":2253,"dens":2248.726828280464,"hu":756},"geometry":{"type":"Polygon","coordinates":[[[-111.7557,33.3289],[-111.7556,33.3212],[-111.7381,33.3216],[-111.7381,33.3358],[-111.7556,33.3357],[-111.7557,33.3289]]]}},{"type":"Feature","properties":{"pop":1617,"dens":1762.7772361574755,"hu":705},"geometry":{"type":"Polygon","coordinates":[[[-111.7575,33.3136],[-111.7556,33.3092],[-111.754,33.3096],[-111.7541,33.3105],[-111.7555,33.3111],[-111.7554,33.3116],[-111.7539,33.3113],[-111.7537,33.312],[-111.7551,33.3124],[-111.7548,33.313],[-111.7528,33.3125],[-111.7524,33.3133],[-111.7543,33.3139],[-111.7541,33.3145],[-111.7524,33.314],[-111.7518,33.3145],[-111.7538,33.3151],[-111.7536,33.3157],[-111.7513,33.3154],[-111.7514,33.3135],[-111.7497,33.3137],[-111.7497,33.3124],[-111.7506,33.3124],[-111.7507,33.3118],[-111.7497,33.3118],[-111.7497,33.3112],[-111.7507,33.3111],[-111.7509,33.3102],[-111.7498,33.3101],[-111.7504,33.3086],[-111.7498,33.3085],[-111.7498,33.3072],[-111.752,33.3074],[-111.752,33.3068],[-111.7363,33.3068],[-111.7363,33.3076],[-111.7383,33.3078],[-111.7381,33.3216],[-111.7556,33.3212],[-111.7558,33.3191],[-111.7574,33.316],[-111.7575,33.3136]]]}},{"type":"Feature","properties":{"pop":871,"dens":6309.386772160852,"hu":266},"geometry":{"type":"Polygon","coordinates":[[[-111.7556,33.3089],[-111.7556,33.3068],[-111.7498,33.3071],[-111.7498,33.3085],[-111.7504,33.3086],[-111.7498,33.3101],[-111.7509,33.3102],[-111.7507,33.3111],[-111.7497,33.3112],[-111.7497,33.3118],[-111.7507,33.3118],[-111.7506,33.3124],[-111.7497,33.3124],[-111.7497,33.3136],[-111.7514,33.3135],[-111.7513,33.3154],[-111.7537,33.3157],[-111.7538,33.3151],[-111.7518,33.3145],[-111.7524,33.314],[-111.7541,33.3145],[-111.7543,33.3139],[-111.7524,33.3133],[-111.7528,33.3125],[-111.7548,33.313],[-111.7551,33.3124],[-111.7537,33.312],[-111.7539,33.3113],[-111.7554,33.3116],[-111.7555,33.3111],[-111.7541,33.3105],[-111.754,33.3096],[-111.7556,33.3089]]]}},{"type":"Feature","properties":{"pop":2540,"dens":5190.728753551162,"hu":767},"geometry":{"type":"Polygon","coordinates":[[[-111.7383,33.3233],[-111.7383,33.3216],[-111.7212,33.3214],[-111.7212,33.3286],[-111.7383,33.3284],[-111.7383,33.3233]]]}},{"type":"Feature","properties":{"pop":1666,"dens":3358.491793569221,"hu":680},"geometry":{"type":"Polygon","coordinates":[[[-111.7384,33.3319],[-111.7383,33.3284],[-111.7212,33.3286],[-111.7212,33.3358],[-111.7381,33.3358],[-111.7384,33.3319]]]}},{"type":"Feature","properties":{"pop":3604,"dens":3674.2553666681015,"hu":1034},"geometry":{"type":"Polygon","coordinates":[[[-111.7042,33.3359],[-111.7041,33.3215],[-111.6869,33.3217],[-111.6872,33.3361],[-111.7042,33.3359]]]}},{"type":"Feature","properties":{"pop":4646,"dens":4735.573663816916,"hu":1741},"geometry":{"type":"Polygon","coordinates":[[[-111.7213,33.3358],[-111.7212,33.3214],[-111.7041,33.3215],[-111.7042,33.3359],[-111.7213,33.3358]]]}},{"type":"Feature","properties":{"pop":1738,"dens":3492.6983691416626,"hu":654},"geometry":{"type":"Polygon","coordinates":[[[-111.8069,33.3199],[-111.8067,33.3133],[-111.7898,33.3137],[-111.7898,33.3209],[-111.8069,33.3209],[-111.8069,33.3199]]]}},{"type":"Feature","properties":{"pop":845,"dens":865.4251497156405,"hu":335},"geometry":{"type":"Polygon","coordinates":[[[-111.7898,33.3173],[-111.7897,33.3064],[-111.7727,33.3066],[-111.773,33.3211],[-111.7898,33.3209],[-111.7898,33.3173]]]}},{"type":"Feature","properties":{"pop":976,"dens":2569.715588372345,"hu":332},"geometry":{"type":"Polygon","coordinates":[[[-111.773,33.3211],[-111.7727,33.3066],[-111.7665,33.3067],[-111.7663,33.3109],[-111.7635,33.3126],[-111.7647,33.3137],[-111.7663,33.3139],[-111.7677,33.3167],[-111.7675,33.3175],[-111.7666,33.3178],[-111.7666,33.3212],[-111.773,33.3211]]]}},{"type":"Feature","properties":{"pop":1984,"dens":5939.479163532605,"hu":650},"geometry":{"type":"Polygon","coordinates":[[[-111.7665,33.3102],[-111.7665,33.3067],[-111.7556,33.3068],[-111.7557,33.3097],[-111.7575,33.3131],[-111.7567,33.3174],[-111.7592,33.3176],[-111.762,33.3165],[-111.7629,33.3131],[-111.7659,33.3114],[-111.7665,33.3102]]]}},{"type":"Feature","properties":{"pop":1038,"dens":4425.598347244129,"hu":258},"geometry":{"type":"Polygon","coordinates":[[[-111.7678,33.3169],[-111.7663,33.3139],[-111.7647,33.3137],[-111.7635,33.3126],[-111.7619,33.3166],[-111.7592,33.3176],[-111.7567,33.3174],[-111.7556,33.3212],[-111.7666,33.3212],[-111.7666,33.3178],[-111.7678,33.3169]]]}},{"type":"Feature","properties":{"pop":2105,"dens":3579.931215928565,"hu":595},"geometry":{"type":"Polygon","coordinates":[[[-111.7383,33.3209],[-111.7382,33.3076],[-111.7363,33.3076],[-111.7363,33.3068],[-111.7211,33.307],[-111.7211,33.3102],[-111.7383,33.3209]]]}},{"type":"Feature","properties":{"pop":3488,"dens":8849.172210295752,"hu":1096},"geometry":{"type":"Polygon","coordinates":[[[-111.7383,33.3209],[-111.7211,33.3102],[-111.7212,33.3214],[-111.7379,33.3216],[-111.7383,33.3209]]]}},{"type":"Feature","properties":{"pop":6297,"dens":4823.41250046645,"hu":2429},"geometry":{"type":"Polygon","coordinates":[[[-111.7212,33.3214],[-111.7211,33.307],[-111.6959,33.3071],[-111.6958,33.312],[-111.6879,33.3121],[-111.6881,33.3144],[-111.6911,33.3148],[-111.7039,33.3143],[-111.7041,33.3215],[-111.7212,33.3214]]]}},{"type":"Feature","properties":{"pop":2910,"dens":3733.313640893551,"hu":974},"geometry":{"type":"Polygon","coordinates":[[[-111.7041,33.3215],[-111.7039,33.3143],[-111.6917,33.3149],[-111.6881,33.3144],[-111.6879,33.3121],[-111.6958,33.312],[-111.6959,33.3071],[-111.6875,33.3072],[-111.6828,33.3217],[-111.7041,33.3215]]]}},{"type":"Feature","properties":{"pop":2804,"dens":2016.3541373494973,"hu":738},"geometry":{"type":"Polygon","coordinates":[[[-111.7897,33.2775],[-111.7727,33.2776],[-111.7728,33.2812],[-111.7743,33.287],[-111.7743,33.2938],[-111.7728,33.2993],[-111.7897,33.2996],[-111.7897,33.2775]]]}},{"type":"Feature","properties":{"pop":1267,"dens":2613.9135931858646,"hu":417},"geometry":{"type":"Polygon","coordinates":[[[-111.7897,33.3064],[-111.7897,33.2996],[-111.7728,33.2993],[-111.7728,33.3066],[-111.7897,33.3064]]]}},{"type":"Feature","properties":{"pop":2985,"dens":968.1304870471381,"hu":954},"geometry":{"type":"Polygon","coordinates":[[[-111.7743,33.292],[-111.7743,33.2862],[-111.7729,33.2816],[-111.7727,33.2776],[-111.7205,33.2777],[-111.7209,33.2925],[-111.7743,33.292]]]}},{"type":"Feature","properties":{"pop":2695,"dens":8078.582701648734,"hu":1183},"geometry":{"type":"Polygon","coordinates":[[[-111.7743,33.2934],[-111.7743,33.292],[-111.7555,33.2922],[-111.7555,33.2969],[-111.7653,33.2966],[-111.7667,33.2961],[-111.7704,33.2971],[-111.7729,33.2953],[-111.7739,33.2955],[-111.7743,33.2934]]]}},{"type":"Feature","properties":{"pop":2925,"dens":4201.943300461156,"hu":740},"geometry":{"type":"Polygon","coordinates":[[[-111.7739,33.2955],[-111.7729,33.2953],[-111.7704,33.2971],[-111.7667,33.2961],[-111.7653,33.2966],[-111.7555,33.2969],[-111.7556,33.3068],[-111.7728,33.3066],[-111.7729,33.2989],[-111.7739,33.2955]]]}},{"type":"Feature","properties":{"pop":3677,"dens":2853.594481116323,"hu":1155},"geometry":{"type":"Polygon","coordinates":[[[-111.7555,33.2933],[-111.7555,33.2922],[-111.7209,33.2925],[-111.7211,33.307],[-111.734,33.3068],[-111.7342,33.2996],[-111.747,33.2995],[-111.747,33.2971],[-111.7555,33.2969],[-111.7555,33.2933]]]}},{"type":"Feature","properties":{"pop":1362,"dens":2191.822398648414,"hu":818},"geometry":{"type":"Polygon","coordinates":[[[-111.7556,33.3068],[-111.7556,33.2994],[-111.7342,33.2996],[-111.734,33.3068],[-111.7556,33.3068]]]}},{"type":"Feature","properties":{"pop":1089,"dens":12529.059373971655,"hu":625},"geometry":{"type":"Polygon","coordinates":[[[-111.7556,33.2994],[-111.7555,33.2969],[-111.747,33.2971],[-111.747,33.2995],[-111.7556,33.2994]]]}},{"type":"Feature","properties":{"pop":2048,"dens":1325.7862078018006,"hu":595},"geometry":{"type":"Polygon","coordinates":[[[-111.7161,33.307],[-111.7131,33.3051],[-111.7123,33.2925],[-111.7037,33.2926],[-111.7036,33.2886],[-111.697,33.2948],[-111.6864,33.2885],[-111.6867,33.3013],[-111.689,33.3047],[-111.6887,33.3071],[-111.7161,33.307]]]}},{"type":"Feature","properties":{"pop":3793,"dens":7921.836158655018,"hu":1070},"geometry":{"type":"Polygon","coordinates":[[[-111.7211,33.307],[-111.7209,33.2925],[-111.7123,33.2925],[-111.7131,33.3051],[-111.7161,33.307],[-111.7211,33.307]]]}},{"type":"Feature","properties":{"pop":2614,"dens":6895.3201893341575,"hu":813},"geometry":{"type":"Polygon","coordinates":[[[-111.7182,33.2787],[-111.7182,33.2776],[-111.7142,33.2776],[-111.7104,33.2794],[-111.7059,33.2864],[-111.7036,33.2886],[-111.7037,33.2926],[-111.7145,33.2925],[-111.7145,33.2884],[-111.7108,33.2885],[-111.7108,33.2841],[-111.7128,33.2811],[-111.7165,33.2801],[-111.7165,33.2791],[-111.7182,33.2787]]]}},{"type":"Feature","properties":{"pop":2983,"dens":6783.986806492009,"hu":922},"geometry":{"type":"Polygon","coordinates":[[[-111.7209,33.2925],[-111.7205,33.2777],[-111.7182,33.2776],[-111.7182,33.2787],[-111.7165,33.2791],[-111.7165,33.2801],[-111.7142,33.2804],[-111.7124,33.2815],[-111.7108,33.2841],[-111.7108,33.2885],[-111.7145,33.2884],[-111.7145,33.2925],[-111.7209,33.2925]]]}},{"type":"Feature","properties":{"pop":4900,"dens":5354.354056165043,"hu":1720},"geometry":{"type":"Polygon","coordinates":[[[-111.7052,33.2852],[-111.7049,33.2827],[-111.7032,33.2817],[-111.703,33.2778],[-111.6974,33.2793],[-111.6917,33.2782],[-111.6862,33.2782],[-111.6864,33.2885],[-111.697,33.2948],[-111.7036,33.2886],[-111.7033,33.2878],[-111.7052,33.2852]]]}},{"type":"Feature","properties":{"pop":1318,"dens":7334.980374745535,"hu":419},"geometry":{"type":"Polygon","coordinates":[[[-111.7141,33.2777],[-111.703,33.2778],[-111.7032,33.2817],[-111.7049,33.2827],[-111.7052,33.2846],[-111.7033,33.2878],[-111.7036,33.2886],[-111.7059,33.2864],[-111.7104,33.2794],[-111.7141,33.2777]]]}},{"type":"Feature","properties":{"pop":5187,"dens":2033.6295965456516,"hu":1479},"geometry":{"type":"Polygon","coordinates":[[[-111.7897,33.2774],[-111.7896,33.2738],[-111.7749,33.2739],[-111.7794,33.2702],[-111.7816,33.263],[-111.7379,33.2631],[-111.7379,33.2777],[-111.7897,33.2774]]]}},{"type":"Feature","properties":{"pop":4196,"dens":2073.039399045645,"hu":1241},"geometry":{"type":"Polygon","coordinates":[[[-111.7727,33.2631],[-111.7726,33.2486],[-111.7381,33.2486],[-111.7379,33.2631],[-111.7727,33.2631]]]}},{"type":"Feature","properties":{"pop":3624,"dens":1705.9837833387735,"hu":959},"geometry":{"type":"Polygon","coordinates":[[[-111.7381,33.2488],[-111.7206,33.2484],[-111.7206,33.2701],[-111.7173,33.2726],[-111.714,33.2776],[-111.7379,33.2777],[-111.7381,33.2488]]]}},{"type":"Feature","properties":{"pop":2202,"dens":5520.437166173607,"hu":639},"geometry":{"type":"Polygon","coordinates":[[[-111.7205,33.2663],[-111.7205,33.2632],[-111.7146,33.2632],[-111.7117,33.2638],[-111.6951,33.2641],[-111.6947,33.2674],[-111.6953,33.2689],[-111.6977,33.2704],[-111.7021,33.2675],[-111.7074,33.2678],[-111.7096,33.2664],[-111.7158,33.2673],[-111.7205,33.2663]]]}},{"type":"Feature","properties":{"pop":1856,"dens":7341.811389231673,"hu":527},"geometry":{"type":"Polygon","coordinates":[[[-111.709,33.2748],[-111.708,33.2731],[-111.7072,33.273],[-111.7074,33.2678],[-111.7019,33.2676],[-111.6977,33.2704],[-111.6998,33.2728],[-111.7042,33.2749],[-111.7048,33.2778],[-111.7071,33.2777],[-111.7075,33.2753],[-111.7085,33.2754],[-111.709,33.2748]]]}},{"type":"Feature","properties":{"pop":3078,"dens":6796.385858566826,"hu":881},"geometry":{"type":"Polygon","coordinates":[[[-111.7206,33.2697],[-111.7205,33.2663],[-111.7158,33.2673],[-111.7105,33.2664],[-111.7083,33.2668],[-111.7073,33.2681],[-111.7072,33.273],[-111.708,33.2731],[-111.709,33.2748],[-111.7085,33.2754],[-111.7075,33.2753],[-111.7071,33.2777],[-111.7143,33.2775],[-111.7173,33.2726],[-111.7206,33.2697]]]}},{"type":"Feature","properties":{"pop":596,"dens":3063.6035555238773,"hu":199},"geometry":{"type":"Polygon","coordinates":[[[-111.6953,33.2689],[-111.6947,33.2674],[-111.6951,33.2641],[-111.6887,33.2662],[-111.6861,33.2664],[-111.6861,33.2711],[-111.6915,33.2714],[-111.6953,33.2689]]]}},{"type":"Feature","properties":{"pop":3034,"dens":5999.223914275704,"hu":1027},"geometry":{"type":"Polygon","coordinates":[[[-111.7048,33.2778],[-111.7042,33.2749],[-111.6998,33.2728],[-111.6976,33.2703],[-111.6953,33.2689],[-111.6915,33.2714],[-111.6861,33.2711],[-111.6862,33.2782],[-111.6917,33.2782],[-111.6974,33.2793],[-111.7017,33.2779],[-111.7048,33.2778]]]}},{"type":"Feature","properties":{"pop":463,"dens":1761.861887433175,"hu":358},"geometry":{"type":"Polygon","coordinates":[[[-111.6951,33.2641],[-111.6946,33.2606],[-111.6912,33.2612],[-111.6898,33.2606],[-111.6885,33.2566],[-111.689,33.2538],[-111.688,33.2529],[-111.6858,33.2528],[-111.6861,33.2664],[-111.6887,33.2662],[-111.6951,33.2641]]]}},{"type":"Feature","properties":{"pop":2819,"dens":1976.7531591121576,"hu":1458},"geometry":{"type":"Polygon","coordinates":[[[-111.7206,33.2499],[-111.7206,33.2484],[-111.7141,33.2482],[-111.7034,33.2482],[-111.6858,33.2494],[-111.6858,33.2526],[-111.688,33.2529],[-111.6889,33.2537],[-111.69,33.2528],[-111.6908,33.2503],[-111.6917,33.2499],[-111.6981,33.2497],[-111.7004,33.2514],[-111.6994,33.2547],[-111.7001,33.2601],[-111.6979,33.2611],[-111.6946,33.2606],[-111.6951,33.2641],[-111.7205,33.2632],[-111.7206,33.2499]]]}},{"type":"Feature","properties":{"pop":1497,"dens":3281.8133048103405,"hu":1056},"geometry":{"type":"Polygon","coordinates":[[[-111.7004,33.2519],[-111.6981,33.2497],[-111.691,33.2501],[-111.6899,33.2529],[-111.6889,33.2537],[-111.6885,33.2563],[-111.6897,33.2605],[-111.6912,33.2612],[-111.6941,33.2606],[-111.6975,33.2611],[-111.6997,33.2606],[-111.7002,33.2584],[-111.6994,33.2547],[-111.7004,33.2519]]]}},{"type":"Feature","properties":{"pop":5349,"dens":4516.880196358969,"hu":1426},"geometry":{"type":"Polygon","coordinates":[[[-111.6864,33.2885],[-111.6861,33.2665],[-111.6692,33.2643],[-111.6694,33.2779],[-111.6864,33.2885]]]}},{"type":"Feature","properties":{"pop":2202,"dens":2008.6335615748148,"hu":715},"geometry":{"type":"Polygon","coordinates":[[[-111.6861,33.2665],[-111.6858,33.2494],[-111.669,33.2487],[-111.6692,33.2643],[-111.6861,33.2665]]]}},{"type":"Feature","properties":{"pop":2047,"dens":1081.084724922702,"hu":684},"geometry":{"type":"Polygon","coordinates":[[[-111.6692,33.2643],[-111.669,33.2487],[-111.6345,33.2487],[-111.6346,33.256],[-111.6521,33.2669],[-111.652,33.2633],[-111.6627,33.2634],[-111.6692,33.2643]]]}},{"type":"Feature","properties":{"pop":2342,"dens":3956.1742727136852,"hu":857},"geometry":{"type":"Polygon","coordinates":[[[-111.6694,33.2774],[-111.6692,33.2643],[-111.6627,33.2634],[-111.652,33.2633],[-111.6521,33.2669],[-111.6694,33.2774]]]}},{"type":"Feature","properties":{"pop":1751,"dens":287.7616650406512,"hu":636},"geometry":{"type":"Polygon","coordinates":[[[-111.6228,33.2486],[-111.5956,33.2317],[-111.5827,33.2185],[-111.5832,33.2774],[-111.6178,33.2776],[-111.6173,33.2486],[-111.6228,33.2486]]]}},{"type":"Feature","properties":{"pop":4120,"dens":1231.4239084420683,"hu":1374},"geometry":{"type":"Polygon","coordinates":[[[-111.6694,33.2781],[-111.6694,33.2774],[-111.6228,33.2486],[-111.6173,33.2486],[-111.6178,33.2776],[-111.6694,33.2781]]]}},{"type":"Feature","properties":{"pop":3064,"dens":5733.7100765676505,"hu":1390},"geometry":{"type":"Polygon","coordinates":[[[-111.6346,33.256],[-111.6345,33.2412],[-111.6287,33.2412],[-111.6271,33.2434],[-111.6196,33.2437],[-111.6172,33.2452],[-111.6346,33.256]]]}},{"type":"Feature","properties":{"pop":1596,"dens":91.6646492153534,"hu":475},"geometry":{"type":"Polygon","coordinates":[[[-111.6874,33.3506],[-111.6869,33.3217],[-111.6827,33.3217],[-111.6809,33.3226],[-111.67,33.3225],[-111.6699,33.3214],[-111.6442,33.3211],[-111.6442,33.317],[-111.6398,33.3176],[-111.6354,33.3154],[-111.6353,33.3084],[-111.6349,33.2922],[-111.6694,33.2925],[-111.6695,33.2887],[-111.6825,33.289],[-111.6864,33.2887],[-111.6861,33.2882],[-111.6696,33.2779],[-111.5832,33.2774],[-111.5836,33.3209],[-111.6355,33.3211],[-111.6357,33.3502],[-111.6874,33.3506]]]}},{"type":"Feature","properties":{"pop":47,"dens":1.33950634199664,"hu":15},"geometry":{"type":"Polygon","coordinates":[[[-111.9956,33.272],[-111.9954,33.2046],[-111.8931,33.2048],[-111.8936,33.2911],[-111.9377,33.2905],[-111.9954,33.2907],[-111.9956,33.272]]]}},{"type":"Feature","properties":{"pop":1630,"dens":115.1236762434691,"hu":510},"geometry":{"type":"Polygon","coordinates":[[[-111.8919,33.4673],[-111.8918,33.4658],[-111.8567,33.4658],[-111.8567,33.5222],[-111.8572,33.5242],[-111.8566,33.568],[-111.8914,33.568],[-111.8919,33.4673]]]}},{"type":"Feature","properties":{"pop":1085,"dens":19.683895072320333,"hu":297},"geometry":{"type":"Polygon","coordinates":[[[-111.8571,33.539],[-111.8564,33.5385],[-111.8222,33.5386],[-111.8221,33.4858],[-111.8214,33.4845],[-111.8221,33.4666],[-111.7873,33.4664],[-111.7875,33.4845],[-111.7443,33.4847],[-111.7443,33.4825],[-111.7407,33.4823],[-111.7395,33.4828],[-111.7388,33.4848],[-111.7352,33.4853],[-111.7331,33.4881],[-111.7311,33.4882],[-111.7284,33.4862],[-111.7271,33.4867],[-111.7259,33.4892],[-111.7239,33.4905],[-111.7242,33.4916],[-111.7233,33.4933],[-111.7201,33.4942],[-111.7198,33.4964],[-111.7179,33.4978],[-111.7154,33.498],[-111.7148,33.4997],[-111.7126,33.4997],[-111.7127,33.4979],[-111.7013,33.4977],[-111.7013,33.4997],[-111.684,33.4999],[-111.6838,33.5163],[-111.6776,33.517],[-111.6751,33.5193],[-111.6712,33.531],[-111.6719,33.5395],[-111.6711,33.5428],[-111.669,33.5444],[-111.6668,33.5441],[-111.6575,33.5478],[-111.6528,33.5489],[-111.651,33.5501],[-111.6472,33.549],[-111.6433,33.5504],[-111.6399,33.5742],[-111.7093,33.5641],[-111.7088,33.5679],[-111.7701,33.5679],[-111.7871,33.5675],[-111.8566,33.568],[-111.8571,33.539]]]}},{"type":"Feature","properties":{"pop":1921,"dens":407.71359465478344,"hu":1186},"geometry":{"type":"Polygon","coordinates":[[[-111.9096,33.4368],[-111.8765,33.4368],[-111.8736,33.4372],[-111.8654,33.4441],[-111.8611,33.4466],[-111.8611,33.4477],[-111.8567,33.4482],[-111.8573,33.4521],[-111.8567,33.4658],[-111.8918,33.4658],[-111.892,33.4549],[-111.9005,33.4549],[-111.9005,33.4513],[-111.9093,33.4513],[-111.9096,33.4368]]]}},{"type":"Feature","properties":{"pop":2451,"dens":222.76037957017513,"hu":724},"geometry":{"type":"Polygon","coordinates":[[[-111.8573,33.4537],[-111.8567,33.4482],[-111.8563,33.4483],[-111.8564,33.4513],[-111.8502,33.4514],[-111.8488,33.4519],[-111.8405,33.4607],[-111.8368,33.4606],[-111.8354,33.4588],[-111.8354,33.4625],[-111.8287,33.4625],[-111.8264,33.4665],[-111.8264,33.4698],[-111.8221,33.4698],[-111.8214,33.4845],[-111.8221,33.4858],[-111.8222,33.5387],[-111.857,33.5385],[-111.8567,33.4658],[-111.8573,33.4537]]]}},{"type":"Feature","properties":{"pop":30,"dens":21.68216264688901,"hu":11},"geometry":{"type":"Polygon","coordinates":[[[-111.8933,33.2614],[-111.8931,33.2324],[-111.8764,33.2327],[-111.8762,33.2421],[-111.878,33.2443],[-111.8814,33.246],[-111.883,33.2475],[-111.8838,33.2499],[-111.8842,33.2562],[-111.8863,33.2566],[-111.8879,33.2577],[-111.8886,33.2592],[-111.8887,33.2614],[-111.8933,33.2614]]]}},{"type":"Feature","properties":{"pop":1803,"dens":470.9129954599252,"hu":531},"geometry":{"type":"Polygon","coordinates":[[[-111.6358,33.3469],[-111.6355,33.3211],[-111.6025,33.321],[-111.6025,33.3499],[-111.6357,33.3502],[-111.6358,33.3469]]]}},{"type":"Feature","properties":{"pop":8440,"dens":1164.156824056362,"hu":2403},"geometry":{"type":"Polygon","coordinates":[[[-111.5838,33.3334],[-111.5829,33.249],[-111.546,33.249],[-111.546,33.2636],[-111.5633,33.2635],[-111.5634,33.3203],[-111.5771,33.3292],[-111.5838,33.3366],[-111.5838,33.3334]]]}},{"type":"Feature","properties":{"pop":1655,"dens":552.7178435403641,"hu":830},"geometry":{"type":"Polygon","coordinates":[[[-111.5633,33.278],[-111.5633,33.2635],[-111.546,33.2636],[-111.546,33.249],[-111.5288,33.2491],[-111.529,33.278],[-111.5633,33.278]]]}},{"type":"Feature","properties":{"pop":2488,"dens":23.487163712652254,"hu":1114},"geometry":{"type":"Polygon","coordinates":[[[-111.5634,33.2942],[-111.5633,33.278],[-111.5291,33.2781],[-111.5288,33.2491],[-111.5116,33.2491],[-111.5116,33.2404],[-111.5134,33.2363],[-111.5287,33.2361],[-111.5287,33.2312],[-111.5117,33.231],[-111.5113,33.2247],[-111.5115,33.2201],[-111.5287,33.2201],[-111.5284,33.1913],[-111.4878,33.1912],[-111.4746,33.1766],[-111.4661,33.1535],[-111.4303,33.1765],[-111.4284,33.1764],[-111.4219,33.1634],[-111.4218,33.1608],[-111.4198,33.1579],[-111.4185,33.1571],[-111.4192,33.1545],[-111.4105,33.1337],[-111.4054,33.1331],[-111.405,33.1326],[-111.405,33.1183],[-111.3626,33.1182],[-111.3605,33.1245],[-111.3411,33.25],[-111.3378,33.2568],[-111.3393,33.2576],[-111.3379,33.2595],[-111.3394,33.2609],[-111.3516,33.2674],[-111.4085,33.3088],[-111.412,33.3075],[-111.5432,33.307],[-111.5514,33.3131],[-111.5548,33.3146],[-111.5557,33.3159],[-111.5634,33.3203],[-111.5634,33.2942]]]}},{"type":"Feature","properties":{"pop":2590,"dens":252.1233713050622,"hu":1183},"geometry":{"type":"Polygon","coordinates":[[[-111.5807,33.438],[-111.5807,33.4368],[-111.5462,33.4369],[-111.5461,33.4223],[-111.5416,33.4223],[-111.5105,33.4445],[-111.5043,33.4462],[-111.4923,33.4541],[-111.4907,33.456],[-111.4876,33.4581],[-111.4848,33.4626],[-111.4801,33.4659],[-111.5806,33.4658],[-111.5807,33.438]]]}},{"type":"Feature","properties":{"pop":1832,"dens":3676.9653460805785,"hu":842},"geometry":{"type":"Polygon","coordinates":[[[-111.5807,33.4273],[-111.5807,33.4223],[-111.572,33.4223],[-111.5721,33.4368],[-111.5807,33.4368],[-111.5807,33.4273]]]}},{"type":"Feature","properties":{"pop":1470,"dens":2940.7028942918355,"hu":755},"geometry":{"type":"Polygon","coordinates":[[[-111.5721,33.435],[-111.572,33.4223],[-111.5634,33.4223],[-111.5634,33.4368],[-111.5721,33.4368],[-111.5721,33.435]]]}},{"type":"Feature","properties":{"pop":1136,"dens":4535.928110516875,"hu":861},"geometry":{"type":"Polygon","coordinates":[[[-111.5807,33.4208],[-111.5807,33.4151],[-111.572,33.4151],[-111.572,33.4223],[-111.5807,33.4223],[-111.5807,33.4208]]]}},{"type":"Feature","properties":{"pop":748,"dens":2978.5605418908453,"hu":539},"geometry":{"type":"Polygon","coordinates":[[[-111.572,33.4216],[-111.572,33.4151],[-111.5633,33.4151],[-111.5634,33.4223],[-111.572,33.4223],[-111.572,33.4216]]]}},{"type":"Feature","properties":{"pop":1853,"dens":1860.3412817498343,"hu":1096},"geometry":{"type":"Polygon","coordinates":[[[-111.5634,33.4319],[-111.5634,33.4223],[-111.5461,33.4223],[-111.5462,33.4369],[-111.5634,33.4368],[-111.5634,33.4319]]]}},{"type":"Feature","properties":{"pop":1225,"dens":2443.753993362993,"hu":1042},"geometry":{"type":"Polygon","coordinates":[[[-111.5634,33.4223],[-111.5633,33.4151],[-111.5502,33.4146],[-111.5464,33.4188],[-111.5416,33.4223],[-111.5634,33.4223]]]}},{"type":"Feature","properties":{"pop":1228,"dens":967.8442037859329,"hu":864},"geometry":{"type":"Polygon","coordinates":[[[-111.5501,33.4147],[-111.5288,33.4026],[-111.5287,33.4315],[-111.5456,33.4194],[-111.5501,33.4147]]]}},{"type":"Feature","properties":{"pop":1867,"dens":3739.9178578306482,"hu":1061},"geometry":{"type":"Polygon","coordinates":[[[-111.5807,33.4092],[-111.5807,33.4078],[-111.5633,33.4078],[-111.5633,33.4151],[-111.5807,33.4151],[-111.5807,33.4092]]]}},{"type":"Feature","properties":{"pop":2220,"dens":4705.766759848896,"hu":1347},"geometry":{"type":"Polygon","coordinates":[[[-111.5633,33.4151],[-111.5633,33.4078],[-111.5461,33.4078],[-111.5461,33.4127],[-111.5491,33.4143],[-111.5519,33.4149],[-111.5633,33.4151]]]}},{"type":"Feature","properties":{"pop":2352,"dens":4673.0534573205,"hu":1244},"geometry":{"type":"Polygon","coordinates":[[[-111.5807,33.3993],[-111.5807,33.3933],[-111.5719,33.3933],[-111.5719,33.4078],[-111.5807,33.4078],[-111.5807,33.3993]]]}},{"type":"Feature","properties":{"pop":2511,"dens":5064.507309806177,"hu":1192},"geometry":{"type":"Polygon","coordinates":[[[-111.5719,33.4078],[-111.5719,33.3933],[-111.5633,33.3933],[-111.5633,33.4078],[-111.5719,33.4078]]]}},{"type":"Feature","properties":{"pop":2758,"dens":5560.295201556417,"hu":1216},"geometry":{"type":"Polygon","coordinates":[[[-111.5633,33.4042],[-111.5633,33.3933],[-111.5548,33.3933],[-111.5548,33.4078],[-111.5633,33.4078],[-111.5633,33.4042]]]}},{"type":"Feature","properties":{"pop":1858,"dens":5982.816657304437,"hu":1556},"geometry":{"type":"Polygon","coordinates":[[[-111.5548,33.4035],[-111.5547,33.3977],[-111.5527,33.3977],[-111.5527,33.3989],[-111.5478,33.399],[-111.5461,33.4003],[-111.5461,33.4078],[-111.5548,33.4078],[-111.5548,33.4035]]]}},{"type":"Feature","properties":{"pop":1142,"dens":6053.02439549033,"hu":529},"geometry":{"type":"Polygon","coordinates":[[[-111.5548,33.3941],[-111.5548,33.3933],[-111.5461,33.3933],[-111.5461,33.4003],[-111.5478,33.399],[-111.5527,33.3989],[-111.5527,33.3977],[-111.5547,33.3977],[-111.5548,33.3941]]]}},{"type":"Feature","properties":{"pop":892,"dens":943.1850036611603,"hu":829},"geometry":{"type":"Polygon","coordinates":[[[-111.5807,33.3866],[-111.5461,33.3865],[-111.5461,33.3933],[-111.5807,33.3933],[-111.5807,33.3866]]]}},{"type":"Feature","properties":{"pop":1606,"dens":1522.6877021323605,"hu":1105},"geometry":{"type":"Polygon","coordinates":[[[-111.5807,33.379],[-111.5461,33.3788],[-111.5461,33.3865],[-111.5807,33.3865],[-111.5807,33.379]]]}},{"type":"Feature","properties":{"pop":1546,"dens":42.01451574559237,"hu":1221},"geometry":{"type":"Polygon","coordinates":[[[-111.5843,33.3788],[-111.5838,33.3366],[-111.5771,33.3292],[-111.5557,33.3159],[-111.5548,33.3146],[-111.5514,33.3131],[-111.5432,33.307],[-111.412,33.3075],[-111.4085,33.3088],[-111.4241,33.3209],[-111.4495,33.3439],[-111.4597,33.3521],[-111.4726,33.3611],[-111.4925,33.3812],[-111.5088,33.3912],[-111.5114,33.3916],[-111.5116,33.3788],[-111.5843,33.3788]]]}}]}