{"type":"FeatureCollection","features":[{"type":"Feature","properties":{"station_id":"201","status":"existing","strategy":"all","band":"8min"},"geometry":{"coordinates":[[[-111.813227,33.467457],[-111.813512,33.466584],[-111.817227,33.466682],[-111.818227,33.46806],[-111.819227,33.468265],[-111.820227,33.466792],[-111.824423,33.466494],[-111.822688,33.465299],[-111.822965,33.464037],[-111.824607,33.463299],[-111.824828,33.4609],[-111.827227,33.458574],[-111.829633,33.459299],[-111.829522,33.460299],[-111.830887,33.461639],[-111.832307,33.461378],[-111.831924,33.459995],[-111.833227,33.459958],[-111.833715,33.458811],[-111.832227,33.45874],[-111.831965,33.458036],[-111.833227,33.456718],[-111.834688,33.456299],[-111.832227,33.455759],[-111.831981,33.455052],[-111.837227,33.453491],[-111.837855,33.451926],[-111.838828,33.452299],[-111.838852,33.454299],[-111.838227,33.455016],[-111.837227,33.454993],[-111.836133,33.456393],[-111.838666,33.45586],[-111.839059,33.457467],[-111.840227,33.458813],[-111.840331,33.457299],[-111.839401,33.457125],[-111.839359,33.456299],[-111.839537,33.455608],[-111.841177,33.455299],[-111.840349,33.455177],[-111.840172,33.454299],[-111.841227,33.452593],[-111.844227,33.452447],[-111.846227,33.451449],[-111.847076,33.45145],[-111.847202,33.452324],[-111.847759,33.452299],[-111.847466,33.451299],[-111.841863,33.450663],[-111.84146,33.447299],[-111.843227,33.446767],[-111.844227,33.44735],[-111.845227,33.445452],[-111.847227,33.446728],[-111.849983,33.445054],[-111.852951,33.444299],[-111.850227,33.443028],[-111.848085,33.443156],[-111.847227,33.443878],[-111.843912,33.443614],[-111.84376,33.441299],[-111.845442,33.440513],[-111.845714,33.439299],[-111.843227,33.438794],[-111.841227,33.439634],[-111.841227,33.436991],[-111.847227,33.436708],[-111.851227,33.434025],[-111.852341,33.435299],[-111.851764,33.436299],[-111.852227,33.437206],[-111.853858,33.437668],[-111.853606,33.440299],[-111.855502,33.443024],[-111.85497,33.444299],[-111.856227,33.445737],[-111.857179,33.443299],[-111.856543,33.442299],[-111.856493,33.437564],[-111.857459,33.43653],[-111.861781,33.436299],[-111.862174,33.434299],[-111.861227,33.434241],[-111.85957,33.435641],[-111.857227,33.435808],[-111.856809,33.435299],[-111.857802,33.433873],[-111.859227,33.433566],[-111.859439,33.43251],[-111.863227,33.431697],[-111.863739,33.43081],[-111.865461,33.430532],[-111.866227,33.429773],[-111.868284,33.430242],[-111.869227,33.431383],[-111.870143,33.431214],[-111.870227,33.430014],[-111.873227,33.429365],[-111.874227,33.431189],[-111.87453,33.429601],[-111.875363,33.429299],[-111.875149,33.42822],[-111.876579,33.426299],[-111.875647,33.425879],[-111.875227,33.424052],[-111.877227,33.422798],[-111.878227,33.423865],[-111.880227,33.422779],[-111.883227,33.422848],[-111.884174,33.422299],[-111.881227,33.42143],[-111.877847,33.421679],[-111.878809,33.418881],[-111.88014,33.418299],[-111.879857,33.416928],[-111.880863,33.416663],[-111.881282,33.417299],[-111.882356,33.417428],[-111.884227,33.415932],[-111.885419,33.416107],[-111.886227,33.417047],[-111.887707,33.415778],[-111.891227,33.415814],[-111.891884,33.415299],[-111.890227,33.415029],[-111.889227,33.414002],[-111.884227,33.414638],[-111.883227,33.41183],[-111.882432,33.413299],[-111.881227,33.413882],[-111.877279,33.414247],[-111.876149,33.413377],[-111.876486,33.412299],[-111.875015,33.410086],[-111.876227,33.409854],[-111.878749,33.40782],[-111.881227,33.407895],[-111.88288,33.407299],[-111.878547,33.406979],[-111.876227,33.406129],[-111.875748,33.405299],[-111.876502,33.404299],[-111.874227,33.400302],[-111.873582,33.406299],[-111.871227,33.40584],[-111.870227,33.406982],[-111.869399,33.406299],[-111.86989,33.403299],[-111.86697,33.401299],[-111.868227,33.400576],[-111.870227,33.401446],[-111.870316,33.400387],[-111.871043,33.400299],[-111.86689,33.399636],[-111.866227,33.39715],[-111.864639,33.39971],[-111.859932,33.399594],[-111.860227,33.397676],[-111.862317,33.396299],[-111.859227,33.39503],[-111.860227,33.395086],[-111.862227,33.393984],[-111.864227,33.394505],[-111.864629,33.3937],[-111.866065,33.393299],[-111.864227,33.392361],[-111.863227,33.392812],[-111.861371,33.392155],[-111.858362,33.392164],[-111.858194,33.388299],[-111.857227,33.387195],[-111.856227,33.388049],[-111.854615,33.387299],[-111.854432,33.386299],[-111.849558,33.385968],[-111.848918,33.385299],[-111.84971,33.384299],[-111.849227,33.382131],[-111.84869,33.383761],[-111.847405,33.384299],[-111.84779,33.385299],[-111.846406,33.385299],[-111.847073,33.384299],[-111.846412,33.383299],[-111.84664,33.382299],[-111.845007,33.381299],[-111.845121,33.380299],[-111.846227,33.379704],[-111.849227,33.380135],[-111.849453,33.379524],[-111.850781,33.379299],[-111.849598,33.378928],[-111.849227,33.378069],[-111.847562,33.378634],[-111.845223,33.378303],[-111.842934,33.375592],[-111.843735,33.374299],[-111.842569,33.372957],[-111.842227,33.371326],[-111.841429,33.3725],[-111.841227,33.377388],[-111.838075,33.377451],[-111.837227,33.376442],[-111.836412,33.377484],[-111.832338,33.378409],[-111.831227,33.378384],[-111.830227,33.377609],[-111.829227,33.378443],[-111.828227,33.377679],[-111.825919,33.377607],[-111.826586,33.376299],[-111.826363,33.374434],[-111.830644,33.372299],[-111.829227,33.368875],[-111.827227,33.369839],[-111.824839,33.369299],[-111.824921,33.366993],[-111.826227,33.366545],[-111.827227,33.366948],[-111.827437,33.365508],[-111.826554,33.364972],[-111.825354,33.362172],[-111.825369,33.360441],[-111.826381,33.360299],[-111.824735,33.359791],[-111.824227,33.35673],[-111.823777,33.360849],[-111.821105,33.361299],[-111.823227,33.361842],[-111.823227,33.363084],[-111.817128,33.364299],[-111.821327,33.365299],[-111.820268,33.365339],[-111.819463,33.367299],[-111.82111,33.368299],[-111.820747,33.368818],[-111.817696,33.369299],[-111.818588,33.369938],[-111.818227,33.371286],[-111.817227,33.370476],[-111.811942,33.371299],[-111.81568,33.371846],[-111.815827,33.372898],[-111.814227,33.373852],[-111.813227,33.372789],[-111.812227,33.372805],[-111.808227,33.374039],[-111.807227,33.372436],[-111.806491,33.375299],[-111.805447,33.376299],[-111.806024,33.377299],[-111.805584,33.377656],[-111.804227,33.377403],[-111.802227,33.378951],[-111.800227,33.378287],[-111.799956,33.379027],[-111.79873,33.379299],[-111.803056,33.37947],[-111.805204,33.380299],[-111.803227,33.381211],[-111.802966,33.38256],[-111.804047,33.384299],[-111.803227,33.384528],[-111.802592,33.385663],[-111.797892,33.385634],[-111.797245,33.384281],[-111.796791,33.385862],[-111.795984,33.386055],[-111.791227,33.386058],[-111.790227,33.385202],[-111.789027,33.385098],[-111.786227,33.386064],[-111.771894,33.386299],[-111.785227,33.386491],[-111.788227,33.386991],[-111.795831,33.386695],[-111.795886,33.388299],[-111.796916,33.389299],[-111.796756,33.392299],[-111.796227,33.392839],[-111.794923,33.391995],[-111.794442,33.393299],[-111.796531,33.393995],[-111.797178,33.395299],[-111.796956,33.399027],[-111.795861,33.399665],[-111.796227,33.400629],[-111.795668,33.399858],[-111.793992,33.400534],[-111.791227,33.399562],[-111.790808,33.398299],[-111.791767,33.397299],[-111.789913,33.396613],[-111.789818,33.394889],[-111.790227,33.394],[-111.791875,33.393299],[-111.789047,33.392479],[-111.788227,33.390488],[-111.787653,33.392724],[-111.785726,33.393299],[-111.787378,33.394149],[-111.787488,33.396559],[-111.784699,33.398299],[-111.78575,33.399299],[-111.783463,33.401534],[-111.782227,33.404058],[-111.780781,33.403299],[-111.780227,33.40006],[-111.778322,33.402299],[-111.776825,33.405299],[-111.777346,33.406299],[-111.776227,33.40729],[-111.772414,33.407112],[-111.771227,33.405584],[-111.769998,33.408069],[-111.767778,33.408299],[-111.769785,33.408741],[-111.770635,33.409891],[-111.77014,33.411299],[-111.770815,33.413299],[-111.770227,33.413986],[-111.769227,33.413855],[-111.767227,33.414818],[-111.766303,33.414223],[-111.76389,33.414299],[-111.763003,33.415074],[-111.761227,33.41477],[-111.758404,33.415299],[-111.760227,33.415839],[-111.764227,33.415661],[-111.766227,33.416799],[-111.768253,33.416273],[-111.769051,33.417299],[-111.77093,33.417596],[-111.770902,33.421974],[-111.768271,33.422299],[-111.770136,33.42339],[-111.771227,33.42539],[-111.772227,33.424966],[-111.773227,33.426077],[-111.773894,33.424965],[-111.774575,33.424951],[-111.774754,33.425825],[-111.77405,33.426299],[-111.775013,33.426513],[-111.776594,33.428932],[-111.775852,33.429674],[-111.774227,33.428798],[-111.773891,33.429962],[-111.773073,33.430299],[-111.774881,33.430645],[-111.775227,33.431231],[-111.777491,33.431035],[-111.779227,33.432606],[-111.780227,33.431929],[-111.78118,33.433346],[-111.782856,33.434299],[-111.780227,33.436452],[-111.779227,33.435576],[-111.774227,33.437014],[-111.770838,33.437299],[-111.775227,33.437816],[-111.776227,33.438719],[-111.77729,33.438236],[-111.779227,33.43969],[-111.780227,33.439099],[-111.781227,33.440342],[-111.782227,33.439966],[-111.783227,33.441146],[-111.783739,33.43981],[-111.785227,33.439351],[-111.785619,33.44069],[-111.78337,33.441299],[-111.785227,33.443072],[-111.786227,33.442693],[-111.786804,33.443299],[-111.786227,33.443973],[-111.785227,33.443574],[-111.784566,33.444299],[-111.788227,33.444845],[-111.791227,33.442809],[-111.791976,33.44355],[-111.79744,33.444086],[-111.79796,33.445566],[-111.799227,33.445805],[-111.801482,33.445044],[-111.800502,33.447299],[-111.802784,33.448299],[-111.801428,33.449499],[-111.800227,33.450108],[-111.799758,33.449768],[-111.79977,33.448299],[-111.798199,33.448327],[-111.797033,33.447493],[-111.796227,33.445439],[-111.795789,33.44786],[-111.79507,33.448299],[-111.795854,33.449299],[-111.795227,33.450181],[-111.794227,33.44916],[-111.793227,33.450892],[-111.789227,33.451162],[-111.788418,33.451108],[-111.787227,33.44986],[-111.78659,33.451299],[-111.787227,33.452405],[-111.788227,33.452111],[-111.791227,33.453318],[-111.792227,33.451678],[-111.794227,33.452906],[-111.795435,33.452091],[-111.795989,33.455299],[-111.795302,33.456299],[-111.796227,33.457328],[-111.797213,33.455299],[-111.797227,33.453217],[-111.801017,33.455509],[-111.801998,33.455299],[-111.803227,33.453894],[-111.805227,33.454773],[-111.807227,33.454556],[-111.808024,33.455299],[-111.806769,33.456299],[-111.810095,33.457299],[-111.808578,33.459299],[-111.811227,33.459733],[-111.812579,33.460947],[-111.812227,33.461901],[-111.809954,33.462299],[-111.812602,33.462924],[-111.811651,33.466299],[-111.812991,33.466535],[-111.813227,33.467457]]],"type":"Polygon"}},{"type":"Feature","properties":{"station_id":"201","status":"existing","strategy":"all","band":"4min"},"geometry":{"coordinates":[[[-111.822227,33.447819],[-111.823498,33.445299],[-111.823483,33.443554],[-111.824755,33.442299],[-111.825375,33.440299],[-111.823587,33.439299],[-111.82481,33.438299],[-111.823741,33.437785],[-111.823804,33.436875],[-111.825227,33.436117],[-111.826227,33.436598],[-111.829227,33.436305],[-111.830227,33.435591],[-111.831102,33.436299],[-111.831227,33.437554],[-111.831765,33.435836],[-111.834515,33.435299],[-111.832259,33.434267],[-111.832115,33.433299],[-111.834164,33.430299],[-111.834227,33.428006],[-111.837865,33.426299],[-111.838227,33.424718],[-111.840227,33.428362],[-111.841458,33.426299],[-111.84115,33.423221],[-111.842227,33.423675],[-111.845786,33.422299],[-111.842983,33.421299],[-111.84399,33.419061],[-111.846227,33.41698],[-111.848227,33.419681],[-111.849247,33.417299],[-111.849032,33.416299],[-111.849738,33.415809],[-111.851227,33.416068],[-111.852227,33.415464],[-111.855622,33.415299],[-111.848944,33.414582],[-111.848835,33.413906],[-111.849815,33.413299],[-111.848376,33.41215],[-111.848227,33.411231],[-111.847245,33.414299],[-111.845818,33.413708],[-111.841846,33.409917],[-111.842959,33.40903],[-111.846639,33.408299],[-111.847703,33.407299],[-111.844227,33.406599],[-111.844026,33.407097],[-111.841601,33.407299],[-111.840227,33.40297],[-111.839227,33.407284],[-111.838554,33.404972],[-111.835227,33.404167],[-111.834136,33.40239],[-111.833227,33.402266],[-111.832227,33.403164],[-111.831737,33.402789],[-111.831227,33.400589],[-111.830227,33.403159],[-111.829227,33.40306],[-111.827835,33.401299],[-111.827317,33.395299],[-111.8274,33.394471],[-111.830111,33.393299],[-111.827364,33.393162],[-111.827227,33.3925],[-111.826227,33.392135],[-111.824834,33.392692],[-111.823227,33.387064],[-111.822899,33.38897],[-111.822148,33.389299],[-111.821431,33.391299],[-111.821517,33.392588],[-111.818227,33.39231],[-111.816778,33.393299],[-111.821884,33.394299],[-111.819307,33.395299],[-111.817021,33.400092],[-111.816227,33.403398],[-111.814968,33.402558],[-111.814227,33.400053],[-111.811944,33.404015],[-111.811227,33.404241],[-111.810761,33.403765],[-111.810227,33.401656],[-111.809227,33.402195],[-111.810009,33.402517],[-111.809926,33.404299],[-111.808127,33.405198],[-111.807227,33.407077],[-111.805668,33.405858],[-111.805227,33.404017],[-111.804227,33.406658],[-111.801556,33.408299],[-111.803718,33.408808],[-111.80418,33.411299],[-111.803227,33.412028],[-111.802227,33.41177],[-111.801227,33.41276],[-111.799227,33.412945],[-111.798047,33.414118],[-111.793379,33.415299],[-111.797227,33.416359],[-111.799227,33.415867],[-111.800229,33.417297],[-111.802652,33.418299],[-111.802478,33.420549],[-111.801227,33.419954],[-111.800665,33.420736],[-111.798467,33.421538],[-111.797227,33.421067],[-111.793449,33.422299],[-111.795108,33.423418],[-111.797227,33.423351],[-111.798227,33.423993],[-111.800227,33.422714],[-111.801227,33.423924],[-111.801848,33.422919],[-111.802586,33.42294],[-111.803418,33.424299],[-111.802715,33.426299],[-111.803964,33.427299],[-111.803368,33.428299],[-111.804782,33.429299],[-111.805227,33.431897],[-111.806633,33.427704],[-111.807563,33.426963],[-111.80672,33.424299],[-111.807596,33.424299],[-111.807779,33.426747],[-111.809227,33.427746],[-111.810227,33.427656],[-111.810227,33.428601],[-111.807,33.429299],[-111.808662,33.429864],[-111.809227,33.430757],[-111.811228,33.430299],[-111.813177,33.434299],[-111.809448,33.436299],[-111.813227,33.43617],[-111.814227,33.438173],[-111.814619,33.43669],[-111.815227,33.436476],[-111.819227,33.436605],[-111.821262,33.437264],[-111.818835,33.439299],[-111.821725,33.443801],[-111.822227,33.447819]]],"type":"Polygon"}},{"type":"Feature","properties":{"station_id":"202","status":"existing","strategy":"all","band":"8min"},"geometry":{"coordinates":[[[-111.796468,33.454457],[-111.797468,33.452889],[-111.801468,33.454692],[-111.803468,33.453328],[-111.805468,33.454371],[-111.805676,33.453611],[-111.808468,33.451766],[-111.810934,33.451939],[-111.813468,33.454187],[-111.814154,33.452089],[-111.818443,33.451404],[-111.815073,33.450799],[-111.813468,33.449154],[-111.81281,33.450404],[-111.811859,33.450795],[-111.809468,33.450941],[-111.808716,33.450404],[-111.809688,33.449404],[-111.809944,33.447879],[-111.811182,33.447404],[-111.809877,33.446404],[-111.811072,33.444007],[-111.812843,33.445029],[-111.813468,33.446972],[-111.814468,33.446601],[-111.813862,33.444404],[-111.815611,33.443547],[-111.816908,33.439404],[-111.815902,33.43897],[-111.815225,33.43716],[-111.820468,33.436777],[-111.821624,33.437248],[-111.82036,33.438512],[-111.822468,33.444461],[-111.822726,33.442661],[-111.824201,33.440404],[-111.823421,33.439451],[-111.823915,33.438404],[-111.823184,33.437119],[-111.825468,33.436226],[-111.831819,33.435404],[-111.828468,33.435148],[-111.827468,33.433423],[-111.826159,33.434094],[-111.824468,33.433863],[-111.824926,33.431404],[-111.82421,33.430145],[-111.827468,33.431012],[-111.830468,33.429993],[-111.831167,33.430705],[-111.831468,33.432857],[-111.833715,33.42765],[-111.837468,33.424632],[-111.838191,33.426404],[-111.839204,33.426668],[-111.839468,33.429588],[-111.840468,33.428956],[-111.841468,33.426949],[-111.842788,33.426404],[-111.841888,33.425404],[-111.842239,33.423174],[-111.843468,33.423896],[-111.845468,33.422776],[-111.847646,33.422404],[-111.844468,33.421064],[-111.843468,33.421867],[-111.842291,33.421404],[-111.843791,33.420726],[-111.846468,33.417618],[-111.848468,33.42084],[-111.849567,33.416404],[-111.857018,33.415404],[-111.856468,33.414977],[-111.849299,33.414573],[-111.849721,33.413656],[-111.850738,33.413404],[-111.849225,33.412647],[-111.849468,33.410829],[-111.851468,33.411992],[-111.853468,33.410674],[-111.854468,33.411185],[-111.855468,33.410751],[-111.856468,33.412067],[-111.859343,33.409404],[-111.860468,33.410862],[-111.862468,33.408964],[-111.863958,33.408914],[-111.864468,33.409746],[-111.865468,33.407746],[-111.867468,33.408005],[-111.86949,33.407404],[-111.867003,33.406869],[-111.865468,33.405547],[-111.864761,33.406696],[-111.863468,33.406859],[-111.861468,33.405038],[-111.860468,33.405864],[-111.859468,33.404489],[-111.858468,33.405732],[-111.85791,33.403962],[-111.856468,33.403541],[-111.855468,33.405606],[-111.854468,33.405237],[-111.853468,33.406103],[-111.851221,33.405651],[-111.851468,33.405086],[-111.852468,33.405032],[-111.852661,33.402404],[-111.854468,33.400266],[-111.856168,33.400704],[-111.856468,33.402334],[-111.85777,33.401404],[-111.858468,33.397631],[-111.859461,33.396404],[-111.858167,33.395705],[-111.858468,33.394785],[-111.859468,33.394533],[-111.860468,33.395398],[-111.861468,33.394327],[-111.863704,33.394639],[-111.866789,33.393404],[-111.864468,33.393094],[-111.863468,33.391792],[-111.862468,33.392627],[-111.861468,33.39156],[-111.861121,33.392056],[-111.859468,33.392014],[-111.859168,33.388104],[-111.863126,33.387746],[-111.863468,33.388837],[-111.863767,33.387404],[-111.864351,33.387286],[-111.868468,33.386892],[-111.872963,33.387404],[-111.872324,33.388404],[-111.873162,33.38871],[-111.873891,33.392404],[-111.873468,33.393018],[-111.871437,33.393404],[-111.873816,33.394056],[-111.874468,33.395928],[-111.875185,33.39412],[-111.876993,33.393404],[-111.875503,33.392404],[-111.876522,33.388404],[-111.875468,33.388195],[-111.875327,33.387262],[-111.880468,33.386616],[-111.888468,33.386645],[-111.890233,33.388404],[-111.890339,33.395404],[-111.891191,33.395681],[-111.891411,33.398404],[-111.891406,33.399341],[-111.890468,33.399379],[-111.890468,33.399908],[-111.891468,33.400554],[-111.891568,33.395404],[-111.890651,33.395221],[-111.890642,33.389404],[-111.891746,33.388404],[-111.891981,33.386916],[-111.906506,33.386441],[-111.910035,33.385404],[-111.891936,33.384936],[-111.891625,33.383404],[-111.891751,33.382686],[-111.892585,33.382404],[-111.892623,33.379558],[-111.893573,33.379404],[-111.893468,33.375085],[-111.89319,33.379125],[-111.892376,33.379311],[-111.892096,33.382031],[-111.891345,33.38228],[-111.891258,33.384404],[-111.890468,33.385091],[-111.881468,33.384939],[-111.88013,33.385066],[-111.879468,33.385889],[-111.875213,33.385659],[-111.875219,33.384154],[-111.877468,33.383579],[-111.877274,33.382209],[-111.878318,33.381404],[-111.877572,33.3783],[-111.875514,33.38145],[-111.873469,33.382404],[-111.874171,33.383404],[-111.873093,33.385028],[-111.866468,33.38571],[-111.859872,33.385404],[-111.860468,33.383872],[-111.861468,33.38458],[-111.863176,33.384404],[-111.863117,33.383404],[-111.860852,33.382404],[-111.861919,33.380854],[-111.865468,33.379021],[-111.868468,33.37895],[-111.869395,33.378404],[-111.865813,33.378059],[-111.864468,33.377399],[-111.863468,33.377831],[-111.861471,33.377404],[-111.86213,33.376404],[-111.860437,33.375404],[-111.860655,33.374217],[-111.859468,33.371104],[-111.858979,33.373404],[-111.85809,33.374404],[-111.858791,33.375404],[-111.857921,33.377404],[-111.855468,33.378057],[-111.85201,33.376862],[-111.851468,33.373401],[-111.850773,33.374708],[-111.846679,33.376404],[-111.847497,33.377375],[-111.846468,33.377627],[-111.846268,33.376404],[-111.843402,33.373404],[-111.842769,33.369404],[-111.844047,33.368404],[-111.841764,33.365404],[-111.841787,33.364404],[-111.841468,33.364085],[-111.840807,33.367742],[-111.83851,33.368404],[-111.84188,33.368992],[-111.84195,33.370885],[-111.838468,33.372628],[-111.83614,33.372732],[-111.836048,33.368983],[-111.838367,33.368404],[-111.835846,33.368026],[-111.83497,33.366404],[-111.835468,33.365256],[-111.838468,33.365007],[-111.838784,33.364404],[-111.836468,33.363367],[-111.835468,33.363778],[-111.834468,33.362479],[-111.833468,33.363766],[-111.832468,33.361337],[-111.829468,33.36293],[-111.829957,33.364892],[-111.829137,33.364735],[-111.827909,33.363404],[-111.827902,33.36197],[-111.826833,33.361404],[-111.827714,33.360649],[-111.827468,33.359553],[-111.825468,33.358922],[-111.82501,33.357862],[-111.824977,33.355912],[-111.825996,33.355404],[-111.824468,33.35228],[-111.824281,33.354404],[-111.823455,33.355404],[-111.823899,33.356404],[-111.823216,33.358404],[-111.824185,33.359404],[-111.823468,33.360931],[-111.820468,33.360983],[-111.819468,33.361989],[-111.81673,33.360404],[-111.815468,33.357686],[-111.810046,33.356826],[-111.810139,33.351074],[-111.810873,33.350999],[-111.811468,33.352726],[-111.814629,33.355564],[-111.815437,33.355404],[-111.814016,33.353856],[-111.813927,33.352404],[-111.816243,33.350178],[-111.817431,33.350404],[-111.818468,33.351455],[-111.819468,33.350247],[-111.820468,33.350577],[-111.822973,33.349404],[-111.820468,33.348463],[-111.815987,33.348885],[-111.813468,33.344754],[-111.811468,33.347679],[-111.810526,33.346346],[-111.808699,33.345404],[-111.810315,33.344404],[-111.807999,33.342873],[-111.807672,33.3412],[-111.806736,33.340404],[-111.80692,33.337855],[-111.808308,33.337404],[-111.807698,33.337174],[-111.807468,33.335673],[-111.805468,33.33889],[-111.80445,33.339404],[-111.805738,33.340134],[-111.804634,33.341404],[-111.805797,33.342404],[-111.802352,33.343404],[-111.802244,33.345404],[-111.799682,33.347617],[-111.798468,33.345624],[-111.797578,33.348404],[-111.796468,33.349338],[-111.795468,33.348654],[-111.793468,33.349223],[-111.793173,33.350108],[-111.791441,33.350404],[-111.797468,33.351513],[-111.798468,33.353856],[-111.799468,33.351714],[-111.800395,33.353477],[-111.805468,33.354031],[-111.806683,33.355189],[-111.806674,33.356609],[-111.802468,33.357113],[-111.801468,33.359771],[-111.800195,33.359677],[-111.798468,33.357672],[-111.797468,33.359808],[-111.796468,33.358147],[-111.794468,33.359265],[-111.792468,33.359202],[-111.791372,33.358404],[-111.791487,33.356404],[-111.790332,33.355404],[-111.790974,33.354404],[-111.789468,33.3524],[-111.788652,33.355404],[-111.787713,33.356404],[-111.788221,33.358156],[-111.786278,33.360404],[-111.786468,33.360957],[-111.787806,33.361066],[-111.787468,33.362376],[-111.786468,33.36152],[-111.784387,33.363485],[-111.782468,33.36137],[-111.782074,33.363009],[-111.776885,33.364404],[-111.780468,33.364644],[-111.781223,33.365404],[-111.780919,33.367854],[-111.779333,33.368268],[-111.777772,33.370707],[-111.774809,33.370063],[-111.773651,33.368221],[-111.773468,33.366355],[-111.772142,33.371077],[-111.771369,33.371404],[-111.772483,33.372418],[-111.769748,33.373404],[-111.770889,33.373983],[-111.770468,33.374915],[-111.768468,33.374534],[-111.766839,33.377774],[-111.766094,33.377778],[-111.76531,33.376245],[-111.764468,33.378968],[-111.763235,33.378637],[-111.761468,33.375399],[-111.760427,33.376362],[-111.760468,33.377553],[-111.756718,33.378653],[-111.755468,33.378451],[-111.756576,33.377404],[-111.754902,33.37697],[-111.754611,33.375546],[-111.755468,33.375106],[-111.754468,33.375312],[-111.753136,33.377404],[-111.753746,33.380681],[-111.751451,33.381404],[-111.750998,33.382404],[-111.753069,33.383803],[-111.752819,33.385754],[-111.741468,33.385952],[-111.740468,33.384967],[-111.73894,33.384932],[-111.738468,33.383088],[-111.736581,33.384404],[-111.737932,33.38494],[-111.737468,33.385748],[-111.720468,33.386048],[-111.719468,33.384698],[-111.718468,33.38598],[-111.704803,33.386404],[-111.718468,33.386545],[-111.719468,33.387266],[-111.729468,33.386719],[-111.736468,33.387241],[-111.752772,33.3871],[-111.75272,33.389655],[-111.752014,33.389858],[-111.751468,33.389309],[-111.750958,33.390893],[-111.748074,33.390798],[-111.747468,33.387418],[-111.746104,33.39104],[-111.743663,33.392598],[-111.742468,33.392837],[-111.741468,33.392363],[-111.740379,33.393314],[-111.737856,33.393404],[-111.739468,33.394445],[-111.740468,33.393728],[-111.741468,33.394063],[-111.742468,33.395332],[-111.743468,33.393926],[-111.745004,33.394404],[-111.745468,33.395436],[-111.746468,33.394965],[-111.747945,33.395404],[-111.751806,33.398066],[-111.752526,33.399346],[-111.751468,33.400592],[-111.750468,33.400292],[-111.749499,33.401404],[-111.751896,33.401976],[-111.752853,33.403019],[-111.752795,33.40373],[-111.751526,33.404404],[-111.75182,33.407755],[-111.751092,33.40778],[-111.749468,33.40573],[-111.746876,33.407811],[-111.742291,33.408404],[-111.745468,33.409168],[-111.749254,33.408618],[-111.751841,33.409404],[-111.752763,33.411404],[-111.752307,33.414565],[-111.753468,33.415301],[-111.753706,33.411641],[-111.755205,33.40914],[-111.757912,33.40896],[-111.759468,33.410807],[-111.764468,33.410798],[-111.767468,33.409899],[-111.76876,33.410404],[-111.767685,33.411404],[-111.767766,33.412404],[-111.768468,33.413388],[-111.770468,33.413029],[-111.770735,33.413404],[-111.769468,33.414104],[-111.768468,33.41341],[-111.767468,33.414595],[-111.766468,33.413992],[-111.763468,33.41424],[-111.762468,33.415171],[-111.761526,33.414346],[-111.76039,33.414325],[-111.753718,33.415404],[-111.758282,33.41559],[-111.760425,33.416447],[-111.761468,33.415861],[-111.764425,33.416447],[-111.766468,33.41766],[-111.767468,33.417174],[-111.77101,33.417863],[-111.771044,33.418979],[-111.770223,33.419404],[-111.770195,33.42213],[-111.763221,33.422404],[-111.768588,33.424284],[-111.768878,33.425404],[-111.770404,33.426404],[-111.770391,33.428404],[-111.771468,33.42958],[-111.771745,33.426404],[-111.772468,33.425542],[-111.776003,33.425869],[-111.777468,33.427287],[-111.778468,33.425635],[-111.780468,33.425878],[-111.78192,33.426952],[-111.782094,33.428029],[-111.780468,33.429356],[-111.777468,33.428936],[-111.777089,33.430024],[-111.775336,33.430404],[-111.782545,33.432327],[-111.783686,33.434404],[-111.78085,33.436785],[-111.779205,33.436667],[-111.778468,33.435997],[-111.774961,33.437404],[-111.780468,33.438231],[-111.781468,33.439107],[-111.782468,33.438684],[-111.783468,33.439601],[-111.784468,33.438781],[-111.785852,33.43902],[-111.78724,33.441404],[-111.786835,33.442404],[-111.787468,33.44414],[-111.788971,33.441404],[-111.787996,33.440404],[-111.788468,33.439297],[-111.790137,33.440735],[-111.791858,33.441014],[-111.792468,33.443845],[-111.794182,33.446404],[-111.796468,33.447194],[-111.797729,33.446664],[-111.798477,33.445404],[-111.799307,33.446404],[-111.798601,33.447404],[-111.798979,33.447893],[-111.799468,33.4483],[-111.800468,33.447759],[-111.80186,33.448404],[-111.800468,33.450252],[-111.799589,33.450283],[-111.798639,33.449233],[-111.797468,33.450301],[-111.796468,33.448553],[-111.796145,33.45008],[-111.795045,33.45098],[-111.793468,33.450642],[-111.793279,33.451214],[-111.79085,33.451404],[-111.791468,33.451937],[-111.791544,33.451479],[-111.793188,33.451684],[-111.793468,33.452501],[-111.795917,33.451955],[-111.796168,33.453103],[-111.795442,33.453404],[-111.796252,33.45362],[-111.796468,33.454457]]],"type":"Polygon"}},{"type":"Feature","properties":{"station_id":"202","status":"existing","strategy":"all","band":"4min"},"geometry":{"coordinates":[[[-111.805468,33.430352],[-111.807227,33.426404],[-111.806602,33.425271],[-111.80697,33.423905],[-111.809131,33.424066],[-111.814201,33.422404],[-111.810325,33.421547],[-111.809165,33.420707],[-111.810468,33.417488],[-111.811468,33.418645],[-111.812978,33.416913],[-111.813887,33.416985],[-111.814468,33.420795],[-111.815964,33.417404],[-111.81887,33.415805],[-111.821406,33.415404],[-111.815997,33.414404],[-111.819468,33.412156],[-111.821468,33.411938],[-111.822514,33.414358],[-111.823468,33.414505],[-111.823694,33.411404],[-111.824707,33.410404],[-111.823924,33.409948],[-111.823997,33.408933],[-111.826468,33.409312],[-111.831274,33.407404],[-111.824468,33.406059],[-111.823885,33.402404],[-111.824613,33.401404],[-111.823931,33.400404],[-111.828468,33.395531],[-111.829478,33.396404],[-111.831468,33.39418],[-111.832468,33.393818],[-111.834468,33.394193],[-111.835903,33.393404],[-111.832468,33.392583],[-111.831468,33.391514],[-111.830468,33.392069],[-111.829468,33.391196],[-111.828468,33.391928],[-111.826125,33.39006],[-111.825468,33.391853],[-111.825174,33.390404],[-111.825925,33.389404],[-111.82402,33.387852],[-111.824056,33.386991],[-111.836233,33.386404],[-111.824468,33.385966],[-111.823712,33.385404],[-111.823468,33.383375],[-111.82318,33.385115],[-111.822468,33.385332],[-111.817468,33.385834],[-111.815398,33.385474],[-111.817252,33.383404],[-111.815024,33.382848],[-111.815108,33.380404],[-111.820089,33.379404],[-111.817702,33.37817],[-111.815368,33.378504],[-111.814468,33.375878],[-111.812468,33.377952],[-111.809468,33.376906],[-111.809176,33.375111],[-111.810468,33.375625],[-111.812539,33.374404],[-111.808657,33.373404],[-111.808473,33.372404],[-111.809834,33.371404],[-111.808207,33.370665],[-111.807468,33.368386],[-111.807007,33.370942],[-111.80499,33.371404],[-111.806761,33.372404],[-111.8047,33.374404],[-111.803952,33.376887],[-111.802468,33.377825],[-111.801066,33.377806],[-111.800468,33.377226],[-111.79838,33.378315],[-111.796408,33.378343],[-111.795168,33.379404],[-111.797317,33.380404],[-111.795638,33.382573],[-111.795666,33.385601],[-111.793468,33.386087],[-111.792561,33.385311],[-111.789356,33.385516],[-111.788468,33.384491],[-111.787659,33.385594],[-111.785256,33.386191],[-111.779483,33.386404],[-111.787087,33.386785],[-111.787935,33.387404],[-111.788016,33.389404],[-111.786313,33.390404],[-111.787071,33.391404],[-111.786468,33.392063],[-111.784468,33.39143],[-111.781468,33.392872],[-111.779468,33.392102],[-111.777283,33.393404],[-111.779468,33.39481],[-111.780468,33.394181],[-111.782468,33.395161],[-111.785468,33.394365],[-111.787176,33.394696],[-111.788201,33.399404],[-111.788026,33.402961],[-111.786716,33.404404],[-111.786889,33.406824],[-111.785468,33.407196],[-111.783468,33.406805],[-111.781468,33.407968],[-111.779241,33.408404],[-111.785431,33.409441],[-111.788468,33.41489],[-111.788785,33.411404],[-111.789468,33.4106],[-111.790389,33.411483],[-111.791468,33.411114],[-111.793498,33.412404],[-111.794207,33.413404],[-111.793507,33.414442],[-111.788899,33.415404],[-111.794912,33.41596],[-111.795781,33.416404],[-111.796468,33.417965],[-111.797468,33.416934],[-111.798468,33.416861],[-111.800476,33.418404],[-111.799856,33.419404],[-111.800188,33.421404],[-111.796167,33.422404],[-111.798468,33.423227],[-111.798808,33.422743],[-111.800468,33.422715],[-111.801468,33.423602],[-111.801925,33.42286],[-111.802961,33.422911],[-111.804662,33.425404],[-111.803479,33.426404],[-111.805468,33.430352]]],"type":"Polygon"}},{"type":"Feature","properties":{"station_id":"203","status":"existing","strategy":"all","band":"8min"},"geometry":{"coordinates":[[[-111.856738,33.472916],[-111.857011,33.470348],[-111.85836,33.469348],[-111.85712,33.468348],[-111.857738,33.465812],[-111.859738,33.46575],[-111.860738,33.46664],[-111.865429,33.466657],[-111.865738,33.467623],[-111.866086,33.466695],[-111.86941,33.466348],[-111.866738,33.466041],[-111.865738,33.464962],[-111.863738,33.465614],[-111.862187,33.464899],[-111.857409,33.464677],[-111.857738,33.462907],[-111.862344,33.462348],[-111.860738,33.462053],[-111.859738,33.461027],[-111.857468,33.460618],[-111.858486,33.459095],[-111.860738,33.458801],[-111.861738,33.459805],[-111.862738,33.458598],[-111.864738,33.458932],[-111.865738,33.463129],[-111.866222,33.459831],[-111.868013,33.458348],[-111.866319,33.457767],[-111.86645,33.454059],[-111.868108,33.453717],[-111.868738,33.452885],[-111.870738,33.452855],[-111.871738,33.451835],[-111.874133,33.451953],[-111.874738,33.453884],[-111.875738,33.451758],[-111.882738,33.451532],[-111.883738,33.451929],[-111.885662,33.451348],[-111.875738,33.450937],[-111.874738,33.448886],[-111.874128,33.450737],[-111.870738,33.450855],[-111.869738,33.451823],[-111.867268,33.451877],[-111.866738,33.452779],[-111.866367,33.451976],[-111.867177,33.451786],[-111.867239,33.450848],[-111.868555,33.450348],[-111.866738,33.450129],[-111.865449,33.451058],[-111.865216,33.452348],[-111.86401,33.453619],[-111.861738,33.453728],[-111.860738,33.454714],[-111.858738,33.454696],[-111.858459,33.451348],[-111.85747,33.450348],[-111.857738,33.447974],[-111.859089,33.447698],[-111.860696,33.445305],[-111.86316,33.444769],[-111.867456,33.440065],[-111.870738,33.438983],[-111.871738,33.43794],[-111.873738,33.437831],[-111.874738,33.436819],[-111.876738,33.436786],[-111.877738,33.435765],[-111.881738,33.435676],[-111.882738,33.434767],[-111.887527,33.434559],[-111.88769,33.435396],[-111.888662,33.435424],[-111.888738,33.435917],[-111.889302,33.435348],[-111.887769,33.435317],[-111.887995,33.433605],[-111.889717,33.433369],[-111.890738,33.451143],[-111.891009,33.437348],[-111.891631,33.43524],[-111.896738,33.435742],[-111.897738,33.436704],[-111.908657,33.436348],[-111.899971,33.436115],[-111.897738,33.434821],[-111.894002,33.435084],[-111.892738,33.433638],[-111.891255,33.433831],[-111.891525,33.431135],[-111.892738,33.431586],[-111.893738,33.430928],[-111.894738,33.433298],[-111.895594,33.431203],[-111.896738,33.431437],[-111.897738,33.43257],[-111.898538,33.430147],[-111.899738,33.429871],[-111.900738,33.430361],[-111.901911,33.42952],[-111.904507,33.429348],[-111.901738,33.429016],[-111.900738,33.427687],[-111.899573,33.428513],[-111.898156,33.426348],[-111.898738,33.42539],[-111.899738,33.425607],[-111.900738,33.427054],[-111.902181,33.42379],[-111.90356,33.423526],[-111.904738,33.424997],[-111.907701,33.422348],[-111.906738,33.42006],[-111.902738,33.420788],[-111.901648,33.420257],[-111.904738,33.419953],[-111.905466,33.418075],[-111.906738,33.41746],[-111.907514,33.418348],[-111.907118,33.419348],[-111.908214,33.420348],[-111.907881,33.422348],[-111.908738,33.423292],[-111.909738,33.422189],[-111.91004,33.41965],[-111.91186,33.419348],[-111.910568,33.418348],[-111.911476,33.417085],[-111.912738,33.416929],[-111.913738,33.416008],[-111.91848,33.415348],[-111.912738,33.412913],[-111.911738,33.41371],[-111.910738,33.413525],[-111.909354,33.411348],[-111.909526,33.409135],[-111.91353,33.409556],[-111.916738,33.409053],[-111.917738,33.410459],[-111.918738,33.40996],[-111.922411,33.410348],[-111.921042,33.410044],[-111.921226,33.408835],[-111.923738,33.408588],[-111.926758,33.407348],[-111.923908,33.407178],[-111.922738,33.406208],[-111.921372,33.406981],[-111.920241,33.406845],[-111.918743,33.403348],[-111.916738,33.402432],[-111.916738,33.405423],[-111.914258,33.404348],[-111.911738,33.402099],[-111.911452,33.401061],[-111.911738,33.400289],[-111.915018,33.399348],[-111.913738,33.398489],[-111.912738,33.399004],[-111.911421,33.398665],[-111.909738,33.395246],[-111.908738,33.395179],[-111.907884,33.396348],[-111.908398,33.399348],[-111.907738,33.400125],[-111.904263,33.398823],[-111.903342,33.397348],[-111.903768,33.396348],[-111.901738,33.395807],[-111.901731,33.394348],[-111.902738,33.393935],[-111.904738,33.39443],[-111.907822,33.393264],[-111.906998,33.393088],[-111.906738,33.392309],[-111.901738,33.391504],[-111.900738,33.390355],[-111.899738,33.391775],[-111.898738,33.390697],[-111.897545,33.390541],[-111.896738,33.389167],[-111.895738,33.389639],[-111.893738,33.388691],[-111.894189,33.387348],[-111.896738,33.386843],[-111.905444,33.386642],[-111.908738,33.387168],[-111.911738,33.385858],[-111.919676,33.385411],[-111.920132,33.386348],[-111.921738,33.385348],[-111.909427,33.384659],[-111.907738,33.384913],[-111.906738,33.385864],[-111.900738,33.385999],[-111.899738,33.384944],[-111.893615,33.384471],[-111.894486,33.383348],[-111.893503,33.381112],[-111.894026,33.379348],[-111.895174,33.378348],[-111.894266,33.377348],[-111.893738,33.365275],[-111.893351,33.377348],[-111.892738,33.377941],[-111.891256,33.377348],[-111.891432,33.376348],[-111.890738,33.375826],[-111.889862,33.377471],[-111.886608,33.377478],[-111.886927,33.376348],[-111.885738,33.375347],[-111.882823,33.374348],[-111.883163,33.372348],[-111.881974,33.371348],[-111.882159,33.369348],[-111.880288,33.368798],[-111.878658,33.366348],[-111.876738,33.365523],[-111.877162,33.368348],[-111.87821,33.368876],[-111.879294,33.371348],[-111.877738,33.375215],[-111.874738,33.374736],[-111.873738,33.37344],[-111.871738,33.37292],[-111.870919,33.373348],[-111.870738,33.374779],[-111.867508,33.374578],[-111.867738,33.373804],[-111.870226,33.373348],[-111.869663,33.372348],[-111.866411,33.372675],[-111.866438,33.371047],[-111.868087,33.370348],[-111.867959,33.369127],[-111.866375,33.368711],[-111.866339,33.367948],[-111.868214,33.367872],[-111.868926,33.368535],[-111.869976,33.36711],[-111.870738,33.367758],[-111.872738,33.36714],[-111.874738,33.367922],[-111.875965,33.367348],[-111.874209,33.366877],[-111.872667,33.365276],[-111.875738,33.364513],[-111.876563,33.364523],[-111.876738,33.36518],[-111.877361,33.364348],[-111.872738,33.362599],[-111.871738,33.363958],[-111.870738,33.363087],[-111.867738,33.362964],[-111.866738,33.362259],[-111.865738,33.362452],[-111.865044,33.363653],[-111.86347,33.363616],[-111.86313,33.361348],[-111.864309,33.360348],[-111.863773,33.359313],[-111.861387,33.358699],[-111.859356,33.356348],[-111.860647,33.355348],[-111.859986,33.354348],[-111.860369,33.353978],[-111.86287,33.353348],[-111.859579,33.352507],[-111.859934,33.349348],[-111.858738,33.348896],[-111.857892,33.353501],[-111.856738,33.353132],[-111.855002,33.354348],[-111.857738,33.355076],[-111.858061,33.356348],[-111.855804,33.357348],[-111.85673,33.358348],[-111.855491,33.359348],[-111.854738,33.361645],[-111.853988,33.361348],[-111.851951,33.357348],[-111.851285,33.357348],[-111.84911,33.361348],[-111.849738,33.362735],[-111.845738,33.362878],[-111.845228,33.363838],[-111.84399,33.364348],[-111.848369,33.365717],[-111.848738,33.366916],[-111.849069,33.365348],[-111.85009,33.364996],[-111.85031,33.370348],[-111.851006,33.371615],[-111.845738,33.372337],[-111.845596,33.373348],[-111.844738,33.373921],[-111.843677,33.373409],[-111.842468,33.371618],[-111.842088,33.369348],[-111.842738,33.368602],[-111.844626,33.368348],[-111.842266,33.367348],[-111.842294,33.364903],[-111.843062,33.364348],[-111.841738,33.362666],[-111.840884,33.364348],[-111.84131,33.365348],[-111.840857,33.367466],[-111.839688,33.367297],[-111.837097,33.368348],[-111.84013,33.368956],[-111.841295,33.370348],[-111.837989,33.373348],[-111.837738,33.374242],[-111.837373,33.373348],[-111.836091,33.372995],[-111.834738,33.370587],[-111.833189,33.376798],[-111.826738,33.378011],[-111.824738,33.377296],[-111.824464,33.378073],[-111.823206,33.378348],[-111.824738,33.379345],[-111.826738,33.378919],[-111.828738,33.380764],[-111.829307,33.379916],[-111.830738,33.37955],[-111.832783,33.380303],[-111.832842,33.382348],[-111.831395,33.384348],[-111.832746,33.385348],[-111.829738,33.385753],[-111.828738,33.384797],[-111.824264,33.384822],[-111.823278,33.384348],[-111.823692,33.383348],[-111.822738,33.382708],[-111.821738,33.385144],[-111.817738,33.38612],[-111.814738,33.385604],[-111.810738,33.386203],[-111.809978,33.386108],[-111.809738,33.385284],[-111.808681,33.38529],[-111.802386,33.386348],[-111.813209,33.386877],[-111.813649,33.387348],[-111.813228,33.388837],[-111.811152,33.391761],[-111.807738,33.392914],[-111.805738,33.392575],[-111.804747,33.393348],[-111.808836,33.39425],[-111.809738,33.396688],[-111.810738,33.394818],[-111.81232,33.396348],[-111.809738,33.39745],[-111.808738,33.398972],[-111.806402,33.399348],[-111.808261,33.400348],[-111.805973,33.402348],[-111.80628,33.402806],[-111.809093,33.403348],[-111.806926,33.404348],[-111.806941,33.40755],[-111.806396,33.407348],[-111.805738,33.404174],[-111.805192,33.405801],[-111.801956,33.408348],[-111.80346,33.408626],[-111.803738,33.41142],[-111.802738,33.412209],[-111.801738,33.411941],[-111.800738,33.413407],[-111.799738,33.412803],[-111.797853,33.414462],[-111.793757,33.415348],[-111.796738,33.416308],[-111.799092,33.415994],[-111.799929,33.416348],[-111.800226,33.417348],[-111.801738,33.417471],[-111.802792,33.418348],[-111.802212,33.419348],[-111.802717,33.420348],[-111.804159,33.421348],[-111.803738,33.422019],[-111.802262,33.422348],[-111.804871,33.423215],[-111.805738,33.425079],[-111.806738,33.422997],[-111.813147,33.42494],[-111.813201,33.42581],[-111.812005,33.426348],[-111.81318,33.427348],[-111.813854,33.430348],[-111.818399,33.431687],[-111.8193,33.433348],[-111.81649,33.435099],[-111.814282,33.435348],[-111.816817,33.436348],[-111.82123,33.436856],[-111.822738,33.442208],[-111.823463,33.440348],[-111.823356,33.436965],[-111.829152,33.436934],[-111.830147,33.438756],[-111.829738,33.43967],[-111.828256,33.440348],[-111.82964,33.442446],[-111.829557,33.444348],[-111.830738,33.446209],[-111.831738,33.445262],[-111.833738,33.44572],[-111.835738,33.447063],[-111.836738,33.445649],[-111.837555,33.446348],[-111.837542,33.447348],[-111.83556,33.448348],[-111.836872,33.449348],[-111.836451,33.450348],[-111.832209,33.451348],[-111.834738,33.451989],[-111.838303,33.451783],[-111.839433,33.452653],[-111.839246,33.454855],[-111.837504,33.455113],[-111.836064,33.456673],[-111.8334,33.458009],[-111.828738,33.457963],[-111.827431,33.46004],[-111.826656,33.460265],[-111.826557,33.461166],[-111.82547,33.461348],[-111.82528,33.462889],[-111.824628,33.464237],[-111.823706,33.464316],[-111.823667,33.465276],[-111.821079,33.465348],[-111.823839,33.465348],[-111.824014,33.464623],[-111.824853,33.464462],[-111.825887,33.463496],[-111.825828,33.461437],[-111.82704,33.461348],[-111.829098,33.458707],[-111.834738,33.458825],[-111.835339,33.457948],[-111.836738,33.457815],[-111.838738,33.456263],[-111.839738,33.456982],[-111.839811,33.456348],[-111.843738,33.454044],[-111.845738,33.453962],[-111.846738,33.452976],[-111.848738,33.452904],[-111.849353,33.453733],[-111.851004,33.454082],[-111.852318,33.455768],[-111.854738,33.455996],[-111.8553,33.456786],[-111.85696,33.457126],[-111.857095,33.458348],[-111.856117,33.459348],[-111.856066,33.464675],[-111.853738,33.464926],[-111.852738,33.465952],[-111.849738,33.465097],[-111.848738,33.466058],[-111.845738,33.465509],[-111.844105,33.465981],[-111.843738,33.465491],[-111.843219,33.466348],[-111.847311,33.466775],[-111.847738,33.468456],[-111.848738,33.466637],[-111.854738,33.467236],[-111.855738,33.465818],[-111.856298,33.467348],[-111.854971,33.468348],[-111.8564,33.469348],[-111.855657,33.470348],[-111.856328,33.470758],[-111.856738,33.472916]]],"type":"Polygon"}},{"type":"Feature","properties":{"station_id":"203","status":"existing","strategy":"all","band":"4min"},"geometry":{"coordinates":[[[-111.856738,33.440587],[-111.856264,33.436873],[-111.859156,33.436348],[-111.856119,33.435967],[-111.856187,33.434796],[-111.85831,33.433348],[-111.857738,33.4322],[-111.859738,33.431379],[-111.863395,33.431348],[-111.865043,33.429652],[-111.868921,33.429348],[-111.865983,33.428348],[-111.868121,33.42473],[-111.870841,33.423451],[-111.873472,33.424081],[-111.873738,33.423297],[-111.874738,33.424686],[-111.875262,33.422871],[-111.876416,33.422348],[-111.875458,33.421348],[-111.87762,33.417348],[-111.878738,33.417281],[-111.880386,33.415996],[-111.885289,33.415348],[-111.883048,33.415038],[-111.882738,33.414157],[-111.881091,33.4147],[-111.87671,33.414376],[-111.875975,33.413348],[-111.876453,33.412348],[-111.875397,33.410689],[-111.875738,33.409521],[-111.877738,33.409715],[-111.879738,33.408241],[-111.880738,33.409533],[-111.882738,33.408086],[-111.883738,33.408681],[-111.885738,33.40839],[-111.886738,33.408953],[-111.890692,33.407348],[-111.889738,33.406903],[-111.887738,33.407201],[-111.884738,33.405878],[-111.883738,33.406179],[-111.880738,33.404596],[-111.880047,33.406657],[-111.877111,33.405975],[-111.876563,33.405173],[-111.878881,33.404348],[-111.875874,33.401348],[-111.879735,33.400348],[-111.877748,33.399338],[-111.875862,33.399224],[-111.875648,33.396348],[-111.874738,33.39441],[-111.873066,33.399348],[-111.870329,33.399757],[-111.870063,33.398673],[-111.870781,33.398348],[-111.868253,33.397833],[-111.866671,33.39528],[-111.868738,33.394082],[-111.87074,33.394349],[-111.871738,33.393707],[-111.87475,33.393348],[-111.872986,33.3931],[-111.871738,33.392241],[-111.869249,33.392837],[-111.867738,33.391737],[-111.86715,33.392759],[-111.86636,33.392726],[-111.863738,33.387181],[-111.863195,33.389805],[-111.861086,33.391695],[-111.858469,33.391617],[-111.859341,33.38795],[-111.86208,33.387348],[-111.861483,33.386348],[-111.858337,33.385348],[-111.85963,33.383348],[-111.859738,33.379706],[-111.858217,33.381826],[-111.856947,33.382348],[-111.856914,33.384523],[-111.854572,33.385348],[-111.856488,33.385598],[-111.856523,33.387132],[-111.853738,33.386836],[-111.851738,33.389235],[-111.849738,33.389545],[-111.848738,33.388082],[-111.847738,33.391908],[-111.842738,33.392109],[-111.841738,33.393039],[-111.840151,33.393348],[-111.845989,33.394097],[-111.847148,33.395348],[-111.845147,33.398348],[-111.843738,33.399212],[-111.842738,33.397933],[-111.841738,33.398985],[-111.839738,33.394498],[-111.838886,33.399348],[-111.837267,33.400348],[-111.838738,33.401794],[-111.838738,33.403543],[-111.836627,33.403236],[-111.835334,33.403943],[-111.834319,33.403767],[-111.833807,33.400416],[-111.834341,33.400348],[-111.833738,33.400139],[-111.832738,33.403532],[-111.831738,33.402365],[-111.828241,33.40685],[-111.827197,33.406889],[-111.826738,33.406077],[-111.825738,33.40695],[-111.824738,33.406687],[-111.822369,33.407348],[-111.826738,33.409202],[-111.827738,33.408781],[-111.828738,33.409844],[-111.829738,33.408445],[-111.830412,33.410348],[-111.831738,33.411132],[-111.832758,33.409328],[-111.833194,33.411803],[-111.832738,33.412334],[-111.831738,33.412208],[-111.831201,33.41481],[-111.830048,33.415038],[-111.828738,33.414431],[-111.827328,33.415348],[-111.830138,33.415949],[-111.831738,33.417252],[-111.832517,33.416126],[-111.834243,33.416348],[-111.832801,33.417348],[-111.835897,33.41819],[-111.83734,33.419746],[-111.838349,33.421348],[-111.835613,33.422348],[-111.838867,33.423219],[-111.839738,33.426523],[-111.840738,33.423026],[-111.841842,33.423244],[-111.842738,33.425072],[-111.843738,33.425337],[-111.844738,33.424203],[-111.84534,33.425348],[-111.844738,33.425837],[-111.843738,33.425367],[-111.843433,33.426348],[-111.845322,33.426764],[-111.845738,33.427598],[-111.846248,33.426857],[-111.848015,33.426624],[-111.849804,33.424282],[-111.851119,33.424967],[-111.8521,33.428709],[-111.850738,33.429055],[-111.849738,33.42827],[-111.847738,33.429052],[-111.845738,33.428715],[-111.843857,33.429348],[-111.846738,33.430046],[-111.847738,33.430833],[-111.848738,33.430311],[-111.849707,33.431379],[-111.850738,33.430768],[-111.852126,33.43196],[-111.853993,33.434348],[-111.853802,33.435348],[-111.855096,33.438348],[-111.856738,33.440587]]],"type":"Polygon"}},{"type":"Feature","properties":{"station_id":"204","status":"existing","strategy":"all","band":"8min"},"geometry":{"coordinates":[[[-111.839747,33.444887],[-111.840796,33.441473],[-111.842012,33.440425],[-111.84031,33.439862],[-111.840397,33.437074],[-111.844132,33.43581],[-111.846747,33.432065],[-111.847947,33.432624],[-111.848747,33.431684],[-111.849978,33.431655],[-111.850747,33.4303],[-111.851747,33.431292],[-111.854747,33.429824],[-111.856747,33.430442],[-111.857815,33.429425],[-111.857207,33.427425],[-111.858912,33.423589],[-111.860965,33.423643],[-111.866108,33.422425],[-111.86592,33.421425],[-111.867571,33.417425],[-111.868747,33.416566],[-111.869747,33.41911],[-111.870666,33.416343],[-111.872747,33.415751],[-111.874747,33.416403],[-111.875349,33.416027],[-111.87663,33.414308],[-111.876879,33.412293],[-111.875491,33.410681],[-111.875747,33.409907],[-111.877137,33.410035],[-111.877747,33.411104],[-111.878345,33.410022],[-111.879747,33.409484],[-111.880747,33.410343],[-111.882747,33.409238],[-111.884639,33.409533],[-111.886747,33.410655],[-111.887897,33.410574],[-111.888747,33.409469],[-111.889629,33.409543],[-111.890322,33.412425],[-111.890747,33.424562],[-111.891167,33.408844],[-111.891747,33.407955],[-111.89502,33.407425],[-111.893141,33.407031],[-111.891747,33.40595],[-111.891508,33.394186],[-111.895502,33.39567],[-111.897747,33.395873],[-111.898419,33.395097],[-111.900054,33.395118],[-111.90018,33.398857],[-111.898335,33.399425],[-111.897853,33.400425],[-111.899894,33.401278],[-111.900747,33.402442],[-111.900896,33.401573],[-111.902598,33.400425],[-111.90175,33.398425],[-111.903486,33.396164],[-111.905747,33.394894],[-111.906883,33.39556],[-111.907747,33.393485],[-111.908747,33.394174],[-111.909681,33.393425],[-111.910627,33.390425],[-111.910401,33.389078],[-111.913498,33.386425],[-111.920747,33.385746],[-111.921747,33.386673],[-111.926193,33.38687],[-111.929998,33.385675],[-111.938735,33.385425],[-111.926747,33.384772],[-111.915747,33.38516],[-111.911538,33.384634],[-111.91055,33.384425],[-111.911118,33.383425],[-111.909747,33.38114],[-111.908631,33.381309],[-111.907812,33.384425],[-111.907033,33.38471],[-111.895551,33.384425],[-111.894877,33.383425],[-111.895263,33.38294],[-111.898747,33.380846],[-111.900747,33.383132],[-111.902254,33.379931],[-111.90771,33.378425],[-111.903747,33.37786],[-111.902747,33.376763],[-111.901747,33.377058],[-111.901405,33.375425],[-111.899952,33.37522],[-111.899747,33.374174],[-111.899902,33.376425],[-111.898747,33.37642],[-111.895788,33.372425],[-111.896507,33.371425],[-111.894436,33.370736],[-111.895394,33.365071],[-111.897127,33.363425],[-111.894927,33.363245],[-111.894747,33.351402],[-111.89417,33.351425],[-111.894734,33.351438],[-111.894472,33.359425],[-111.893405,33.360425],[-111.892859,33.363425],[-111.892747,33.36981],[-111.891747,33.368026],[-111.890485,33.372162],[-111.886747,33.373105],[-111.885747,33.372107],[-111.882517,33.371655],[-111.882341,33.370425],[-111.883121,33.369051],[-111.880747,33.368788],[-111.880454,33.368131],[-111.883747,33.367269],[-111.885747,33.367647],[-111.887063,33.36674],[-111.889264,33.366425],[-111.887486,33.365425],[-111.88968,33.363425],[-111.887747,33.363255],[-111.887507,33.364184],[-111.885747,33.364238],[-111.884747,33.362506],[-111.883825,33.363502],[-111.882705,33.363467],[-111.883103,33.362425],[-111.881755,33.360425],[-111.881872,33.359425],[-111.878994,33.359178],[-111.877438,33.359734],[-111.878107,33.357425],[-111.876747,33.354369],[-111.87647,33.357425],[-111.874609,33.358425],[-111.875747,33.360449],[-111.873747,33.359758],[-111.872747,33.358685],[-111.871989,33.363667],[-111.870482,33.36269],[-111.869747,33.360904],[-111.869003,33.36268],[-111.867516,33.362656],[-111.867769,33.360425],[-111.86868,33.359425],[-111.866205,33.357425],[-111.863243,33.356425],[-111.866747,33.354732],[-111.868747,33.355515],[-111.871673,33.355425],[-111.870439,33.354733],[-111.869747,33.351963],[-111.868747,33.352973],[-111.866224,33.351425],[-111.866747,33.350422],[-111.869747,33.350876],[-111.870914,33.349591],[-111.87201,33.349425],[-111.867414,33.348758],[-111.866747,33.346979],[-111.865747,33.34691],[-111.865873,33.348425],[-111.864838,33.348515],[-111.862747,33.346583],[-111.861747,33.34782],[-111.859417,33.346755],[-111.859346,33.345023],[-111.861612,33.344425],[-111.86055,33.343425],[-111.861743,33.342425],[-111.860959,33.342213],[-111.860747,33.341451],[-111.859411,33.341761],[-111.858747,33.338807],[-111.858118,33.341795],[-111.856026,33.342425],[-111.857997,33.343175],[-111.858043,33.34472],[-111.857085,33.345425],[-111.858037,33.348714],[-111.855747,33.349119],[-111.8537,33.348472],[-111.850865,33.345307],[-111.849747,33.345047],[-111.849747,33.346837],[-111.846633,33.346311],[-111.845747,33.347813],[-111.845248,33.345925],[-111.847747,33.343367],[-111.848799,33.343476],[-111.848852,33.341529],[-111.849413,33.341425],[-111.848747,33.341305],[-111.846747,33.341921],[-111.845743,33.34142],[-111.844633,33.34231],[-111.843071,33.342101],[-111.842747,33.340222],[-111.846179,33.339425],[-111.842856,33.338316],[-111.841747,33.334957],[-111.840517,33.339425],[-111.836484,33.340425],[-111.838895,33.341425],[-111.839355,33.342425],[-111.836747,33.343792],[-111.834747,33.342294],[-111.834643,33.34332],[-111.835554,33.343618],[-111.835678,33.344494],[-111.837747,33.345177],[-111.838747,33.344819],[-111.839747,33.345365],[-111.840747,33.344564],[-111.841034,33.345711],[-111.837747,33.345768],[-111.835742,33.346425],[-111.834747,33.347422],[-111.833747,33.34708],[-111.832747,33.348577],[-111.830747,33.346951],[-111.829747,33.348788],[-111.828747,33.348386],[-111.827747,33.349182],[-111.824747,33.348971],[-111.824137,33.349425],[-111.824092,33.354769],[-111.822747,33.354974],[-111.821495,33.354173],[-111.819682,33.354425],[-111.821747,33.356018],[-111.823456,33.356425],[-111.822314,33.357425],[-111.82416,33.359012],[-111.82394,33.360617],[-111.820747,33.360601],[-111.819747,33.361208],[-111.818329,33.360843],[-111.816422,33.35975],[-111.815747,33.358481],[-111.815747,33.362205],[-111.818171,33.362001],[-111.81784,33.363517],[-111.815747,33.362544],[-111.814747,33.364037],[-111.813747,33.362368],[-111.812747,33.363607],[-111.81077,33.363447],[-111.808747,33.364422],[-111.806747,33.363997],[-111.806484,33.367162],[-111.805747,33.368164],[-111.804657,33.368425],[-111.805999,33.369174],[-111.80587,33.370547],[-111.804747,33.369728],[-111.803046,33.370723],[-111.799602,33.371425],[-111.801683,33.372489],[-111.802747,33.372079],[-111.803419,33.372425],[-111.801902,33.375425],[-111.80297,33.376202],[-111.802418,33.377095],[-111.801321,33.376851],[-111.801434,33.375425],[-111.799919,33.375253],[-111.797067,33.377744],[-111.793525,33.377647],[-111.792747,33.377108],[-111.789747,33.378075],[-111.788747,33.37755],[-111.78736,33.378425],[-111.787219,33.379425],[-111.787901,33.379578],[-111.789747,33.378877],[-111.790747,33.379687],[-111.791747,33.378898],[-111.793747,33.380297],[-111.794161,33.379838],[-111.795747,33.38007],[-111.796021,33.380698],[-111.795274,33.381425],[-111.796747,33.384746],[-111.798646,33.380425],[-111.800747,33.380837],[-111.801747,33.37987],[-111.802747,33.379776],[-111.803462,33.381425],[-111.802267,33.382425],[-111.802882,33.384425],[-111.800979,33.385656],[-111.793747,33.385876],[-111.792747,33.384904],[-111.789383,33.384789],[-111.789623,33.383425],[-111.788747,33.380664],[-111.788009,33.383686],[-111.784747,33.385931],[-111.760726,33.386425],[-111.785747,33.386778],[-111.787514,33.387425],[-111.788747,33.394879],[-111.791747,33.396916],[-111.793466,33.394143],[-111.794017,33.394155],[-111.794488,33.395684],[-111.795747,33.395807],[-111.796178,33.396425],[-111.795355,33.397425],[-111.796138,33.398815],[-111.794679,33.400425],[-111.796747,33.402334],[-111.799087,33.400764],[-111.799747,33.399383],[-111.801516,33.401425],[-111.801646,33.403425],[-111.800608,33.404425],[-111.801579,33.404593],[-111.801735,33.406437],[-111.803639,33.407533],[-111.807142,33.40803],[-111.807747,33.409619],[-111.810049,33.409726],[-111.810747,33.408003],[-111.811747,33.409884],[-111.815747,33.409177],[-111.816747,33.410172],[-111.818501,33.410425],[-111.815875,33.411425],[-111.815747,33.412628],[-111.815354,33.411425],[-111.813747,33.41013],[-111.812747,33.413345],[-111.811747,33.413987],[-111.810747,33.413842],[-111.809747,33.415216],[-111.809053,33.415119],[-111.808747,33.414222],[-111.807215,33.415425],[-111.813246,33.415926],[-111.813747,33.419442],[-111.815765,33.416425],[-111.817249,33.416425],[-111.817058,33.417425],[-111.81964,33.419425],[-111.817747,33.421378],[-111.813604,33.422425],[-111.815355,33.422818],[-111.815747,33.423571],[-111.819747,33.42416],[-111.820747,33.424973],[-111.821269,33.423946],[-111.822139,33.424033],[-111.821977,33.425654],[-111.820989,33.426425],[-111.822747,33.430032],[-111.823456,33.427425],[-111.824563,33.426425],[-111.82396,33.425425],[-111.824389,33.424425],[-111.825747,33.424046],[-111.826493,33.426425],[-111.827603,33.427569],[-111.831261,33.428425],[-111.830747,33.429026],[-111.826128,33.429425],[-111.830747,33.42986],[-111.831747,33.432222],[-111.833327,33.430425],[-111.832322,33.429851],[-111.832375,33.429052],[-111.833372,33.4288],[-111.833747,33.429389],[-111.833994,33.428671],[-111.833173,33.426425],[-111.833336,33.424425],[-111.833984,33.424188],[-111.833954,33.427425],[-111.835134,33.428038],[-111.835176,33.429425],[-111.835947,33.430225],[-111.835923,33.4316],[-111.835036,33.432425],[-111.83547,33.434425],[-111.834747,33.435119],[-111.833747,33.433787],[-111.832053,33.434119],[-111.831747,33.433388],[-111.831294,33.434971],[-111.828506,33.435425],[-111.831489,33.435683],[-111.831747,33.436395],[-111.832747,33.43575],[-111.836747,33.436016],[-111.838312,33.43686],[-111.838862,33.438539],[-111.837753,33.439425],[-111.839378,33.441425],[-111.839747,33.444887]]],"type":"Polygon"}},{"type":"Feature","properties":{"station_id":"204","status":"existing","strategy":"all","band":"4min"},"geometry":{"coordinates":[[[-111.839747,33.414273],[-111.840993,33.411425],[-111.840657,33.408425],[-111.841747,33.407843],[-111.842621,33.408551],[-111.846994,33.409178],[-111.847261,33.412425],[-111.848747,33.414149],[-111.849107,33.410784],[-111.849747,33.409825],[-111.850747,33.410202],[-111.851747,33.409076],[-111.852747,33.409667],[-111.853747,33.408647],[-111.85518,33.408992],[-111.856747,33.411477],[-111.857747,33.408275],[-111.860825,33.407425],[-111.857747,33.406845],[-111.858084,33.404425],[-111.860437,33.403425],[-111.860772,33.402449],[-111.861747,33.402668],[-111.862747,33.401507],[-111.864747,33.400746],[-111.865747,33.402499],[-111.86776,33.398425],[-111.867659,33.396425],[-111.866797,33.395425],[-111.868747,33.39459],[-111.873747,33.39422],[-111.874747,33.396765],[-111.875501,33.394178],[-111.87894,33.393425],[-111.875388,33.392784],[-111.874747,33.390563],[-111.874039,33.392716],[-111.871747,33.392052],[-111.869561,33.392611],[-111.867747,33.390948],[-111.866747,33.392861],[-111.865061,33.387425],[-111.865798,33.386425],[-111.86425,33.385922],[-111.863905,33.384425],[-111.863486,33.384425],[-111.863359,33.386036],[-111.859565,33.385425],[-111.860747,33.384248],[-111.862516,33.384194],[-111.862761,33.383425],[-111.86086,33.382425],[-111.861986,33.380663],[-111.864899,33.380425],[-111.866747,33.37911],[-111.867843,33.379425],[-111.868747,33.380807],[-111.869284,33.378961],[-111.872731,33.378425],[-111.870045,33.378127],[-111.868747,33.377081],[-111.868106,33.377783],[-111.865747,33.377863],[-111.864747,33.376468],[-111.862399,33.377425],[-111.862723,33.376425],[-111.860156,33.374425],[-111.860685,33.371425],[-111.859747,33.36982],[-111.858747,33.37133],[-111.85511,33.370425],[-111.852677,33.367495],[-111.851747,33.364397],[-111.850747,33.365748],[-111.850254,33.370931],[-111.847326,33.371425],[-111.845398,33.374075],[-111.843446,33.373726],[-111.842045,33.371425],[-111.841855,33.368532],[-111.842366,33.368425],[-111.841747,33.367474],[-111.841176,33.368425],[-111.841461,33.371138],[-111.839561,33.372425],[-111.839662,33.374425],[-111.83888,33.375557],[-111.837747,33.375233],[-111.835747,33.37266],[-111.833772,33.377449],[-111.826322,33.378425],[-111.828747,33.379335],[-111.830747,33.379217],[-111.832747,33.379843],[-111.833747,33.381525],[-111.834747,33.379933],[-111.837553,33.380425],[-111.837384,33.381425],[-111.836218,33.382425],[-111.836747,33.383016],[-111.838747,33.382781],[-111.839062,33.383739],[-111.836747,33.383601],[-111.834792,33.384425],[-111.834134,33.385425],[-111.838747,33.385788],[-111.839272,33.386425],[-111.838061,33.387738],[-111.836747,33.387918],[-111.835747,33.387123],[-111.832747,33.387361],[-111.832693,33.388479],[-111.833697,33.388475],[-111.833003,33.390681],[-111.832071,33.389101],[-111.829747,33.389149],[-111.827747,33.391047],[-111.826747,33.389863],[-111.824704,33.391468],[-111.823516,33.390656],[-111.823963,33.389425],[-111.822747,33.387461],[-111.821145,33.391822],[-111.819747,33.392723],[-111.818747,33.39202],[-111.816323,33.393425],[-111.82171,33.394425],[-111.822747,33.397803],[-111.823747,33.395365],[-111.824747,33.396096],[-111.825747,33.39561],[-111.826747,33.397429],[-111.829747,33.397595],[-111.831278,33.398425],[-111.831014,33.399425],[-111.828421,33.400425],[-111.830396,33.400776],[-111.831747,33.402569],[-111.832747,33.402761],[-111.833747,33.405034],[-111.834363,33.40104],[-111.835331,33.401425],[-111.835747,33.403307],[-111.836747,33.402114],[-111.837546,33.402626],[-111.838902,33.406425],[-111.83735,33.407425],[-111.838747,33.408164],[-111.839028,33.409705],[-111.838276,33.410425],[-111.839262,33.411425],[-111.838921,33.413425],[-111.839747,33.414273]]],"type":"Polygon"}},{"type":"Feature","properties":{"station_id":"205","status":"existing","strategy":"all","band":"8min"},"geometry":{"coordinates":[[[-111.735819,33.463125],[-111.736083,33.459937],[-111.736998,33.458937],[-111.736199,33.457937],[-111.736522,33.452639],[-111.738819,33.452427],[-111.740819,33.453301],[-111.741819,33.452337],[-111.744819,33.45223],[-111.745819,33.452879],[-111.746179,33.452296],[-111.749029,33.451937],[-111.747115,33.451641],[-111.746819,33.450903],[-111.745819,33.45172],[-111.741819,33.450772],[-111.739819,33.451289],[-111.738819,33.450517],[-111.738146,33.451263],[-111.736819,33.451396],[-111.7366,33.446717],[-111.737569,33.446686],[-111.738819,33.445289],[-111.742819,33.445378],[-111.744819,33.44642],[-111.746819,33.445635],[-111.747819,33.446361],[-111.750915,33.445032],[-111.752949,33.445807],[-111.752819,33.447075],[-111.753819,33.448726],[-111.754168,33.445285],[-111.756422,33.444937],[-111.75513,33.444626],[-111.754347,33.443409],[-111.75446,33.440577],[-111.757819,33.440199],[-111.758819,33.437394],[-111.761256,33.4375],[-111.761819,33.43901],[-111.762819,33.437352],[-111.764231,33.437525],[-111.764819,33.438268],[-111.765166,33.437283],[-111.767537,33.436937],[-111.762819,33.436633],[-111.761819,33.435835],[-111.76044,33.436316],[-111.757935,33.434937],[-111.757207,33.432937],[-111.75866,33.431777],[-111.759819,33.432445],[-111.760345,33.431462],[-111.762358,33.430475],[-111.763819,33.430276],[-111.764819,33.430764],[-111.767685,33.429937],[-111.764091,33.428665],[-111.760819,33.429451],[-111.75926,33.427937],[-111.759819,33.427047],[-111.760785,33.427971],[-111.763819,33.426676],[-111.76562,33.427136],[-111.766819,33.425683],[-111.768238,33.425518],[-111.769963,33.426793],[-111.769629,33.427937],[-111.770819,33.430651],[-111.771266,33.428383],[-111.771982,33.427937],[-111.771257,33.426937],[-111.772266,33.425383],[-111.774819,33.423968],[-111.779466,33.422937],[-111.777819,33.421791],[-111.775819,33.422482],[-111.775028,33.421937],[-111.775522,33.420937],[-111.774572,33.419937],[-111.775953,33.418937],[-111.776061,33.417179],[-111.777819,33.416598],[-111.779819,33.41693],[-111.780819,33.416389],[-111.782161,33.416595],[-111.782819,33.417818],[-111.783003,33.417121],[-111.784819,33.416168],[-111.787603,33.416153],[-111.787819,33.416836],[-111.788646,33.415937],[-111.788513,33.41063],[-111.789819,33.410103],[-111.790819,33.410967],[-111.791819,33.408378],[-111.793819,33.410077],[-111.795819,33.408638],[-111.798649,33.407937],[-111.795819,33.407708],[-111.794819,33.406654],[-111.792819,33.407015],[-111.791819,33.405781],[-111.789738,33.407018],[-111.789228,33.399937],[-111.793401,33.394518],[-111.796135,33.394621],[-111.796819,33.396032],[-111.797259,33.394376],[-111.800016,33.394133],[-111.80113,33.392937],[-111.799819,33.392654],[-111.798495,33.393261],[-111.796819,33.391166],[-111.795819,33.392802],[-111.795224,33.392532],[-111.793819,33.389342],[-111.792819,33.388433],[-111.791819,33.389885],[-111.790425,33.387937],[-111.791819,33.387446],[-111.792819,33.387832],[-111.793409,33.386526],[-111.795186,33.386303],[-111.799351,33.386405],[-111.800819,33.387499],[-111.803819,33.387423],[-111.804625,33.387937],[-111.80428,33.388937],[-111.80562,33.389937],[-111.805819,33.391477],[-111.806668,33.388937],[-111.806359,33.387476],[-111.808819,33.387194],[-111.809819,33.386446],[-111.818683,33.386073],[-111.81992,33.387037],[-111.829242,33.385937],[-111.807819,33.38555],[-111.806096,33.384937],[-111.805819,33.382822],[-111.805626,33.384937],[-111.804819,33.38542],[-111.789819,33.385114],[-111.789583,33.3837],[-111.79182,33.382936],[-111.789697,33.379814],[-111.792204,33.378937],[-111.789469,33.378287],[-111.788819,33.376131],[-111.788181,33.378298],[-111.786688,33.378805],[-111.783819,33.378589],[-111.782819,33.377453],[-111.782118,33.378235],[-111.780819,33.378077],[-111.779819,33.377188],[-111.778819,33.37813],[-111.777819,33.377366],[-111.774819,33.3778],[-111.774082,33.375937],[-111.77324,33.375516],[-111.773089,33.373937],[-111.774281,33.372398],[-111.776262,33.371937],[-111.774582,33.371174],[-111.773819,33.36855],[-111.772225,33.373342],[-111.768737,33.374854],[-111.768819,33.375569],[-111.770202,33.375554],[-111.770162,33.376279],[-111.768819,33.376105],[-111.768187,33.377304],[-111.767468,33.377288],[-111.765073,33.373937],[-111.764507,33.369249],[-111.765271,33.367937],[-111.762539,33.367217],[-111.761937,33.365937],[-111.767539,33.364937],[-111.765271,33.363937],[-111.763819,33.364217],[-111.761819,33.36324],[-111.760819,33.363296],[-111.759819,33.364292],[-111.758389,33.363937],[-111.758226,33.36253],[-111.756482,33.362274],[-111.756442,33.361559],[-111.758819,33.361664],[-111.759935,33.360937],[-111.756552,33.360205],[-111.755819,33.35641],[-111.75535,33.358467],[-111.754135,33.359937],[-111.751819,33.358483],[-111.750819,33.358766],[-111.751408,33.359348],[-111.751184,33.360301],[-111.749819,33.361546],[-111.748819,33.360871],[-111.747819,33.362672],[-111.746819,33.358286],[-111.746185,33.358937],[-111.746267,33.361937],[-111.745331,33.362449],[-111.746158,33.363937],[-111.74462,33.364136],[-111.744546,33.362664],[-111.745307,33.362424],[-111.744367,33.360937],[-111.744134,33.358251],[-111.744714,33.357937],[-111.74366,33.357937],[-111.742819,33.361516],[-111.742308,33.357937],[-111.740396,33.356937],[-111.740526,33.353644],[-111.742819,33.351073],[-111.744819,33.35194],[-111.747146,33.350264],[-111.750126,33.349937],[-111.743819,33.349198],[-111.742819,33.348094],[-111.741133,33.34925],[-111.739537,33.349219],[-111.739423,33.34754],[-111.741446,33.346937],[-111.739276,33.345937],[-111.739323,33.34344],[-111.741028,33.342937],[-111.739141,33.342615],[-111.738819,33.33989],[-111.737842,33.341937],[-111.738564,33.342937],[-111.737525,33.343937],[-111.738356,33.344937],[-111.737228,33.345937],[-111.738182,33.346937],[-111.736244,33.348937],[-111.732819,33.349582],[-111.730819,33.349068],[-111.727212,33.349937],[-111.728819,33.350699],[-111.73232,33.350436],[-111.733819,33.352355],[-111.734697,33.350815],[-111.736245,33.351511],[-111.736819,33.353642],[-111.735867,33.352889],[-111.734918,33.353937],[-111.735819,33.356191],[-111.73661,33.355727],[-111.737991,33.355937],[-111.737059,33.356176],[-111.736946,33.357063],[-111.735656,33.357773],[-111.736438,33.359318],[-111.738116,33.359937],[-111.738096,33.361937],[-111.737021,33.363138],[-111.733819,33.363312],[-111.732819,33.364248],[-111.730819,33.364268],[-111.729819,33.362873],[-111.728819,33.36363],[-111.726546,33.363663],[-111.725819,33.364461],[-111.723588,33.364168],[-111.722179,33.361937],[-111.723603,33.360937],[-111.722221,33.359535],[-111.721819,33.357176],[-111.721429,33.359546],[-111.720236,33.360937],[-111.721036,33.361937],[-111.719385,33.362937],[-111.719216,33.364333],[-111.718391,33.364365],[-111.717819,33.362994],[-111.716819,33.364587],[-111.713048,33.364708],[-111.712819,33.364315],[-111.711363,33.364937],[-111.714819,33.365822],[-111.715819,33.365554],[-111.717989,33.366767],[-111.717683,33.370937],[-111.715887,33.371937],[-111.718148,33.373265],[-111.71903,33.372937],[-111.717819,33.375278],[-111.716,33.376117],[-111.713819,33.375734],[-111.712819,33.377546],[-111.710819,33.377322],[-111.709819,33.378248],[-111.705819,33.378405],[-111.705397,33.376514],[-111.707106,33.375937],[-111.706108,33.374937],[-111.706414,33.373937],[-111.705074,33.372937],[-111.705605,33.371937],[-111.704965,33.371791],[-111.704819,33.370815],[-111.70411,33.374937],[-111.703074,33.375937],[-111.704044,33.376712],[-111.703819,33.377485],[-111.699819,33.37843],[-111.697819,33.378042],[-111.695332,33.378937],[-111.700819,33.38029],[-111.701819,33.381484],[-111.702418,33.379535],[-111.70416,33.379596],[-111.703032,33.381937],[-111.703819,33.383936],[-111.704317,33.382434],[-111.706819,33.383393],[-111.706492,33.381609],[-111.709819,33.381579],[-111.710434,33.385937],[-111.700819,33.386519],[-111.698819,33.385166],[-111.695441,33.384937],[-111.695081,33.383937],[-111.689819,33.382932],[-111.689593,33.383937],[-111.688434,33.384322],[-111.687559,33.382937],[-111.689232,33.380349],[-111.692949,33.378937],[-111.690819,33.378195],[-111.689361,33.378395],[-111.687819,33.375307],[-111.68718,33.378297],[-111.684601,33.378937],[-111.686905,33.379851],[-111.685325,33.382442],[-111.681819,33.383574],[-111.680164,33.382592],[-111.679819,33.381555],[-111.678824,33.383937],[-111.681151,33.384937],[-111.678879,33.384996],[-111.677819,33.386382],[-111.674819,33.386474],[-111.674145,33.385611],[-111.672819,33.385344],[-111.668819,33.385571],[-111.667819,33.384783],[-111.667212,33.386329],[-111.662819,33.386712],[-111.659153,33.386603],[-111.658819,33.385767],[-111.64992,33.385836],[-111.649847,33.384909],[-111.648887,33.384869],[-111.648819,33.382354],[-111.648744,33.385862],[-111.644123,33.386937],[-111.64752,33.387236],[-111.647819,33.388884],[-111.647889,33.387007],[-111.678819,33.387717],[-111.679819,33.386467],[-111.683132,33.386624],[-111.683538,33.388655],[-111.679549,33.389937],[-111.683295,33.391461],[-111.683521,33.392937],[-111.682438,33.393937],[-111.684508,33.394937],[-111.684225,33.399937],[-111.683089,33.400937],[-111.68419,33.401937],[-111.683512,33.404937],[-111.684052,33.406937],[-111.682484,33.406601],[-111.680819,33.407451],[-111.677819,33.407537],[-111.675819,33.405263],[-111.674819,33.407326],[-111.671743,33.407937],[-111.674438,33.408318],[-111.675819,33.409094],[-111.676819,33.408798],[-111.677819,33.410068],[-111.678565,33.408682],[-111.679819,33.40846],[-111.680819,33.410642],[-111.682115,33.409937],[-111.683165,33.414282],[-111.682819,33.415185],[-111.681066,33.415937],[-111.68397,33.416786],[-111.684819,33.418407],[-111.685819,33.416581],[-111.691956,33.416937],[-111.694264,33.420937],[-111.695685,33.421937],[-111.694819,33.422733],[-111.693155,33.422937],[-111.696209,33.423547],[-111.697819,33.425392],[-111.698581,33.423937],[-111.69916,33.423937],[-111.69997,33.424937],[-111.699657,33.425937],[-111.701079,33.426937],[-111.700567,33.427937],[-111.701819,33.430258],[-111.703032,33.427937],[-111.702667,33.426784],[-111.704819,33.425584],[-111.706169,33.428937],[-111.703634,33.429937],[-111.705819,33.430958],[-111.708119,33.430937],[-111.707819,33.434611],[-111.710301,33.433418],[-111.710819,33.431639],[-111.715658,33.432775],[-111.716454,33.431571],[-111.71712,33.431636],[-111.717166,33.433283],[-111.715819,33.433218],[-111.715166,33.433937],[-111.716225,33.434531],[-111.715819,33.435539],[-111.712819,33.436065],[-111.711819,33.43551],[-111.710819,33.436316],[-111.706819,33.436251],[-111.705313,33.436937],[-111.706819,33.438026],[-111.707819,33.437446],[-111.708819,33.438195],[-111.711819,33.43734],[-111.712614,33.437937],[-111.712819,33.439344],[-111.717295,33.439461],[-111.718384,33.440937],[-111.717624,33.441937],[-111.71751,33.444937],[-111.718537,33.445219],[-111.718819,33.447323],[-111.719741,33.444937],[-111.719659,33.442776],[-111.720828,33.441937],[-111.720733,33.440851],[-111.722907,33.439849],[-111.723715,33.444937],[-111.725663,33.445937],[-111.723819,33.447248],[-111.727714,33.448937],[-111.72699,33.449937],[-111.727536,33.45022],[-111.727305,33.451422],[-111.723377,33.451937],[-111.726819,33.452174],[-111.727819,33.453555],[-111.729383,33.4525],[-111.730819,33.452368],[-111.735152,33.453604],[-111.735556,33.459937],[-111.734937,33.460937],[-111.735819,33.463125]]],"type":"Polygon"}},{"type":"Feature","properties":{"station_id":"205","status":"existing","strategy":"all","band":"4min"},"geometry":{"coordinates":[[[-111.736819,33.430529],[-111.737362,33.426479],[-111.738928,33.424937],[-111.738133,33.424623],[-111.738354,33.423471],[-111.741819,33.423926],[-111.745009,33.422937],[-111.742819,33.422167],[-111.739439,33.422317],[-111.738261,33.420495],[-111.739073,33.418937],[-111.738044,33.417937],[-111.741819,33.416696],[-111.742819,33.417112],[-111.743301,33.416418],[-111.744819,33.416222],[-111.745662,33.416937],[-111.745819,33.418213],[-111.747017,33.416134],[-111.753348,33.415937],[-111.750819,33.415614],[-111.749819,33.41466],[-111.748819,33.415313],[-111.747819,33.413774],[-111.746819,33.414571],[-111.744888,33.413937],[-111.747819,33.411821],[-111.747819,33.410213],[-111.74701,33.409747],[-111.747343,33.40846],[-111.752921,33.408835],[-111.752202,33.409937],[-111.753268,33.410937],[-111.752647,33.413109],[-111.753819,33.415886],[-111.754126,33.411243],[-111.755416,33.408533],[-111.758597,33.408159],[-111.760819,33.408935],[-111.7612,33.408317],[-111.763009,33.407937],[-111.758819,33.407487],[-111.757819,33.40664],[-111.756819,33.407428],[-111.754819,33.407162],[-111.754611,33.406728],[-111.755778,33.405937],[-111.754974,33.403937],[-111.753819,33.403252],[-111.753237,33.405354],[-111.751992,33.405764],[-111.746819,33.403892],[-111.745819,33.406859],[-111.745316,33.40544],[-111.743562,33.404194],[-111.743192,33.402564],[-111.741632,33.402124],[-111.741695,33.398812],[-111.743406,33.399523],[-111.745653,33.397937],[-111.743465,33.397291],[-111.743819,33.396453],[-111.745272,33.396484],[-111.745819,33.397688],[-111.747679,33.395796],[-111.748819,33.397122],[-111.749819,33.396777],[-111.752282,33.397399],[-111.752819,33.396871],[-111.752377,33.397937],[-111.753819,33.401667],[-111.754517,33.398937],[-111.755432,33.397937],[-111.754912,33.396937],[-111.755819,33.395264],[-111.758819,33.394383],[-111.761819,33.395151],[-111.762237,33.394354],[-111.763676,33.393937],[-111.761819,33.392615],[-111.760819,33.393672],[-111.758819,33.392136],[-111.757819,33.392634],[-111.755386,33.39237],[-111.754282,33.391474],[-111.754245,33.390362],[-111.757118,33.389937],[-111.754361,33.389395],[-111.753976,33.387093],[-111.754667,33.386937],[-111.753886,33.38687],[-111.753819,33.386283],[-111.75266,33.386777],[-111.747819,33.386749],[-111.747001,33.385937],[-111.746948,33.383808],[-111.746601,33.385937],[-111.745819,33.386665],[-111.737463,33.386293],[-111.737444,33.385561],[-111.738819,33.384675],[-111.743921,33.382937],[-111.743819,33.381371],[-111.742373,33.381383],[-111.741726,33.380937],[-111.742195,33.380312],[-111.742819,33.380017],[-111.743819,33.380576],[-111.744819,33.379545],[-111.746751,33.378937],[-111.743819,33.378116],[-111.741819,33.378343],[-111.740301,33.377455],[-111.739819,33.373055],[-111.738169,33.378286],[-111.734129,33.378937],[-111.735564,33.379937],[-111.734791,33.380937],[-111.735208,33.382325],[-111.73449,33.382937],[-111.734767,33.383989],[-111.736161,33.384595],[-111.736071,33.385188],[-111.718536,33.385937],[-111.719537,33.386219],[-111.719453,33.388937],[-111.718819,33.389571],[-111.716327,33.389937],[-111.717622,33.390134],[-111.717588,33.392705],[-111.714819,33.393347],[-111.712819,33.392722],[-111.711819,33.393593],[-111.709691,33.393937],[-111.713107,33.394649],[-111.714819,33.396705],[-111.715716,33.394833],[-111.717819,33.395777],[-111.716775,33.397937],[-111.718536,33.39922],[-111.718713,33.40083],[-111.717265,33.407382],[-111.715365,33.407391],[-111.714819,33.405456],[-111.713819,33.405237],[-111.713104,33.407222],[-111.709316,33.407937],[-111.710819,33.40846],[-111.714819,33.408135],[-111.717183,33.408573],[-111.718411,33.411345],[-111.718819,33.416031],[-111.728811,33.416945],[-111.729819,33.417578],[-111.731819,33.416564],[-111.733384,33.417372],[-111.734772,33.418937],[-111.734665,33.419937],[-111.735894,33.420862],[-111.736116,33.422233],[-111.727294,33.422937],[-111.734381,33.424375],[-111.734882,33.424937],[-111.734096,33.425937],[-111.735619,33.426937],[-111.735304,33.427937],[-111.73641,33.428937],[-111.73596,33.429937],[-111.736819,33.430529]]],"type":"Polygon"}},{"type":"Feature","properties":{"station_id":"206","status":"existing","strategy":"all","band":"8min"},"geometry":{"coordinates":[[[-111.786892,33.483234],[-111.787161,33.481535],[-111.788223,33.481267],[-111.787206,33.480953],[-111.787192,33.478267],[-111.788387,33.477267],[-111.787296,33.475267],[-111.788439,33.473813],[-111.790243,33.473267],[-111.787427,33.471267],[-111.788892,33.470737],[-111.789892,33.471272],[-111.791774,33.470267],[-111.787599,33.46956],[-111.787638,33.467012],[-111.789892,33.466818],[-111.790892,33.467675],[-111.793892,33.466987],[-111.795892,33.467764],[-111.799299,33.466267],[-111.790892,33.466032],[-111.789125,33.464267],[-111.792916,33.46329],[-111.793892,33.461882],[-111.794895,33.462269],[-111.795108,33.461483],[-111.796037,33.461411],[-111.796325,33.459699],[-111.798988,33.459362],[-111.799225,33.458599],[-111.801498,33.457267],[-111.802725,33.455099],[-111.805892,33.453565],[-111.806111,33.452485],[-111.80773,33.452429],[-111.807892,33.452865],[-111.808892,33.4519],[-111.811061,33.452098],[-111.811284,33.454267],[-111.813329,33.455267],[-111.812033,33.456267],[-111.813219,33.45694],[-111.813892,33.458238],[-111.81438,33.455754],[-111.815957,33.454202],[-111.815892,33.452267],[-111.816326,33.453267],[-111.817892,33.453818],[-111.818892,33.452368],[-111.821892,33.451933],[-111.822892,33.453006],[-111.823512,33.451886],[-111.825012,33.451267],[-111.823263,33.450896],[-111.822892,33.450179],[-111.819892,33.450494],[-111.818892,33.449544],[-111.816892,33.450281],[-111.815567,33.449267],[-111.813986,33.445267],[-111.816355,33.442267],[-111.816426,33.440267],[-111.816183,33.437976],[-111.814692,33.437066],[-111.817892,33.436729],[-111.820973,33.437267],[-111.820267,33.438641],[-111.81845,33.439267],[-111.819366,33.440267],[-111.819085,33.441267],[-111.819892,33.441423],[-111.820892,33.443088],[-111.821964,33.443338],[-111.822512,33.441886],[-111.825221,33.441267],[-111.825892,33.440568],[-111.824319,33.439267],[-111.825077,33.438267],[-111.823751,33.437408],[-111.824827,33.436201],[-111.825892,33.436675],[-111.830271,33.435888],[-111.830892,33.439119],[-111.831302,33.436676],[-111.832442,33.435816],[-111.83806,33.435267],[-111.835892,33.434572],[-111.834892,33.435066],[-111.833892,33.434044],[-111.832251,33.433908],[-111.832098,33.432267],[-111.830892,33.430995],[-111.830512,33.434267],[-111.829892,33.434801],[-111.827892,33.43475],[-111.827402,33.434267],[-111.82741,33.432785],[-111.828724,33.432267],[-111.826736,33.43211],[-111.825951,33.433325],[-111.824853,33.433267],[-111.823396,33.431267],[-111.824467,33.429841],[-111.825892,33.429609],[-111.826892,33.43018],[-111.828369,33.429267],[-111.824892,33.429084],[-111.823658,33.428501],[-111.823962,33.426267],[-111.823196,33.425267],[-111.823703,33.424077],[-111.825892,33.423664],[-111.826892,33.424877],[-111.827892,33.42487],[-111.829892,33.423983],[-111.831892,33.424195],[-111.834483,33.422267],[-111.832537,33.421622],[-111.831892,33.420664],[-111.831009,33.421383],[-111.829892,33.421249],[-111.827892,33.419979],[-111.826892,33.420947],[-111.825892,33.419483],[-111.821892,33.420828],[-111.821139,33.41902],[-111.819892,33.418028],[-111.817892,33.419717],[-111.816892,33.419964],[-111.815323,33.419267],[-111.81673,33.417104],[-111.818892,33.41681],[-111.819892,33.415541],[-111.820892,33.416109],[-111.823048,33.415267],[-111.819892,33.414992],[-111.818892,33.413611],[-111.817838,33.414267],[-111.8158,33.414359],[-111.816097,33.411471],[-111.816744,33.411267],[-111.814625,33.410534],[-111.813892,33.408205],[-111.810551,33.406608],[-111.809892,33.405472],[-111.808892,33.40594],[-111.806513,33.405646],[-111.806456,33.40483],[-111.807304,33.404267],[-111.806258,33.403901],[-111.805232,33.402267],[-111.806031,33.401267],[-111.805892,33.400095],[-111.804689,33.401063],[-111.803661,33.404267],[-111.804427,33.405267],[-111.803892,33.405875],[-111.801892,33.405346],[-111.801713,33.404267],[-111.799892,33.403143],[-111.798892,33.403903],[-111.796892,33.40397],[-111.795662,33.403267],[-111.794983,33.402267],[-111.795452,33.400267],[-111.793258,33.399901],[-111.792275,33.398884],[-111.792187,33.395561],[-111.793892,33.393712],[-111.794892,33.394756],[-111.796079,33.39408],[-111.796892,33.396157],[-111.79742,33.393794],[-111.801241,33.393267],[-111.798448,33.392711],[-111.796892,33.391027],[-111.796146,33.39252],[-111.795205,33.392267],[-111.792892,33.388438],[-111.792539,33.389913],[-111.791279,33.391267],[-111.790237,33.391267],[-111.788892,33.385757],[-111.787778,33.388267],[-111.788513,33.389267],[-111.787707,33.390081],[-111.78526,33.389899],[-111.784892,33.388216],[-111.783892,33.388016],[-111.783323,33.388698],[-111.781892,33.388755],[-111.780586,33.387573],[-111.780892,33.384452],[-111.782327,33.383701],[-111.783324,33.380267],[-111.786684,33.379267],[-111.783474,33.378685],[-111.782892,33.377361],[-111.781892,33.378406],[-111.780874,33.378285],[-111.779892,33.377036],[-111.778442,33.377717],[-111.772892,33.376355],[-111.771586,33.376573],[-111.771892,33.375758],[-111.772892,33.376151],[-111.774112,33.375486],[-111.773199,33.374267],[-111.774433,33.372807],[-111.77738,33.372267],[-111.775116,33.371043],[-111.773892,33.36743],[-111.773252,33.368267],[-111.773719,33.36844],[-111.773464,33.369839],[-111.772562,33.370267],[-111.7733,33.371267],[-111.770189,33.373267],[-111.77133,33.373829],[-111.771232,33.374606],[-111.768892,33.374613],[-111.768304,33.377679],[-111.765892,33.376691],[-111.765387,33.378761],[-111.764202,33.378957],[-111.763156,33.378267],[-111.762892,33.377007],[-111.761892,33.376969],[-111.761737,33.378267],[-111.757712,33.379267],[-111.762892,33.380259],[-111.763892,33.379854],[-111.766951,33.380208],[-111.767561,33.381267],[-111.767421,33.385267],[-111.770144,33.386015],[-111.769892,33.387697],[-111.766163,33.388996],[-111.763583,33.388576],[-111.763484,33.385858],[-111.764903,33.384267],[-111.763436,33.383723],[-111.763351,33.382725],[-111.764123,33.382267],[-111.762892,33.380289],[-111.762392,33.382766],[-111.760935,33.383267],[-111.762177,33.384982],[-111.761892,33.387783],[-111.756892,33.38829],[-111.756892,33.386488],[-111.756806,33.38718],[-111.754183,33.386976],[-111.753892,33.383382],[-111.753707,33.386081],[-111.752936,33.386267],[-111.753665,33.387267],[-111.75153,33.389904],[-111.748892,33.390938],[-111.746892,33.389067],[-111.746078,33.392452],[-111.740243,33.393267],[-111.741892,33.393586],[-111.742892,33.394577],[-111.743892,33.393628],[-111.748859,33.395267],[-111.747075,33.398267],[-111.748314,33.398845],[-111.748228,33.399602],[-111.746892,33.40023],[-111.746145,33.399267],[-111.74672,33.398267],[-111.745892,33.397966],[-111.744188,33.399267],[-111.745313,33.399846],[-111.744892,33.400785],[-111.743892,33.39937],[-111.741892,33.39984],[-111.741657,33.400502],[-111.743349,33.40181],[-111.743885,33.403259],[-111.740892,33.402915],[-111.738892,33.405983],[-111.737442,33.404267],[-111.738096,33.40247],[-111.739102,33.402267],[-111.737458,33.401701],[-111.736892,33.399083],[-111.736472,33.400846],[-111.734013,33.402267],[-111.73612,33.403267],[-111.732992,33.407366],[-111.731892,33.406404],[-111.730262,33.407636],[-111.726184,33.408267],[-111.727799,33.40836],[-111.727892,33.40889],[-111.730892,33.408394],[-111.735892,33.408847],[-111.735892,33.410444],[-111.732892,33.412688],[-111.731223,33.412597],[-111.728892,33.41405],[-111.727892,33.411892],[-111.727678,33.413052],[-111.726883,33.413257],[-111.725892,33.414971],[-111.723892,33.414177],[-111.722584,33.414958],[-111.719892,33.414824],[-111.719142,33.414017],[-111.718892,33.411687],[-111.718735,33.414109],[-111.717631,33.415005],[-111.715754,33.415267],[-111.718155,33.416004],[-111.717232,33.418606],[-111.712892,33.421761],[-111.710892,33.419565],[-111.709689,33.422063],[-111.706416,33.422267],[-111.705239,33.423267],[-111.709978,33.424181],[-111.710892,33.425816],[-111.711051,33.424426],[-111.711892,33.4239],[-111.714892,33.424627],[-111.715892,33.42383],[-111.718517,33.424267],[-111.716692,33.428267],[-111.716854,33.429267],[-111.715892,33.429632],[-111.714892,33.429037],[-111.71256,33.430267],[-111.716952,33.431327],[-111.718231,33.430928],[-111.717267,33.433641],[-111.715696,33.433267],[-111.71504,33.434267],[-111.715523,33.435267],[-111.714892,33.435811],[-111.713617,33.434542],[-111.711832,33.434206],[-111.710892,33.436746],[-111.709892,33.435461],[-111.709027,33.436401],[-111.708195,33.436267],[-111.708892,33.434095],[-111.707892,33.433839],[-111.70414,33.436514],[-111.701892,33.436409],[-111.70045,33.437267],[-111.701892,33.438101],[-111.705037,33.438122],[-111.706892,33.439531],[-111.707892,33.439017],[-111.709892,33.439357],[-111.710531,33.437905],[-111.711892,33.437813],[-111.712451,33.438267],[-111.711942,33.440217],[-111.713892,33.440665],[-111.714547,33.438921],[-111.716214,33.438945],[-111.718317,33.441267],[-111.715941,33.443267],[-111.716523,33.444267],[-111.715666,33.445267],[-111.718298,33.445861],[-111.718469,33.447267],[-111.717714,33.448445],[-111.718838,33.450267],[-111.717793,33.452167],[-111.716308,33.452267],[-111.71868,33.452479],[-111.718892,33.453224],[-111.719892,33.452531],[-111.726892,33.452774],[-111.727892,33.456221],[-111.729688,33.453062],[-111.735155,33.454004],[-111.735358,33.458267],[-111.73453,33.459267],[-111.734728,33.460267],[-111.732598,33.462267],[-111.733892,33.462534],[-111.734406,33.46178],[-111.735289,33.46187],[-111.734754,33.463267],[-111.735589,33.464267],[-111.73429,33.466267],[-111.735614,33.466545],[-111.735892,33.4676],[-111.736306,33.46668],[-111.737592,33.466267],[-111.736253,33.465906],[-111.73613,33.465267],[-111.736365,33.460267],[-111.737805,33.459267],[-111.736427,33.458267],[-111.736665,33.453039],[-111.739892,33.452574],[-111.74507,33.453089],[-111.745162,33.455536],[-111.741777,33.456383],[-111.744287,33.457872],[-111.74436,33.458734],[-111.743504,33.459267],[-111.747133,33.460026],[-111.747593,33.462267],[-111.74843,33.463729],[-111.74949,33.464267],[-111.749354,33.465267],[-111.748572,33.465587],[-111.748033,33.464126],[-111.746892,33.46477],[-111.745892,33.464612],[-111.743892,33.466122],[-111.743121,33.466038],[-111.741892,33.464444],[-111.740892,33.464933],[-111.738892,33.464504],[-111.738045,33.466267],[-111.739892,33.467528],[-111.741267,33.466892],[-111.74096,33.468267],[-111.741892,33.469677],[-111.743767,33.468267],[-111.743708,33.467083],[-111.744514,33.466889],[-111.746703,33.468456],[-111.748906,33.46828],[-111.750321,33.468838],[-111.750307,33.469681],[-111.748542,33.470267],[-111.749892,33.470532],[-111.752397,33.472267],[-111.751892,33.472926],[-111.749856,33.473267],[-111.751389,33.47377],[-111.753564,33.476267],[-111.752552,33.477267],[-111.752194,33.479267],[-111.752892,33.480871],[-111.7531,33.479474],[-111.75377,33.479267],[-111.75318,33.478979],[-111.753383,33.477757],[-111.755255,33.477267],[-111.754397,33.476762],[-111.754271,33.475267],[-111.753321,33.474267],[-111.753892,33.472493],[-111.754894,33.472267],[-111.754647,33.467022],[-111.75524,33.467267],[-111.755787,33.470372],[-111.75691,33.470284],[-111.757892,33.468992],[-111.75886,33.469267],[-111.759791,33.472368],[-111.760892,33.472452],[-111.762892,33.47082],[-111.764967,33.470267],[-111.763019,33.468267],[-111.764892,33.466965],[-111.766549,33.467267],[-111.766892,33.468109],[-111.767236,33.467267],[-111.768892,33.467037],[-111.768892,33.46779],[-111.767125,33.468267],[-111.769892,33.468813],[-111.770892,33.46705],[-111.774892,33.467019],[-111.775756,33.468267],[-111.774438,33.471813],[-111.773737,33.472267],[-111.773892,33.473496],[-111.774892,33.47321],[-111.775504,33.471878],[-111.778671,33.469046],[-111.780101,33.469058],[-111.780259,33.470267],[-111.779338,33.471267],[-111.779383,33.472758],[-111.775785,33.476159],[-111.775604,33.476978],[-111.774788,33.477162],[-111.77449,33.477864],[-111.772892,33.478137],[-111.772826,33.4792],[-111.770883,33.479257],[-111.770761,33.480267],[-111.770899,33.48026],[-111.770914,33.479288],[-111.77292,33.479294],[-111.773022,33.478396],[-111.77492,33.478294],[-111.774998,33.477372],[-111.775963,33.477337],[-111.776162,33.476537],[-111.780153,33.473267],[-111.781487,33.469861],[-111.783704,33.469455],[-111.783861,33.471298],[-111.786489,33.475267],[-111.7851,33.476267],[-111.786539,33.47862],[-111.786892,33.483234]]],"type":"Polygon"}},{"type":"Feature","properties":{"station_id":"206","status":"existing","strategy":"all","band":"4min"},"geometry":{"coordinates":[[[-111.770892,33.462894],[-111.771368,33.460742],[-111.773551,33.459267],[-111.772444,33.458267],[-111.773524,33.456267],[-111.772396,33.455267],[-111.774715,33.454089],[-111.776892,33.454044],[-111.777892,33.453035],[-111.778892,33.453418],[-111.779892,33.452573],[-111.784129,33.452267],[-111.781892,33.451926],[-111.779892,33.450714],[-111.779384,33.451758],[-111.777892,33.451899],[-111.776892,33.450478],[-111.775892,33.450181],[-111.774892,33.451597],[-111.773427,33.450267],[-111.773883,33.447267],[-111.773222,33.446267],[-111.773892,33.445756],[-111.774892,33.44634],[-111.778066,33.444267],[-111.776796,33.44217],[-111.778892,33.442763],[-111.779892,33.441926],[-111.781864,33.442238],[-111.782892,33.441651],[-111.784892,33.441622],[-111.785892,33.442686],[-111.786892,33.4426],[-111.787343,33.443717],[-111.78563,33.444267],[-111.787892,33.448807],[-111.788757,33.446267],[-111.788273,33.445267],[-111.789572,33.444267],[-111.789478,33.443267],[-111.791077,33.440451],[-111.794585,33.437959],[-111.796301,33.437858],[-111.796892,33.439666],[-111.798276,33.437651],[-111.801098,33.437267],[-111.798449,33.43671],[-111.796892,33.434879],[-111.796123,33.436498],[-111.793501,33.436658],[-111.792352,33.435807],[-111.791892,33.4343],[-111.789544,33.433616],[-111.78893,33.432267],[-111.794014,33.430267],[-111.792193,33.429267],[-111.791419,33.427267],[-111.792117,33.426267],[-111.790899,33.425267],[-111.791112,33.424267],[-111.792892,33.42318],[-111.793892,33.424274],[-111.797886,33.422267],[-111.792892,33.420838],[-111.791172,33.421546],[-111.789713,33.421446],[-111.789252,33.417267],[-111.788305,33.416267],[-111.789158,33.415267],[-111.788276,33.414883],[-111.786892,33.414972],[-111.785892,33.414034],[-111.783892,33.414703],[-111.781892,33.413936],[-111.780892,33.414582],[-111.778892,33.414189],[-111.778032,33.412127],[-111.776892,33.411609],[-111.771696,33.411463],[-111.771892,33.410921],[-111.773765,33.411139],[-111.775279,33.410267],[-111.775219,33.409267],[-111.776252,33.408626],[-111.778507,33.409267],[-111.780933,33.408267],[-111.779892,33.407644],[-111.775892,33.407887],[-111.772892,33.406355],[-111.771842,33.405267],[-111.772387,33.404267],[-111.77133,33.403267],[-111.772109,33.402267],[-111.771157,33.402002],[-111.770892,33.399174],[-111.770458,33.401832],[-111.769119,33.402267],[-111.770047,33.403112],[-111.769519,33.405267],[-111.76813,33.406504],[-111.766892,33.406404],[-111.765892,33.407936],[-111.764892,33.406874],[-111.763892,33.408028],[-111.762892,33.407486],[-111.761335,33.408267],[-111.766892,33.409132],[-111.769297,33.408862],[-111.770038,33.410267],[-111.769048,33.412267],[-111.770098,33.413061],[-111.769893,33.414267],[-111.768892,33.413364],[-111.76715,33.414524],[-111.762892,33.414162],[-111.761892,33.415012],[-111.760806,33.41418],[-111.756892,33.415022],[-111.754119,33.41504],[-111.753892,33.414502],[-111.752773,33.417147],[-111.75318,33.418267],[-111.752356,33.419267],[-111.75318,33.421554],[-111.744781,33.422155],[-111.742879,33.423267],[-111.746896,33.424263],[-111.748892,33.42392],[-111.749892,33.425079],[-111.750892,33.423849],[-111.752194,33.424267],[-111.751372,33.426746],[-111.748557,33.428267],[-111.7481,33.429474],[-111.745466,33.42884],[-111.742638,33.430267],[-111.749892,33.431359],[-111.752133,33.431026],[-111.752241,33.432267],[-111.7535,33.433267],[-111.751914,33.435267],[-111.752058,33.436267],[-111.750661,33.436499],[-111.748892,33.435821],[-111.747892,33.436646],[-111.746791,33.436368],[-111.744892,33.433963],[-111.744437,33.436812],[-111.739477,33.437267],[-111.742892,33.438185],[-111.74421,33.437949],[-111.744892,33.440303],[-111.746503,33.437877],[-111.749892,33.43777],[-111.750892,33.43862],[-111.751892,33.437813],[-111.753177,33.437982],[-111.752339,33.439713],[-111.750248,33.441267],[-111.751501,33.441658],[-111.752412,33.443786],[-111.750186,33.444267],[-111.753223,33.445936],[-111.753038,33.447267],[-111.753892,33.4483],[-111.754291,33.444665],[-111.756196,33.444267],[-111.754697,33.443462],[-111.754521,33.440895],[-111.755892,33.440515],[-111.757892,33.441915],[-111.75889,33.439267],[-111.758653,33.438027],[-111.761106,33.438053],[-111.760892,33.438753],[-111.758899,33.439267],[-111.761181,33.439978],[-111.761462,33.441267],[-111.762892,33.442397],[-111.764892,33.441522],[-111.765311,33.443267],[-111.76417,33.444267],[-111.764428,33.445267],[-111.766892,33.446199],[-111.767892,33.445795],[-111.769314,33.446267],[-111.767892,33.446846],[-111.766892,33.446397],[-111.766337,33.447711],[-111.76416,33.448267],[-111.767317,33.449842],[-111.767305,33.450679],[-111.762768,33.450391],[-111.762091,33.450068],[-111.761892,33.448915],[-111.761481,33.451855],[-111.757145,33.452267],[-111.760892,33.452519],[-111.761892,33.454411],[-111.763655,33.453029],[-111.7666,33.454559],[-111.767892,33.453611],[-111.768651,33.455508],[-111.770444,33.456267],[-111.769892,33.456914],[-111.767892,33.457233],[-111.767882,33.457277],[-111.768892,33.457833],[-111.769284,33.458267],[-111.767368,33.459267],[-111.769218,33.459941],[-111.770892,33.462894]]],"type":"Polygon"}},{"type":"Feature","properties":{"station_id":"207","status":"existing","strategy":"all","band":"8min"},"geometry":{"coordinates":[[[-111.874547,33.430157],[-111.874941,33.427575],[-111.876093,33.426182],[-111.875275,33.425454],[-111.875547,33.423693],[-111.877547,33.422591],[-111.878547,33.423631],[-111.879547,33.422719],[-111.883232,33.422182],[-111.880547,33.421537],[-111.878547,33.421944],[-111.877603,33.421182],[-111.878581,33.420215],[-111.878697,33.418331],[-111.881085,33.417182],[-111.880887,33.416182],[-111.881697,33.416032],[-111.882454,33.417275],[-111.883547,33.415643],[-111.886547,33.416308],[-111.887547,33.415417],[-111.889547,33.415552],[-111.890293,33.416182],[-111.890469,33.419182],[-111.891547,33.421359],[-111.891783,33.416182],[-111.892407,33.415182],[-111.892192,33.408826],[-111.89816,33.408182],[-111.900715,33.407182],[-111.897547,33.406251],[-111.895547,33.406735],[-111.893312,33.406182],[-111.894437,33.404182],[-111.892547,33.403952],[-111.891773,33.403182],[-111.891839,33.402473],[-111.892746,33.402182],[-111.891778,33.401951],[-111.891587,33.401182],[-111.891547,33.394827],[-111.893614,33.395182],[-111.894438,33.396182],[-111.895547,33.396346],[-111.898547,33.39577],[-111.899816,33.394913],[-111.899911,33.398545],[-111.897242,33.399182],[-111.896441,33.400182],[-111.898737,33.400992],[-111.899596,33.403182],[-111.900547,33.403388],[-111.900992,33.401626],[-111.904933,33.400182],[-111.90331,33.399419],[-111.903001,33.398182],[-111.905547,33.395744],[-111.907006,33.39564],[-111.907776,33.394953],[-111.909547,33.399031],[-111.910504,33.394138],[-111.915702,33.393182],[-111.913064,33.392665],[-111.911954,33.391182],[-111.91298,33.390182],[-111.911445,33.389284],[-111.914348,33.387182],[-111.919103,33.386626],[-111.924548,33.387182],[-111.926547,33.391671],[-111.927671,33.387305],[-111.929153,33.386787],[-111.937169,33.38656],[-111.939547,33.38738],[-111.940547,33.38644],[-111.942547,33.386492],[-111.943691,33.385325],[-111.950734,33.385182],[-111.942547,33.385074],[-111.941547,33.385993],[-111.939547,33.385251],[-111.93218,33.385815],[-111.927072,33.385182],[-111.927284,33.381919],[-111.930212,33.379846],[-111.933547,33.378467],[-111.935891,33.378182],[-111.929927,33.377182],[-111.930055,33.375182],[-111.928547,33.372369],[-111.92717,33.377804],[-111.925959,33.37777],[-111.925547,33.377056],[-111.923547,33.377805],[-111.920265,33.376464],[-111.921044,33.374678],[-111.922463,33.374182],[-111.921573,33.373182],[-111.921727,33.372361],[-111.925155,33.371182],[-111.921932,33.370182],[-111.922547,33.368993],[-111.921004,33.368182],[-111.923511,33.367182],[-111.921547,33.366841],[-111.921167,33.365801],[-111.922547,33.364633],[-111.926663,33.365066],[-111.927771,33.367182],[-111.928547,33.367498],[-111.929547,33.365253],[-111.935802,33.364182],[-111.933547,33.363049],[-111.929526,33.362203],[-111.928547,33.358416],[-111.927152,33.361182],[-111.927564,33.362182],[-111.926547,33.362455],[-111.925754,33.362182],[-111.926282,33.361182],[-111.923547,33.360207],[-111.921699,33.358182],[-111.921947,33.357182],[-111.919547,33.356948],[-111.918547,33.357988],[-111.916728,33.358362],[-111.914467,33.357262],[-111.913984,33.356182],[-111.915845,33.354182],[-111.913705,33.352182],[-111.914054,33.350688],[-111.91797,33.349182],[-111.91485,33.348879],[-111.914431,33.348298],[-111.912362,33.348367],[-111.911547,33.344509],[-111.910498,33.347182],[-111.909547,33.347685],[-111.908547,33.346272],[-111.907513,33.346216],[-111.907547,33.345003],[-111.904547,33.343071],[-111.904156,33.348182],[-111.902547,33.348397],[-111.900078,33.347182],[-111.901884,33.345182],[-111.900547,33.343292],[-111.898947,33.344581],[-111.897242,33.344487],[-111.897028,33.343182],[-111.898132,33.340766],[-111.900019,33.340654],[-111.900495,33.340129],[-111.899427,33.337062],[-111.899294,33.338182],[-111.89694,33.340574],[-111.895547,33.341178],[-111.895029,33.3407],[-111.895786,33.339182],[-111.895222,33.338182],[-111.895709,33.336343],[-111.899221,33.335182],[-111.895813,33.334916],[-111.895547,33.333855],[-111.894547,33.334641],[-111.893842,33.332182],[-111.893937,33.326182],[-111.894798,33.324432],[-111.895207,33.320182],[-111.894547,33.313803],[-111.894132,33.321182],[-111.893222,33.322182],[-111.892874,33.334509],[-111.892178,33.334551],[-111.890547,33.331737],[-111.889547,33.331452],[-111.888547,33.332874],[-111.88599,33.330739],[-111.885745,33.330182],[-111.887905,33.327824],[-111.887547,33.32749],[-111.885547,33.328884],[-111.884777,33.326952],[-111.883719,33.326182],[-111.884547,33.325467],[-111.887252,33.326182],[-111.886632,33.325097],[-111.881547,33.323763],[-111.87883,33.323899],[-111.877545,33.323184],[-111.877052,33.322182],[-111.877547,33.321455],[-111.878677,33.321311],[-111.879547,33.32041],[-111.880547,33.320929],[-111.882078,33.320182],[-111.877161,33.319568],[-111.877067,33.318701],[-111.877802,33.318182],[-111.876863,33.317182],[-111.876547,33.3155],[-111.875577,33.319211],[-111.872013,33.320182],[-111.874547,33.320941],[-111.874756,33.322182],[-111.874167,33.322562],[-111.873547,33.321717],[-111.872547,33.321986],[-111.871504,33.323182],[-111.872079,33.325182],[-111.87117,33.325804],[-111.870844,33.327478],[-111.868382,33.328016],[-111.867547,33.328891],[-111.864513,33.329182],[-111.867547,33.330317],[-111.868025,33.331182],[-111.867547,33.332085],[-111.866547,33.331799],[-111.861547,33.332583],[-111.860547,33.333571],[-111.859547,33.33112],[-111.857989,33.334623],[-111.853325,33.335182],[-111.857359,33.336182],[-111.855547,33.337929],[-111.853228,33.338182],[-111.856719,33.339182],[-111.854547,33.340121],[-111.852547,33.338775],[-111.851547,33.340692],[-111.851987,33.342621],[-111.848547,33.343012],[-111.847322,33.344182],[-111.849095,33.346182],[-111.84839,33.347024],[-111.847962,33.351596],[-111.846547,33.352994],[-111.845705,33.353024],[-111.845547,33.352389],[-111.845309,33.35442],[-111.846019,33.355182],[-111.844042,33.357182],[-111.844742,33.358376],[-111.84332,33.358182],[-111.842935,33.357182],[-111.843494,33.356182],[-111.841547,33.35288],[-111.841,33.354182],[-111.8412,33.357182],[-111.839855,33.358182],[-111.840211,33.359182],[-111.837547,33.360481],[-111.836856,33.36149],[-111.834875,33.360854],[-111.833547,33.361166],[-111.832547,33.359678],[-111.830547,33.359851],[-111.830547,33.360288],[-111.83196,33.360769],[-111.831898,33.361532],[-111.829547,33.361858],[-111.828547,33.361302],[-111.828218,33.361852],[-111.829861,33.363868],[-111.829547,33.36461],[-111.826547,33.361761],[-111.8254,33.362329],[-111.82579,33.360182],[-111.825017,33.359712],[-111.824547,33.357772],[-111.82425,33.360885],[-111.822031,33.361182],[-111.823759,33.36197],[-111.823467,33.363182],[-111.817394,33.364182],[-111.819547,33.365282],[-111.820869,33.36486],[-111.822281,33.365448],[-111.822547,33.366138],[-111.823547,33.365486],[-111.823878,33.365851],[-111.824174,33.369182],[-111.821638,33.371182],[-111.823395,33.372182],[-111.823048,33.374182],[-111.822227,33.374502],[-111.821547,33.373715],[-111.820547,33.375091],[-111.819547,33.373271],[-111.818547,33.375529],[-111.816496,33.37713],[-111.815357,33.377372],[-111.814547,33.375782],[-111.812754,33.378388],[-111.811547,33.378164],[-111.811184,33.378818],[-111.809168,33.379182],[-111.812547,33.379533],[-111.814547,33.381342],[-111.815146,33.37978],[-111.816819,33.37991],[-111.818547,33.381736],[-111.819619,33.38011],[-111.819725,33.381182],[-111.821741,33.382182],[-111.819586,33.383182],[-111.821434,33.384182],[-111.819855,33.385489],[-111.817135,33.38577],[-111.807791,33.385938],[-111.805547,33.384374],[-111.803547,33.385979],[-111.792593,33.386182],[-111.803547,33.386435],[-111.805547,33.386956],[-111.806811,33.386445],[-111.817547,33.386501],[-111.821547,33.387035],[-111.821237,33.388182],[-111.822547,33.391719],[-111.823599,33.390182],[-111.823408,33.387042],[-111.828547,33.386638],[-111.833535,33.387182],[-111.833416,33.389313],[-111.837354,33.391182],[-111.836547,33.391978],[-111.832547,33.392373],[-111.831547,33.391788],[-111.831157,33.392792],[-111.828572,33.393182],[-111.830547,33.394132],[-111.832848,33.394182],[-111.834547,33.39692],[-111.835547,33.394537],[-111.837758,33.394971],[-111.836793,33.397182],[-111.838497,33.398232],[-111.838417,33.400051],[-111.836807,33.400182],[-111.838976,33.401753],[-111.839547,33.404583],[-111.840818,33.400452],[-111.8425,33.400182],[-111.840919,33.399182],[-111.841373,33.398007],[-111.842819,33.397182],[-111.842091,33.395182],[-111.843547,33.394711],[-111.845344,33.395182],[-111.846163,33.396182],[-111.845305,33.397182],[-111.847162,33.398567],[-111.84659,33.400182],[-111.848128,33.401182],[-111.848547,33.402364],[-111.848973,33.401607],[-111.851547,33.401577],[-111.852109,33.402182],[-111.85187,33.403859],[-111.853547,33.403988],[-111.854576,33.405182],[-111.853712,33.406182],[-111.851547,33.40685],[-111.848547,33.406781],[-111.846738,33.408182],[-111.848547,33.408812],[-111.849547,33.40853],[-111.850547,33.4094],[-111.851547,33.408881],[-111.852547,33.409923],[-111.853709,33.40902],[-111.854015,33.410182],[-111.856095,33.411634],[-111.855478,33.415182],[-111.856547,33.415939],[-111.859547,33.415565],[-111.862832,33.416182],[-111.865547,33.42055],[-111.866208,33.418182],[-111.866839,33.41789],[-111.868405,33.421182],[-111.864952,33.422182],[-111.867662,33.423067],[-111.871248,33.423182],[-111.873261,33.428468],[-111.874547,33.430157]]],"type":"Polygon"}},{"type":"Feature","properties":{"station_id":"207","status":"existing","strategy":"all","band":"4min"},"geometry":{"coordinates":[[[-111.874547,33.399501],[-111.875818,33.397182],[-111.875089,33.396182],[-111.876547,33.394203],[-111.877547,33.393827],[-111.878547,33.394182],[-111.880811,33.393182],[-111.878914,33.392815],[-111.878547,33.392071],[-111.876974,33.392182],[-111.877616,33.39125],[-111.876799,33.389433],[-111.878484,33.388182],[-111.876032,33.387697],[-111.875459,33.387093],[-111.881296,33.386182],[-111.879799,33.38593],[-111.879547,33.385231],[-111.878191,33.385182],[-111.879547,33.385155],[-111.879915,33.384549],[-111.882242,33.383876],[-111.882418,33.382052],[-111.884547,33.380672],[-111.885547,33.381964],[-111.886547,33.381614],[-111.888733,33.382367],[-111.889584,33.381182],[-111.88937,33.383004],[-111.890243,33.383486],[-111.890547,33.386298],[-111.890789,33.383182],[-111.891837,33.382182],[-111.892114,33.380748],[-111.892838,33.380472],[-111.89319,33.378824],[-111.893968,33.378761],[-111.895547,33.38061],[-111.896547,33.379176],[-111.897547,33.379829],[-111.898547,33.378662],[-111.900892,33.378182],[-111.897547,33.377181],[-111.895306,33.377423],[-111.894547,33.372896],[-111.893428,33.374301],[-111.893226,33.36986],[-111.893973,33.365182],[-111.894547,33.364627],[-111.897994,33.364182],[-111.894805,33.363924],[-111.894547,33.361581],[-111.894269,33.362903],[-111.892941,33.362788],[-111.892547,33.360445],[-111.891547,33.359899],[-111.891836,33.36247],[-111.890457,33.362272],[-111.888547,33.360757],[-111.887176,33.362182],[-111.887659,33.363293],[-111.885333,33.363396],[-111.885547,33.361012],[-111.887547,33.359624],[-111.889689,33.359182],[-111.888751,33.358978],[-111.888547,33.357801],[-111.887547,33.357272],[-111.886876,33.35751],[-111.886746,33.35838],[-111.885547,33.358578],[-111.884653,33.357076],[-111.883547,33.357661],[-111.879768,33.354961],[-111.879914,33.353815],[-111.878384,33.353182],[-111.879237,33.352182],[-111.877831,33.350182],[-111.878547,33.349423],[-111.879547,33.350054],[-111.880909,33.349182],[-111.877498,33.348231],[-111.876547,33.34581],[-111.875914,33.348548],[-111.873576,33.349182],[-111.875796,33.349933],[-111.875705,33.353339],[-111.873547,33.352232],[-111.869693,33.355182],[-111.871547,33.355636],[-111.874547,33.354859],[-111.875883,33.356846],[-111.875547,33.3586],[-111.873124,33.358605],[-111.872547,33.357371],[-111.870539,33.359182],[-111.872069,33.36066],[-111.871792,33.363426],[-111.871062,33.363182],[-111.870547,33.361377],[-111.869547,33.362799],[-111.867547,33.362791],[-111.866547,33.362202],[-111.86589,33.363524],[-111.863547,33.363724],[-111.862547,33.361705],[-111.860547,33.363113],[-111.859547,33.361425],[-111.858026,33.36366],[-111.855453,33.364182],[-111.857923,33.364806],[-111.859547,33.366322],[-111.85988,33.365514],[-111.861817,33.365182],[-111.861217,33.365851],[-111.861638,33.367272],[-111.860253,33.368182],[-111.861547,33.369964],[-111.86588,33.367515],[-111.867547,33.367679],[-111.868999,33.36873],[-111.869547,33.370257],[-111.870547,33.370488],[-111.871547,33.369649],[-111.872547,33.371398],[-111.877547,33.371618],[-111.878698,33.372031],[-111.879694,33.373328],[-111.878071,33.373705],[-111.877547,33.37543],[-111.876547,33.374444],[-111.873341,33.374388],[-111.873975,33.373182],[-111.872029,33.3727],[-111.871228,33.372862],[-111.870547,33.374558],[-111.867547,33.374649],[-111.866547,33.373726],[-111.863547,33.37389],[-111.861547,33.370718],[-111.860547,33.371166],[-111.859547,33.369979],[-111.859318,33.370952],[-111.858599,33.371182],[-111.858756,33.373182],[-111.857587,33.374182],[-111.857991,33.376625],[-111.857364,33.376998],[-111.855547,33.376485],[-111.85507,33.377704],[-111.853547,33.378853],[-111.852547,33.377759],[-111.851547,33.377735],[-111.851167,33.378801],[-111.848901,33.379182],[-111.852547,33.37978],[-111.853547,33.379481],[-111.855547,33.380723],[-111.856965,33.380182],[-111.857679,33.381182],[-111.856741,33.383182],[-111.857547,33.385521],[-111.859231,33.381865],[-111.862121,33.380755],[-111.864323,33.381182],[-111.864857,33.382182],[-111.862567,33.384182],[-111.863547,33.38736],[-111.864468,33.385102],[-111.866547,33.384641],[-111.866682,33.385182],[-111.87394,33.385789],[-111.873986,33.38662],[-111.871391,33.388182],[-111.872547,33.38837],[-111.873271,33.389182],[-111.873084,33.391718],[-111.867588,33.393182],[-111.872681,33.394182],[-111.874547,33.399501]]],"type":"Polygon"}},{"type":"Feature","properties":{"station_id":"208","status":"existing","strategy":"all","band":"8min"},"geometry":{"coordinates":[[[-111.678383,33.51553],[-111.679425,33.515545],[-111.679578,33.514698],[-111.681383,33.51469],[-111.683559,33.513679],[-111.683935,33.512055],[-111.684905,33.511504],[-111.685383,33.494221],[-111.688383,33.494875],[-111.689383,33.493012],[-111.691383,33.494884],[-111.692864,33.493984],[-111.694383,33.49474],[-111.696662,33.493782],[-111.696383,33.49335],[-111.691383,33.493025],[-111.690805,33.492082],[-111.689383,33.491851],[-111.688006,33.490504],[-111.689383,33.489689],[-111.690383,33.49045],[-111.691685,33.489805],[-111.692006,33.485504],[-111.693383,33.484095],[-111.694282,33.485605],[-111.698383,33.485699],[-111.699244,33.486643],[-111.699383,33.488631],[-111.701539,33.487659],[-111.702279,33.486399],[-111.703577,33.485697],[-111.704211,33.484504],[-111.703911,33.483031],[-111.706372,33.482504],[-111.706883,33.481504],[-111.70804,33.48116],[-111.710383,33.482379],[-111.713383,33.481987],[-111.714383,33.48114],[-111.714942,33.481945],[-111.717676,33.482211],[-111.717383,33.483311],[-111.714397,33.483504],[-111.716104,33.483783],[-111.718383,33.485926],[-111.718874,33.484994],[-111.720642,33.484504],[-111.718929,33.483958],[-111.718979,33.483099],[-111.719664,33.482785],[-111.72345,33.48257],[-111.724383,33.482049],[-111.735383,33.481794],[-111.739383,33.480802],[-111.747812,33.480504],[-111.735383,33.479826],[-111.734383,33.480309],[-111.729383,33.4803],[-111.728383,33.481084],[-111.71892,33.480967],[-111.718711,33.475504],[-111.720002,33.473504],[-111.72053,33.470504],[-111.71891,33.468977],[-111.718952,33.467072],[-111.720383,33.466805],[-111.721383,33.467548],[-111.727512,33.466632],[-111.733494,33.466504],[-111.723583,33.466304],[-111.719383,33.465803],[-111.719162,33.465282],[-111.722123,33.461243],[-111.723711,33.460831],[-111.726,33.45812],[-111.728383,33.457425],[-111.730058,33.455178],[-111.73269,33.454811],[-111.732728,33.453504],[-111.734383,33.452741],[-111.735814,33.454504],[-111.735916,33.458504],[-111.733556,33.461504],[-111.734912,33.461975],[-111.736383,33.465907],[-111.736769,33.460504],[-111.737493,33.459504],[-111.736851,33.458504],[-111.737128,33.452248],[-111.739744,33.453143],[-111.740383,33.453966],[-111.74108,33.4522],[-111.743383,33.451999],[-111.746006,33.453881],[-111.748383,33.452095],[-111.749383,33.451872],[-111.751383,33.452646],[-111.751734,33.451855],[-111.753269,33.451618],[-111.753383,33.452263],[-111.753988,33.451504],[-111.749383,33.451232],[-111.747304,33.450583],[-111.746383,33.44969],[-111.745638,33.450758],[-111.744383,33.45103],[-111.742383,33.450384],[-111.737122,33.450765],[-111.736848,33.446504],[-111.737418,33.445504],[-111.736747,33.444504],[-111.737356,33.441504],[-111.736383,33.439052],[-111.7349,33.442504],[-111.735356,33.443504],[-111.733647,33.444767],[-111.727383,33.443919],[-111.724117,33.44477],[-111.722835,33.442504],[-111.722933,33.441053],[-111.723955,33.440075],[-111.725383,33.439144],[-111.726383,33.43945],[-111.727383,33.441285],[-111.73001,33.43813],[-111.734232,33.437504],[-111.731751,33.437136],[-111.730383,33.43625],[-111.728213,33.436674],[-111.728537,33.43535],[-111.727383,33.433748],[-111.726403,33.435523],[-111.724383,33.435213],[-111.722311,33.436576],[-111.721446,33.434441],[-111.719859,33.433504],[-111.720383,33.432729],[-111.722301,33.432504],[-111.721101,33.431786],[-111.721383,33.431024],[-111.723686,33.430504],[-111.722383,33.429457],[-111.721383,33.429856],[-111.720717,33.429504],[-111.719383,33.424616],[-111.717794,33.429504],[-111.715383,33.430418],[-111.713901,33.429504],[-111.711738,33.427504],[-111.71226,33.426504],[-111.710854,33.424504],[-111.712889,33.423009],[-111.714658,33.422504],[-111.711928,33.421959],[-111.710383,33.420442],[-111.710084,33.422204],[-111.709198,33.422318],[-111.707767,33.42212],[-111.706383,33.420159],[-111.704383,33.420377],[-111.703824,33.419504],[-111.704633,33.418504],[-111.703464,33.416585],[-111.706297,33.415504],[-111.702979,33.414908],[-111.702383,33.413027],[-111.702338,33.413458],[-111.70114,33.413504],[-111.700677,33.414797],[-111.69796,33.414927],[-111.695752,33.410504],[-111.696806,33.408926],[-111.698698,33.408504],[-111.695507,33.40838],[-111.695383,33.407495],[-111.694166,33.408286],[-111.688383,33.408266],[-111.685125,33.406762],[-111.68458,33.400504],[-111.684701,33.399821],[-111.685962,33.399504],[-111.684532,33.398355],[-111.684383,33.396271],[-111.683908,33.399504],[-111.682978,33.400504],[-111.683998,33.401504],[-111.683896,33.404504],[-111.683187,33.4057],[-111.683598,33.406718],[-111.682557,33.40633],[-111.680383,33.407077],[-111.677962,33.406925],[-111.676383,33.405751],[-111.675383,33.406984],[-111.672522,33.407504],[-111.674383,33.407772],[-111.675383,33.408983],[-111.67709,33.408797],[-111.678085,33.409504],[-111.678229,33.410504],[-111.675649,33.413769],[-111.672383,33.413829],[-111.671383,33.412402],[-111.669165,33.414722],[-111.667383,33.411258],[-111.667039,33.41416],[-111.663924,33.414504],[-111.663223,33.415343],[-111.662152,33.415504],[-111.665219,33.415668],[-111.665842,33.416504],[-111.664863,33.417504],[-111.665383,33.418866],[-111.666408,33.419504],[-111.665403,33.420523],[-111.665448,33.421568],[-111.662383,33.421647],[-111.661383,33.42105],[-111.659383,33.422012],[-111.65883,33.421504],[-111.659477,33.420504],[-111.658383,33.419075],[-111.656383,33.419938],[-111.655383,33.421147],[-111.654383,33.420554],[-111.653383,33.421444],[-111.652383,33.420991],[-111.651383,33.421643],[-111.649383,33.420924],[-111.648383,33.421428],[-111.646383,33.420203],[-111.644383,33.42032],[-111.643383,33.419373],[-111.642383,33.420487],[-111.641383,33.418611],[-111.639269,33.420504],[-111.639742,33.421504],[-111.637383,33.421836],[-111.637378,33.416504],[-111.638233,33.414353],[-111.641084,33.411504],[-111.641044,33.410164],[-111.64219,33.410504],[-111.642383,33.412075],[-111.643677,33.409504],[-111.645383,33.408432],[-111.647383,33.410277],[-111.648383,33.410133],[-111.649383,33.409058],[-111.650383,33.409523],[-111.654566,33.407504],[-111.650593,33.407294],[-111.650383,33.406526],[-111.648383,33.407133],[-111.646977,33.40691],[-111.64623,33.406504],[-111.646494,33.405393],[-111.645383,33.404997],[-111.644441,33.406561],[-111.641383,33.406891],[-111.640792,33.401504],[-111.641835,33.400504],[-111.641928,33.399048],[-111.645582,33.395504],[-111.645855,33.393975],[-111.648695,33.391815],[-111.649573,33.387693],[-111.651428,33.387549],[-111.651546,33.386666],[-111.65999,33.386504],[-111.651331,33.386451],[-111.651163,33.387283],[-111.648664,33.387223],[-111.648383,33.377162],[-111.648163,33.386283],[-111.64553,33.386357],[-111.645428,33.385459],[-111.644158,33.385279],[-111.641383,33.385404],[-111.641349,33.386469],[-111.639655,33.386504],[-111.641396,33.386516],[-111.641434,33.385554],[-111.645241,33.385646],[-111.645339,33.386548],[-111.648116,33.387771],[-111.648236,33.388504],[-111.647229,33.389504],[-111.64703,33.39215],[-111.643841,33.394504],[-111.64397,33.39609],[-111.64121,33.39833],[-111.640914,33.400034],[-111.639986,33.400504],[-111.640003,33.406123],[-111.639383,33.406738],[-111.638305,33.406582],[-111.637383,33.405225],[-111.636383,33.406395],[-111.633443,33.406444],[-111.632383,33.405184],[-111.631838,33.406958],[-111.629103,33.407504],[-111.631527,33.40836],[-111.632383,33.410053],[-111.634383,33.408357],[-111.637383,33.410463],[-111.638383,33.409489],[-111.638803,33.410084],[-111.638441,33.411561],[-111.637636,33.411756],[-111.636509,33.414629],[-111.635477,33.415504],[-111.635635,33.421755],[-111.634999,33.421888],[-111.633721,33.420504],[-111.634439,33.418504],[-111.633577,33.417504],[-111.633286,33.415601],[-111.632383,33.414937],[-111.632045,33.417504],[-111.630797,33.418504],[-111.63146,33.419504],[-111.630766,33.421886],[-111.629383,33.421345],[-111.628383,33.422106],[-111.627383,33.42156],[-111.623325,33.422504],[-111.626383,33.423473],[-111.628631,33.422751],[-111.631742,33.423145],[-111.631983,33.428103],[-111.630483,33.429504],[-111.631726,33.431161],[-111.631719,33.433839],[-111.627383,33.434581],[-111.626383,33.435618],[-111.624383,33.435327],[-111.62213,33.43625],[-111.619416,33.436504],[-111.620212,33.436675],[-111.620383,33.437485],[-111.620498,33.436618],[-111.623193,33.436695],[-111.624383,33.438375],[-111.626534,33.437654],[-111.627831,33.438056],[-111.628239,33.440359],[-111.627269,33.440504],[-111.627383,33.441631],[-111.628383,33.441218],[-111.62867,33.442504],[-111.631383,33.442955],[-111.631598,33.443718],[-111.626383,33.444182],[-111.625383,33.443361],[-111.624679,33.444504],[-111.626859,33.445028],[-111.628383,33.446868],[-111.629383,33.446587],[-111.630383,33.448767],[-111.631383,33.447847],[-111.633693,33.449194],[-111.63363,33.450504],[-111.630383,33.450767],[-111.629383,33.449819],[-111.627121,33.449766],[-111.627383,33.448066],[-111.625383,33.448878],[-111.624383,33.448324],[-111.621949,33.449069],[-111.621788,33.449908],[-111.620951,33.449936],[-111.621321,33.448504],[-111.619383,33.448001],[-111.618185,33.448305],[-111.617383,33.44935],[-111.616089,33.444504],[-111.616791,33.443504],[-111.615702,33.442504],[-111.617054,33.441504],[-111.615383,33.438657],[-111.614639,33.441504],[-111.614941,33.443061],[-111.614166,33.445286],[-111.613316,33.445504],[-111.614144,33.445743],[-111.613995,33.447116],[-111.611465,33.447504],[-111.614229,33.448504],[-111.612899,33.450504],[-111.615383,33.452084],[-111.623625,33.452262],[-111.624383,33.455847],[-111.625383,33.45696],[-111.62878,33.453504],[-111.627383,33.45311],[-111.62718,33.4523],[-111.632636,33.452504],[-111.631383,33.456075],[-111.629226,33.456346],[-111.628658,33.458778],[-111.626651,33.459504],[-111.626369,33.460504],[-111.626916,33.460971],[-111.628383,33.459952],[-111.629548,33.460339],[-111.630732,33.463504],[-111.626294,33.464504],[-111.626854,33.465504],[-111.629383,33.465885],[-111.629763,33.466504],[-111.62879,33.467504],[-111.628803,33.469504],[-111.626871,33.472504],[-111.626891,33.474504],[-111.624986,33.477504],[-111.62386,33.48098],[-111.622008,33.481504],[-111.622169,33.484289],[-111.621366,33.484487],[-111.621383,33.485623],[-111.621563,33.484683],[-111.622485,33.484605],[-111.62274,33.48286],[-111.625442,33.480562],[-111.625773,33.478504],[-111.627855,33.475504],[-111.627891,33.473504],[-111.629949,33.470504],[-111.630116,33.468236],[-111.6317,33.467187],[-111.632383,33.470074],[-111.633767,33.468504],[-111.632833,33.467504],[-111.633144,33.465504],[-111.634383,33.46455],[-111.636228,33.465659],[-111.635383,33.467692],[-111.637631,33.467256],[-111.641383,33.470308],[-111.642594,33.467504],[-111.644466,33.468421],[-111.645383,33.470341],[-111.646383,33.469978],[-111.647887,33.471],[-111.648383,33.472511],[-111.645226,33.473504],[-111.647383,33.474421],[-111.648711,33.474176],[-111.648588,33.475708],[-111.646888,33.476504],[-111.648793,33.477094],[-111.648877,33.477997],[-111.648142,33.478504],[-111.649871,33.479016],[-111.649329,33.481558],[-111.650383,33.481945],[-111.650696,33.478504],[-111.652407,33.477504],[-111.650383,33.477152],[-111.649818,33.476504],[-111.65307,33.475504],[-111.652383,33.474314],[-111.651383,33.474234],[-111.651154,33.473275],[-111.652383,33.473066],[-111.653383,33.471832],[-111.654383,33.472454],[-111.656117,33.469504],[-111.654473,33.468504],[-111.657609,33.467278],[-111.658383,33.470484],[-111.660383,33.472132],[-111.661383,33.47204],[-111.662945,33.474504],[-111.661412,33.476532],[-111.660023,33.477143],[-111.658989,33.479504],[-111.65909,33.48121],[-111.658139,33.481504],[-111.658383,33.484351],[-111.659926,33.480046],[-111.663085,33.478206],[-111.663265,33.477385],[-111.665383,33.478169],[-111.666383,33.476744],[-111.667824,33.477504],[-111.665883,33.478504],[-111.666681,33.480504],[-111.665745,33.481504],[-111.666253,33.485373],[-111.665383,33.485613],[-111.666422,33.485542],[-111.667383,33.484208],[-111.670383,33.485393],[-111.672711,33.485176],[-111.673371,33.487504],[-111.675383,33.487928],[-111.675988,33.486108],[-111.677029,33.486504],[-111.676845,33.487965],[-111.67574,33.488504],[-111.676351,33.489504],[-111.675475,33.490504],[-111.673383,33.491161],[-111.670383,33.490731],[-111.666781,33.491504],[-111.670383,33.492303],[-111.673383,33.491932],[-111.674383,33.493216],[-111.675383,33.492],[-111.678965,33.492504],[-111.678594,33.491504],[-111.679311,33.490431],[-111.681383,33.488979],[-111.681753,33.487504],[-111.681192,33.485504],[-111.681953,33.484504],[-111.681935,33.482504],[-111.682556,33.482332],[-111.682741,33.495504],[-111.683752,33.496504],[-111.683815,33.501504],[-111.682178,33.502504],[-111.683847,33.503504],[-111.684002,33.510504],[-111.683054,33.511504],[-111.682869,33.512989],[-111.67932,33.51444],[-111.67926,33.51538],[-111.678383,33.51553]]],"type":"Polygon"}},{"type":"Feature","properties":{"station_id":"208","status":"existing","strategy":"all","band":"4min"},"geometry":{"coordinates":[[[-111.683383,33.475137],[-111.683807,33.471927],[-111.686141,33.471504],[-111.684622,33.470504],[-111.687194,33.467504],[-111.688383,33.466934],[-111.690383,33.467214],[-111.693198,33.466504],[-111.689986,33.465901],[-111.68798,33.463907],[-111.68869,33.460504],[-111.689383,33.460013],[-111.691428,33.460459],[-111.692383,33.462815],[-111.693535,33.461504],[-111.69274,33.461147],[-111.69295,33.46007],[-111.697557,33.459504],[-111.69572,33.459167],[-111.695383,33.458477],[-111.694383,33.459223],[-111.693457,33.458504],[-111.693739,33.454504],[-111.69506,33.45318],[-111.697383,33.453773],[-111.698383,33.452757],[-111.699738,33.453149],[-111.70005,33.457504],[-111.700708,33.458504],[-111.69984,33.459504],[-111.701383,33.46099],[-111.702226,33.459504],[-111.701995,33.457116],[-111.702859,33.454979],[-111.703937,33.454504],[-111.704029,33.453149],[-111.70812,33.452767],[-111.710383,33.453329],[-111.710587,33.451707],[-111.712897,33.451504],[-111.710383,33.450636],[-111.708933,33.450954],[-111.708566,33.449686],[-111.709277,33.449504],[-111.70848,33.449407],[-111.707881,33.450001],[-111.706383,33.449567],[-111.7041,33.450504],[-111.703269,33.449504],[-111.703221,33.447504],[-111.701851,33.445504],[-111.702265,33.444504],[-111.701383,33.44358],[-111.700603,33.445504],[-111.70097,33.446504],[-111.699833,33.447504],[-111.701026,33.448504],[-111.700383,33.450016],[-111.697383,33.448807],[-111.69335,33.450537],[-111.693116,33.448236],[-111.696547,33.447667],[-111.696377,33.445504],[-111.697657,33.444504],[-111.694491,33.443504],[-111.693383,33.440977],[-111.693091,33.442211],[-111.692051,33.442504],[-111.692951,33.442936],[-111.69277,33.44389],[-111.689545,33.443504],[-111.690125,33.442504],[-111.688405,33.440482],[-111.688817,33.438504],[-111.693116,33.437504],[-111.690721,33.437166],[-111.690383,33.436673],[-111.687383,33.437126],[-111.685831,33.436056],[-111.685125,33.434504],[-111.686338,33.433504],[-111.685059,33.431828],[-111.684383,33.429351],[-111.683801,33.430504],[-111.683766,33.435886],[-111.676254,33.436504],[-111.678383,33.437617],[-111.679383,33.436738],[-111.680383,33.43814],[-111.681383,33.437806],[-111.682697,33.438504],[-111.682761,33.440882],[-111.679303,33.441504],[-111.683383,33.442041],[-111.683648,33.442768],[-111.678629,33.443504],[-111.680383,33.443829],[-111.68096,33.444504],[-111.680383,33.445073],[-111.67764,33.445504],[-111.679018,33.445869],[-111.679383,33.44692],[-111.680456,33.447504],[-111.67603,33.447857],[-111.675896,33.446504],[-111.67399,33.444897],[-111.673383,33.443014],[-111.671884,33.446004],[-111.668629,33.446504],[-111.669715,33.449172],[-111.669058,33.449829],[-111.66901,33.448877],[-111.668178,33.448709],[-111.665782,33.446105],[-111.664109,33.445778],[-111.660736,33.442151],[-111.659383,33.441978],[-111.659153,33.442734],[-111.662994,33.446894],[-111.664828,33.447059],[-111.667086,33.449801],[-111.668779,33.450108],[-111.668668,33.450788],[-111.659383,33.45087],[-111.658591,33.450504],[-111.658383,33.448674],[-111.656383,33.448935],[-111.655383,33.448264],[-111.654383,33.448858],[-111.653687,33.450807],[-111.652113,33.450774],[-111.651188,33.447308],[-111.650383,33.447471],[-111.650378,33.447504],[-111.650871,33.448016],[-111.650961,33.448504],[-111.648869,33.450989],[-111.642466,33.451421],[-111.642383,33.450921],[-111.641725,33.451504],[-111.648383,33.451808],[-111.649383,33.452836],[-111.650383,33.452088],[-111.653383,33.45305],[-111.6544,33.45252],[-111.655868,33.453019],[-111.656383,33.453867],[-111.657428,33.453548],[-111.656945,33.452504],[-111.657587,33.4523],[-111.658462,33.452504],[-111.659383,33.45451],[-111.660383,33.453656],[-111.66212,33.453504],[-111.663383,33.452181],[-111.66386,33.454504],[-111.66313,33.45525],[-111.663312,33.456575],[-111.664383,33.457761],[-111.665141,33.453261],[-111.666548,33.453339],[-111.665941,33.455504],[-111.66695,33.456504],[-111.667383,33.458809],[-111.66825,33.45537],[-111.669383,33.455007],[-111.669889,33.454009],[-111.672874,33.454994],[-111.672838,33.453049],[-111.670919,33.452504],[-111.672383,33.452132],[-111.674953,33.454934],[-111.676582,33.455305],[-111.677952,33.456935],[-111.681636,33.457251],[-111.681383,33.457937],[-111.677252,33.458635],[-111.679749,33.459138],[-111.679185,33.461702],[-111.682104,33.462504],[-111.681383,33.465869],[-111.679759,33.465128],[-111.678925,33.463504],[-111.67792,33.462967],[-111.676643,33.459244],[-111.675677,33.458504],[-111.675756,33.457504],[-111.672896,33.455016],[-111.672924,33.456504],[-111.674802,33.458085],[-111.67721,33.463504],[-111.678071,33.463816],[-111.678965,33.465504],[-111.678383,33.466092],[-111.676383,33.465906],[-111.676286,33.466406],[-111.6752,33.466504],[-111.6782,33.466687],[-111.679514,33.467373],[-111.681962,33.466925],[-111.683383,33.475137]]],"type":"Polygon"}},{"type":"Feature","properties":{"station_id":"209","status":"existing","strategy":"all","band":"8min"},"geometry":{"coordinates":[[[-111.683669,33.45636],[-111.68408,33.454277],[-111.685265,33.452872],[-111.689087,33.452277],[-111.686669,33.451221],[-111.685669,33.451855],[-111.685156,33.451277],[-111.685669,33.449537],[-111.687645,33.448277],[-111.687218,33.447277],[-111.688744,33.446277],[-111.688481,33.445088],[-111.692669,33.445493],[-111.694024,33.444277],[-111.693331,33.443277],[-111.695,33.441607],[-111.69541,33.440018],[-111.696669,33.440401],[-111.697669,33.439332],[-111.698669,33.439638],[-111.700669,33.438752],[-111.701669,33.44038],[-111.702629,33.438236],[-111.705658,33.437277],[-111.702669,33.436684],[-111.701912,33.436034],[-111.703015,33.432277],[-111.70213,33.431277],[-111.702669,33.430764],[-111.705669,33.430821],[-111.707329,33.430277],[-111.70448,33.429466],[-111.704669,33.42895],[-111.705669,33.428906],[-111.7062,33.427277],[-111.702669,33.426738],[-111.702406,33.426013],[-111.707843,33.42545],[-111.708669,33.424819],[-111.710138,33.425808],[-111.710266,33.426873],[-111.709235,33.427277],[-111.710669,33.42855],[-111.712665,33.424272],[-111.715669,33.424248],[-111.716669,33.423502],[-111.71916,33.423277],[-111.719072,33.416679],[-111.720399,33.416547],[-111.720669,33.417035],[-111.721845,33.416452],[-111.725703,33.416277],[-111.727622,33.415277],[-111.723669,33.414617],[-111.721669,33.414922],[-111.719486,33.41346],[-111.71916,33.411277],[-111.720282,33.410277],[-111.720487,33.409094],[-111.723669,33.410143],[-111.726669,33.408811],[-111.727669,33.411635],[-111.728188,33.409795],[-111.729669,33.409519],[-111.730853,33.40846],[-111.735593,33.408353],[-111.73648,33.408466],[-111.736669,33.410412],[-111.73782,33.408277],[-111.738021,33.403628],[-111.738669,33.402978],[-111.740669,33.403193],[-111.74096,33.402567],[-111.740669,33.402031],[-111.738669,33.401889],[-111.738003,33.401277],[-111.738669,33.400638],[-111.740669,33.400336],[-111.740891,33.399277],[-111.737277,33.398277],[-111.739945,33.397552],[-111.739189,33.396277],[-111.740669,33.394661],[-111.742161,33.395277],[-111.741669,33.395985],[-111.740391,33.395998],[-111.742413,33.397533],[-111.742669,33.39839],[-111.744956,33.396277],[-111.743279,33.395667],[-111.743669,33.394762],[-111.745162,33.394784],[-111.745669,33.395469],[-111.746669,33.394991],[-111.748669,33.395828],[-111.749669,33.394945],[-111.750669,33.395836],[-111.752669,33.394139],[-111.753669,33.397319],[-111.754669,33.394389],[-111.75698,33.393277],[-111.754931,33.393015],[-111.754977,33.391584],[-111.756669,33.390095],[-111.757673,33.39028],[-111.759669,33.389451],[-111.759676,33.38927],[-111.756669,33.388424],[-111.755669,33.389035],[-111.754473,33.388473],[-111.755669,33.387714],[-111.756669,33.388206],[-111.757669,33.386684],[-111.789233,33.386277],[-111.754669,33.385526],[-111.754363,33.38497],[-111.755393,33.384277],[-111.754428,33.383277],[-111.755133,33.382277],[-111.753965,33.380277],[-111.754704,33.379277],[-111.753669,33.378635],[-111.753417,33.381277],[-111.752439,33.382277],[-111.753347,33.383599],[-111.753087,33.385695],[-111.738592,33.385354],[-111.738669,33.384868],[-111.740816,33.384423],[-111.744517,33.382277],[-111.743669,33.381548],[-111.742306,33.38164],[-111.741441,33.380048],[-111.742795,33.380151],[-111.743669,33.380873],[-111.744669,33.379863],[-111.747557,33.379277],[-111.744935,33.379011],[-111.743669,33.377907],[-111.742538,33.378408],[-111.740159,33.376787],[-111.740227,33.373277],[-111.739669,33.372464],[-111.738798,33.374405],[-111.738844,33.376451],[-111.737199,33.378806],[-111.736208,33.378738],[-111.735669,33.377991],[-111.732669,33.378412],[-111.730669,33.377932],[-111.726352,33.374594],[-111.724759,33.371187],[-111.722514,33.371432],[-111.723349,33.369277],[-111.722135,33.367277],[-111.723251,33.365277],[-111.721669,33.364454],[-111.720669,33.364895],[-111.717669,33.362927],[-111.716669,33.364032],[-111.715669,33.363801],[-111.71413,33.362816],[-111.713669,33.361634],[-111.712669,33.362271],[-111.710669,33.361044],[-111.709669,33.362479],[-111.708224,33.361722],[-111.706987,33.359959],[-111.707336,33.358277],[-111.705144,33.357277],[-111.705411,33.355018],[-111.706234,33.354277],[-111.704867,33.351277],[-111.705669,33.350398],[-111.706664,33.350277],[-111.702753,33.349193],[-111.700333,33.349613],[-111.697669,33.347792],[-111.696669,33.349116],[-111.694669,33.349727],[-111.688441,33.349505],[-111.688236,33.344277],[-111.689861,33.343277],[-111.688165,33.341277],[-111.68802,33.337277],[-111.688669,33.336447],[-111.690628,33.336277],[-111.688376,33.33557],[-111.686669,33.332759],[-111.685921,33.335528],[-111.683984,33.336277],[-111.685483,33.337277],[-111.684772,33.339277],[-111.6856,33.340277],[-111.683511,33.341277],[-111.685669,33.341665],[-111.68621,33.342277],[-111.684437,33.345277],[-111.68534,33.346277],[-111.683966,33.348277],[-111.682669,33.347895],[-111.681669,33.349699],[-111.67137,33.349576],[-111.670669,33.339216],[-111.670371,33.340978],[-111.669626,33.341277],[-111.670469,33.342477],[-111.669387,33.346277],[-111.670183,33.347277],[-111.669043,33.348277],[-111.668884,33.349277],[-111.665669,33.349993],[-111.663669,33.348539],[-111.662669,33.349969],[-111.658158,33.350277],[-111.661669,33.351626],[-111.662669,33.350584],[-111.66996,33.350986],[-111.669924,33.353531],[-111.666782,33.355277],[-111.668736,33.35621],[-111.668914,33.357522],[-111.666411,33.358018],[-111.663748,33.361277],[-111.662589,33.361357],[-111.661669,33.360216],[-111.659669,33.359828],[-111.655669,33.362923],[-111.654023,33.361277],[-111.654746,33.360277],[-111.653669,33.357505],[-111.652672,33.358277],[-111.652957,33.359277],[-111.65135,33.361277],[-111.651932,33.363539],[-111.646669,33.363167],[-111.645669,33.364013],[-111.643768,33.342277],[-111.643847,33.341454],[-111.644747,33.341277],[-111.644782,33.338389],[-111.645897,33.338277],[-111.645999,33.336606],[-111.646669,33.336411],[-111.646736,33.335343],[-111.647682,33.335289],[-111.647698,33.334305],[-111.648342,33.334277],[-111.647698,33.334248],[-111.64763,33.335237],[-111.646651,33.335258],[-111.646594,33.336201],[-111.645511,33.336277],[-111.645503,33.33811],[-111.644419,33.338277],[-111.644422,33.341029],[-111.643323,33.341277],[-111.643063,33.357277],[-111.644249,33.358277],[-111.644236,33.363277],[-111.643669,33.364052],[-111.641029,33.363917],[-111.640669,33.363454],[-111.636744,33.364277],[-111.638669,33.364479],[-111.639669,33.365395],[-111.641669,33.364628],[-111.643328,33.365618],[-111.645263,33.371683],[-111.646962,33.373277],[-111.646843,33.37445],[-111.645006,33.375277],[-111.644669,33.376613],[-111.642702,33.374244],[-111.641669,33.374227],[-111.641059,33.375666],[-111.638669,33.375542],[-111.637669,33.376616],[-111.637001,33.373277],[-111.63767,33.372277],[-111.635874,33.371072],[-111.635669,33.3691],[-111.635356,33.372277],[-111.636124,33.372822],[-111.636089,33.373696],[-111.634669,33.374673],[-111.632669,33.372988],[-111.632479,33.374277],[-111.632669,33.375285],[-111.634978,33.375968],[-111.634669,33.376939],[-111.629669,33.378837],[-111.627191,33.378755],[-111.626669,33.378074],[-111.626282,33.378889],[-111.624861,33.379277],[-111.634975,33.379971],[-111.634943,33.38155],[-111.633287,33.381894],[-111.631669,33.385556],[-111.616669,33.385777],[-111.615975,33.384582],[-111.617914,33.382277],[-111.616944,33.382002],[-111.616375,33.382982],[-111.615357,33.383277],[-111.615356,33.385277],[-111.614669,33.385723],[-111.599669,33.38606],[-111.597669,33.385282],[-111.596669,33.385872],[-111.583924,33.386277],[-111.596669,33.386433],[-111.597669,33.387067],[-111.615139,33.386807],[-111.615397,33.388005],[-111.610577,33.390277],[-111.612669,33.390866],[-111.614669,33.389517],[-111.615151,33.390758],[-111.613669,33.392089],[-111.612669,33.391454],[-111.610669,33.392265],[-111.608891,33.392055],[-111.607669,33.392966],[-111.606669,33.392211],[-111.605538,33.393146],[-111.602883,33.393277],[-111.605669,33.393533],[-111.606669,33.394634],[-111.608018,33.393626],[-111.611669,33.394077],[-111.613098,33.394848],[-111.613994,33.395952],[-111.614669,33.399895],[-111.615669,33.401844],[-111.616251,33.396858],[-111.616669,33.395943],[-111.617669,33.395732],[-111.618885,33.396061],[-111.618457,33.397277],[-111.619669,33.39864],[-111.621669,33.398077],[-111.623669,33.399943],[-111.624669,33.399004],[-111.625177,33.400277],[-111.630614,33.401277],[-111.62695,33.404277],[-111.628323,33.404623],[-111.629552,33.406277],[-111.628104,33.407711],[-111.627167,33.407779],[-111.626669,33.407181],[-111.625669,33.408052],[-111.623806,33.40814],[-111.623669,33.407249],[-111.622809,33.408277],[-111.629669,33.408796],[-111.631201,33.409745],[-111.631277,33.410884],[-111.630598,33.411277],[-111.631819,33.412127],[-111.632095,33.414277],[-111.630918,33.415277],[-111.632192,33.415754],[-111.632669,33.416703],[-111.633235,33.415842],[-111.634986,33.41596],[-111.635507,33.428277],[-111.636407,33.428539],[-111.636669,33.429542],[-111.637568,33.430378],[-111.637669,33.431442],[-111.639452,33.431494],[-111.639669,33.432367],[-111.641439,33.432277],[-111.639845,33.432101],[-111.639669,33.431173],[-111.637788,33.431158],[-111.637764,33.429277],[-111.636791,33.429155],[-111.636742,33.428204],[-111.635896,33.42805],[-111.635839,33.423277],[-111.636543,33.422277],[-111.63612,33.417277],[-111.638101,33.415845],[-111.641669,33.418782],[-111.642527,33.417134],[-111.644973,33.415973],[-111.645815,33.417422],[-111.644727,33.419277],[-111.645366,33.420277],[-111.644715,33.421322],[-111.643669,33.420413],[-111.640669,33.422025],[-111.637848,33.422277],[-111.640669,33.422619],[-111.641669,33.423655],[-111.64241,33.423017],[-111.643669,33.423435],[-111.645866,33.422473],[-111.649276,33.42267],[-111.649669,33.426273],[-111.650167,33.423277],[-111.65096,33.422986],[-111.652186,33.424277],[-111.652283,33.42589],[-111.651416,33.426277],[-111.654241,33.426705],[-111.65625,33.428696],[-111.655947,33.430277],[-111.657669,33.432299],[-111.658669,33.435401],[-111.659122,33.430277],[-111.659669,33.429681],[-111.663669,33.429563],[-111.664669,33.430886],[-111.665669,33.42967],[-111.667669,33.42987],[-111.668669,33.430957],[-111.669337,33.429944],[-111.669981,33.429965],[-111.671163,33.431277],[-111.671031,33.436638],[-111.669669,33.436854],[-111.668669,33.435875],[-111.667382,33.436989],[-111.662491,33.437277],[-111.667414,33.437532],[-111.668669,33.439793],[-111.670051,33.438277],[-111.671613,33.438277],[-111.675669,33.441116],[-111.677276,33.44067],[-111.677669,33.4414],[-111.679183,33.441763],[-111.679301,33.442908],[-111.678404,33.443277],[-111.681508,33.444277],[-111.679248,33.445277],[-111.682669,33.446576],[-111.683049,33.447277],[-111.677511,33.449277],[-111.682522,33.450277],[-111.678754,33.451277],[-111.681334,33.451612],[-111.681669,33.45231],[-111.682837,33.452109],[-111.683669,33.45636]]],"type":"Polygon"}},{"type":"Feature","properties":{"station_id":"209","status":"existing","strategy":"all","band":"4min"},"geometry":{"coordinates":[[[-111.684669,33.42319],[-111.687058,33.417665],[-111.692024,33.415277],[-111.688145,33.414277],[-111.6893,33.410907],[-111.691669,33.411814],[-111.692669,33.410549],[-111.694669,33.411172],[-111.697791,33.408398],[-111.700508,33.408277],[-111.695839,33.408107],[-111.695669,33.407172],[-111.693669,33.408008],[-111.688669,33.407941],[-111.685669,33.40678],[-111.685669,33.401647],[-111.687669,33.403512],[-111.688965,33.401572],[-111.689973,33.401277],[-111.689493,33.398453],[-111.690603,33.397277],[-111.689091,33.396855],[-111.688669,33.395307],[-111.688024,33.396631],[-111.685669,33.397127],[-111.685563,33.39517],[-111.696669,33.394717],[-111.700669,33.395471],[-111.702712,33.397319],[-111.702979,33.395277],[-111.703669,33.394864],[-111.708768,33.395178],[-111.710669,33.396506],[-111.711669,33.39475],[-111.714669,33.395653],[-111.716003,33.39461],[-111.718263,33.394277],[-111.716669,33.393336],[-111.715669,33.393845],[-111.714422,33.393524],[-111.712669,33.392297],[-111.711931,33.393538],[-111.709669,33.393665],[-111.709299,33.392906],[-111.710078,33.392277],[-111.709467,33.391479],[-111.706669,33.39062],[-111.705474,33.391277],[-111.705265,33.392277],[-111.703669,33.392794],[-111.700225,33.390721],[-111.700826,33.388277],[-111.701927,33.387534],[-111.707669,33.38752],[-111.708669,33.386516],[-111.711669,33.386413],[-111.713188,33.387277],[-111.714662,33.386277],[-111.707669,33.386011],[-111.707447,33.387055],[-111.706669,33.387155],[-111.694669,33.386859],[-111.69407,33.386277],[-111.694849,33.384277],[-111.692907,33.383039],[-111.690669,33.382821],[-111.689669,33.38366],[-111.687402,33.382544],[-111.687669,33.381906],[-111.688669,33.38215],[-111.689669,33.380602],[-111.690669,33.381328],[-111.692669,33.380311],[-111.693985,33.380592],[-111.696669,33.379644],[-111.697669,33.380446],[-111.698669,33.379765],[-111.702256,33.379277],[-111.698669,33.378384],[-111.695669,33.378867],[-111.692333,33.378613],[-111.692272,33.377879],[-111.693628,33.377277],[-111.692799,33.376277],[-111.691209,33.375737],[-111.690262,33.374684],[-111.688669,33.374809],[-111.688126,33.374277],[-111.688846,33.371277],[-111.687669,33.367385],[-111.686487,33.372094],[-111.686835,33.375277],[-111.684328,33.376277],[-111.684669,33.377148],[-111.685669,33.37698],[-111.685832,33.377439],[-111.684669,33.377312],[-111.682658,33.378288],[-111.68204,33.375906],[-111.678945,33.375001],[-111.678669,33.373809],[-111.677982,33.375589],[-111.676026,33.376277],[-111.678581,33.377277],[-111.675669,33.378877],[-111.671669,33.378109],[-111.669669,33.378897],[-111.667669,33.376898],[-111.6673,33.377907],[-111.665669,33.378992],[-111.660669,33.378611],[-111.659609,33.379277],[-111.662669,33.380121],[-111.664669,33.379635],[-111.665561,33.380277],[-111.664511,33.381118],[-111.664451,33.382277],[-111.665789,33.385277],[-111.663454,33.386061],[-111.657685,33.386277],[-111.659629,33.386317],[-111.659669,33.387045],[-111.663533,33.386413],[-111.662965,33.389572],[-111.662029,33.389277],[-111.661669,33.387624],[-111.660669,33.388788],[-111.659669,33.387365],[-111.658669,33.392456],[-111.656669,33.391458],[-111.654935,33.392542],[-111.652669,33.392285],[-111.650669,33.392748],[-111.649669,33.39026],[-111.649475,33.392082],[-111.648438,33.393045],[-111.644669,33.392787],[-111.64093,33.393277],[-111.645669,33.39357],[-111.646669,33.394394],[-111.647002,33.393609],[-111.648262,33.393684],[-111.649669,33.396249],[-111.649918,33.393525],[-111.663019,33.393927],[-111.663214,33.396277],[-111.66408,33.397277],[-111.663178,33.398768],[-111.663835,33.400277],[-111.666289,33.400657],[-111.667201,33.407277],[-111.666417,33.408024],[-111.663808,33.408138],[-111.662889,33.408057],[-111.662669,33.407193],[-111.660979,33.407277],[-111.660517,33.408125],[-111.659027,33.408277],[-111.667141,33.408805],[-111.667669,33.415437],[-111.668254,33.411861],[-111.669784,33.409391],[-111.673669,33.408641],[-111.674669,33.409754],[-111.676504,33.409442],[-111.678669,33.411292],[-111.679775,33.409171],[-111.680339,33.410277],[-111.680013,33.411277],[-111.681953,33.412993],[-111.682054,33.414277],[-111.680669,33.413766],[-111.679669,33.414443],[-111.675229,33.415277],[-111.678669,33.415515],[-111.680609,33.416337],[-111.683073,33.415873],[-111.684174,33.418277],[-111.683512,33.419277],[-111.683531,33.421277],[-111.684669,33.42319]]],"type":"Polygon"}},{"type":"Feature","properties":{"station_id":"210","status":"existing","strategy":"all","band":"8min"},"geometry":{"coordinates":[[[-111.77093,33.441933],[-111.772113,33.438001],[-111.775959,33.436819],[-111.774309,33.43644],[-111.77319,33.434819],[-111.77493,33.432689],[-111.778229,33.43052],[-111.77993,33.430987],[-111.78093,33.430424],[-111.78193,33.43152],[-111.784119,33.43163],[-111.786365,33.435819],[-111.785031,33.436819],[-111.786541,33.437208],[-111.78793,33.440029],[-111.78893,33.437567],[-111.789884,33.436819],[-111.789413,33.435819],[-111.790732,33.433819],[-111.789214,33.432819],[-111.792454,33.429819],[-111.791832,33.428819],[-111.792628,33.427516],[-111.795155,33.426819],[-111.79593,33.425051],[-111.797732,33.425017],[-111.79793,33.425536],[-111.799501,33.422819],[-111.798007,33.420819],[-111.798829,33.419819],[-111.801249,33.419137],[-111.80193,33.418402],[-111.80293,33.418648],[-111.80493,33.423305],[-111.806978,33.419819],[-111.806892,33.417819],[-111.80893,33.417171],[-111.80993,33.416058],[-111.81393,33.41597],[-111.814854,33.414819],[-111.81393,33.413587],[-111.813523,33.414411],[-111.81093,33.41453],[-111.810094,33.413819],[-111.810399,33.413287],[-111.81393,33.412459],[-111.814822,33.41071],[-111.81693,33.40991],[-111.81793,33.410492],[-111.82193,33.409447],[-111.82293,33.409991],[-111.82393,33.408466],[-111.82568,33.407819],[-111.824965,33.406819],[-111.826349,33.405819],[-111.825855,33.404819],[-111.827073,33.403819],[-111.826781,33.402819],[-111.828198,33.400819],[-111.827559,33.399819],[-111.82841,33.397819],[-111.82993,33.397332],[-111.83193,33.399506],[-111.83221,33.397098],[-111.83293,33.396921],[-111.833591,33.397158],[-111.834046,33.398934],[-111.835411,33.396819],[-111.835361,33.394819],[-111.836098,33.393819],[-111.833668,33.393081],[-111.83402,33.391819],[-111.83244,33.391309],[-111.832086,33.389663],[-111.82781,33.389698],[-111.828618,33.390819],[-111.82793,33.391436],[-111.82693,33.3902],[-111.82593,33.391104],[-111.82393,33.390836],[-111.824695,33.389819],[-111.823825,33.388924],[-111.82393,33.387795],[-111.82793,33.386506],[-111.83193,33.38624],[-111.83393,33.386395],[-111.83493,33.387493],[-111.838096,33.387653],[-111.838507,33.387819],[-111.837889,33.388819],[-111.838622,33.389127],[-111.83993,33.393],[-111.840971,33.388859],[-111.84493,33.386059],[-111.85393,33.38619],[-111.85493,33.387104],[-111.856221,33.387109],[-111.85993,33.386043],[-111.868839,33.385819],[-111.85793,33.385243],[-111.851162,33.385587],[-111.84093,33.38487],[-111.841452,33.383819],[-111.83993,33.381878],[-111.83958,33.384819],[-111.83893,33.385121],[-111.83193,33.385384],[-111.825183,33.384819],[-111.82593,33.384103],[-111.82793,33.384095],[-111.83,33.382888],[-111.830216,33.381104],[-111.83093,33.380642],[-111.83393,33.382621],[-111.834189,33.382077],[-111.835674,33.381819],[-111.835112,33.380819],[-111.835513,33.380401],[-111.83693,33.379897],[-111.839409,33.38034],[-111.83993,33.381757],[-111.840488,33.380376],[-111.84193,33.379362],[-111.845263,33.378819],[-111.842705,33.378044],[-111.84193,33.375921],[-111.841368,33.378256],[-111.838714,33.378035],[-111.838592,33.37748],[-111.839692,33.376819],[-111.83693,33.374586],[-111.836229,33.374819],[-111.836212,33.3761],[-111.833862,33.376751],[-111.82993,33.377437],[-111.82893,33.37636],[-111.826628,33.376819],[-111.827052,33.375819],[-111.825524,33.374819],[-111.825849,33.372737],[-111.827926,33.370819],[-111.827413,33.369819],[-111.82593,33.36963],[-111.825233,33.368819],[-111.825567,33.363819],[-111.82493,33.363261],[-111.82093,33.363028],[-111.818263,33.363486],[-111.813589,33.36116],[-111.811573,33.361176],[-111.810455,33.360294],[-111.8108,33.358819],[-111.80993,33.357999],[-111.808301,33.357819],[-111.80793,33.356931],[-111.80993,33.35511],[-111.80828,33.353819],[-111.807672,33.350819],[-111.808459,33.349819],[-111.80693,33.349066],[-111.80593,33.349394],[-111.803985,33.348819],[-111.80293,33.346586],[-111.800768,33.348981],[-111.79893,33.34375],[-111.797178,33.345819],[-111.796738,33.347819],[-111.79593,33.348119],[-111.795672,33.346819],[-111.793579,33.346467],[-111.793398,33.348819],[-111.792653,33.349096],[-111.792597,33.345819],[-111.794192,33.344819],[-111.794013,33.342819],[-111.791421,33.341819],[-111.79193,33.340582],[-111.793502,33.340819],[-111.794181,33.337568],[-111.79393,33.336753],[-111.793812,33.3377],[-111.792792,33.33768],[-111.792386,33.338274],[-111.791057,33.337819],[-111.791266,33.336154],[-111.792484,33.335819],[-111.79045,33.335299],[-111.78993,33.333072],[-111.788974,33.335819],[-111.789473,33.336819],[-111.787909,33.337819],[-111.78861,33.339819],[-111.786507,33.340819],[-111.786784,33.342819],[-111.785205,33.343819],[-111.786543,33.345819],[-111.784661,33.346819],[-111.782966,33.348819],[-111.78182,33.348929],[-111.781147,33.347602],[-111.77993,33.34726],[-111.77793,33.347858],[-111.77693,33.347274],[-111.77593,33.347486],[-111.775479,33.346367],[-111.776869,33.345819],[-111.77493,33.345124],[-111.774334,33.346222],[-111.773597,33.346152],[-111.774244,33.344819],[-111.773334,33.342819],[-111.77432,33.340819],[-111.773161,33.339819],[-111.773857,33.338819],[-111.773227,33.338522],[-111.77293,33.337067],[-111.771576,33.341819],[-111.770732,33.342819],[-111.772139,33.343819],[-111.77093,33.347726],[-111.76993,33.346468],[-111.76893,33.346215],[-111.767343,33.349231],[-111.765606,33.349143],[-111.76393,33.347963],[-111.763492,33.34938],[-111.759569,33.349819],[-111.76293,33.350021],[-111.76493,33.351408],[-111.76693,33.351545],[-111.767958,33.350791],[-111.7681,33.351988],[-111.765856,33.352819],[-111.766638,33.353111],[-111.76693,33.354459],[-111.76793,33.354509],[-111.768547,33.357202],[-111.77193,33.357429],[-111.772116,33.359004],[-111.77093,33.358121],[-111.76993,33.358131],[-111.768649,33.3591],[-111.768052,33.357697],[-111.76693,33.35805],[-111.76593,33.359596],[-111.764065,33.359819],[-111.763947,33.358819],[-111.761759,33.357819],[-111.761703,33.356591],[-111.762492,33.355819],[-111.76193,33.35528],[-111.75993,33.356349],[-111.758858,33.358746],[-111.760062,33.359951],[-111.75693,33.35983],[-111.756275,33.357819],[-111.75693,33.356426],[-111.75593,33.353755],[-111.755353,33.357819],[-111.753953,33.358819],[-111.753827,33.359715],[-111.75293,33.360187],[-111.75193,33.35994],[-111.750875,33.360763],[-111.749055,33.363944],[-111.74793,33.3643],[-111.74693,33.363717],[-111.746567,33.364455],[-111.744229,33.364819],[-111.74593,33.365564],[-111.746282,33.366467],[-111.744396,33.369284],[-111.74093,33.370227],[-111.740178,33.369819],[-111.740827,33.367819],[-111.739409,33.366819],[-111.739189,33.365077],[-111.739797,33.364819],[-111.73893,33.363964],[-111.737163,33.368819],[-111.737988,33.370819],[-111.735704,33.371819],[-111.736993,33.372819],[-111.735236,33.373819],[-111.73693,33.375302],[-111.738055,33.374694],[-111.73793,33.376496],[-111.73593,33.376044],[-111.733432,33.376321],[-111.73193,33.378031],[-111.72693,33.377649],[-111.722317,33.378819],[-111.72493,33.379883],[-111.72593,33.379564],[-111.727087,33.381975],[-111.7279,33.381788],[-111.727922,33.37981],[-111.729197,33.380552],[-111.73193,33.379515],[-111.734781,33.382968],[-111.735274,33.385163],[-111.73193,33.385343],[-111.73093,33.386578],[-111.72693,33.386491],[-111.726107,33.385642],[-111.72493,33.385595],[-111.714751,33.386819],[-111.719409,33.38734],[-111.719584,33.388819],[-111.718661,33.389819],[-111.719327,33.391216],[-111.716204,33.393092],[-111.71293,33.392332],[-111.71193,33.393275],[-111.708779,33.393819],[-111.712326,33.394423],[-111.71493,33.397138],[-111.716042,33.394707],[-111.717667,33.396819],[-111.716453,33.397819],[-111.716236,33.398819],[-111.718045,33.398704],[-111.71893,33.401484],[-111.720224,33.399819],[-111.719314,33.399435],[-111.719591,33.397479],[-111.72493,33.396001],[-111.725633,33.394521],[-111.727323,33.394819],[-111.725857,33.397745],[-111.72793,33.399496],[-111.729778,33.397667],[-111.731294,33.397455],[-111.73093,33.398501],[-111.729521,33.398409],[-111.731329,33.40142],[-111.730486,33.402819],[-111.731115,33.403819],[-111.733246,33.404819],[-111.73357,33.406819],[-111.73293,33.407297],[-111.73193,33.407078],[-111.73093,33.408308],[-111.728352,33.408819],[-111.73193,33.408911],[-111.732089,33.407977],[-111.736406,33.408343],[-111.736629,33.409819],[-111.735559,33.411819],[-111.73593,33.415617],[-111.738484,33.409372],[-111.74093,33.409714],[-111.741846,33.408734],[-111.74262,33.408819],[-111.742566,33.409819],[-111.74447,33.411279],[-111.745464,33.413819],[-111.74393,33.415438],[-111.742442,33.415307],[-111.74193,33.414173],[-111.73834,33.415819],[-111.74493,33.416013],[-111.74593,33.416856],[-111.74793,33.416045],[-111.74893,33.417028],[-111.74993,33.416175],[-111.752153,33.416596],[-111.751829,33.419819],[-111.753434,33.421315],[-111.75341,33.422298],[-111.74683,33.422819],[-111.74993,33.423814],[-111.751937,33.423812],[-111.753221,33.425819],[-111.752584,33.426819],[-111.753662,33.427087],[-111.75393,33.428793],[-111.754247,33.426135],[-111.755089,33.425819],[-111.754501,33.42439],[-111.75693,33.423592],[-111.75893,33.424306],[-111.75993,33.42343],[-111.761293,33.426456],[-111.762033,33.426819],[-111.76293,33.425684],[-111.764675,33.427819],[-111.76293,33.429088],[-111.759749,33.429819],[-111.76293,33.430115],[-111.76393,33.430832],[-111.76493,33.430532],[-111.76693,33.431666],[-111.767574,33.430463],[-111.769231,33.430518],[-111.769309,33.431197],[-111.768347,33.431819],[-111.768479,33.433367],[-111.766873,33.433819],[-111.768226,33.434819],[-111.768362,33.435819],[-111.76593,33.436731],[-111.76584,33.437728],[-111.765002,33.437819],[-111.76593,33.437891],[-111.76693,33.437092],[-111.76793,33.438009],[-111.769121,33.437628],[-111.769473,33.439819],[-111.77093,33.441933]]],"type":"Polygon"}},{"type":"Feature","properties":{"station_id":"210","status":"existing","strategy":"all","band":"4min"},"geometry":{"coordinates":[[[-111.77093,33.411261],[-111.77157,33.408458],[-111.773741,33.407819],[-111.772467,33.407282],[-111.77266,33.404819],[-111.771775,33.403819],[-111.77293,33.401645],[-111.775167,33.402582],[-111.77439,33.403819],[-111.77493,33.405896],[-111.778194,33.406819],[-111.775115,33.407819],[-111.77936,33.409389],[-111.779925,33.410825],[-111.783307,33.407819],[-111.784197,33.406085],[-111.78593,33.405161],[-111.787126,33.405623],[-111.787533,33.406819],[-111.78693,33.407695],[-111.785804,33.407819],[-111.78693,33.408257],[-111.78793,33.410315],[-111.789539,33.407819],[-111.789124,33.406012],[-111.791078,33.404819],[-111.788622,33.404127],[-111.788584,33.402472],[-111.789584,33.401472],[-111.792514,33.400819],[-111.792006,33.399743],[-111.792284,33.396819],[-111.793423,33.395819],[-111.793661,33.394549],[-111.796459,33.395819],[-111.795849,33.396819],[-111.79693,33.400969],[-111.799149,33.396819],[-111.79783,33.395919],[-111.797757,33.394645],[-111.799116,33.394819],[-111.80093,33.396125],[-111.80393,33.394526],[-111.805069,33.395957],[-111.80593,33.395851],[-111.806449,33.394337],[-111.808459,33.393819],[-111.80721,33.393539],[-111.80593,33.391667],[-111.80493,33.392565],[-111.80293,33.391372],[-111.80093,33.391673],[-111.799651,33.389819],[-111.79593,33.389566],[-111.794856,33.386893],[-111.789224,33.385819],[-111.789613,33.384502],[-111.79193,33.382872],[-111.79193,33.381454],[-111.79393,33.381508],[-111.794799,33.380688],[-111.795494,33.380819],[-111.795626,33.382819],[-111.79693,33.384719],[-111.797344,33.381819],[-111.798721,33.379609],[-111.800229,33.380117],[-111.806375,33.378819],[-111.797375,33.378374],[-111.794319,33.37743],[-111.79393,33.376092],[-111.792586,33.375819],[-111.792258,33.373491],[-111.791538,33.372819],[-111.794614,33.371819],[-111.791469,33.37028],[-111.78993,33.366171],[-111.78893,33.37135],[-111.78593,33.369856],[-111.78393,33.370432],[-111.783208,33.369096],[-111.784103,33.366819],[-111.78193,33.364096],[-111.780537,33.368425],[-111.778378,33.371266],[-111.77693,33.371522],[-111.77593,33.370942],[-111.77493,33.371406],[-111.77393,33.370462],[-111.772398,33.373286],[-111.771186,33.373819],[-111.771336,33.375224],[-111.76893,33.375756],[-111.768393,33.377819],[-111.76593,33.377311],[-111.765603,33.378492],[-111.763315,33.378434],[-111.762896,33.377784],[-111.759944,33.378819],[-111.76193,33.379071],[-111.76293,33.379874],[-111.768139,33.37961],[-111.768026,33.380723],[-111.769927,33.381819],[-111.76793,33.382652],[-111.767867,33.384819],[-111.770245,33.385504],[-111.770504,33.386819],[-111.76993,33.387657],[-111.767287,33.388819],[-111.766378,33.390266],[-111.764551,33.390198],[-111.763384,33.388365],[-111.76293,33.385358],[-111.762627,33.387516],[-111.761487,33.388375],[-111.756386,33.389819],[-111.758521,33.390819],[-111.758123,33.393011],[-111.75693,33.391894],[-111.75593,33.392645],[-111.754528,33.392221],[-111.75393,33.389391],[-111.752967,33.392855],[-111.74993,33.393026],[-111.748002,33.393819],[-111.752911,33.394839],[-111.75393,33.397845],[-111.75493,33.395221],[-111.75793,33.394967],[-111.758866,33.396819],[-111.762284,33.398465],[-111.762373,33.399261],[-111.761382,33.399819],[-111.76235,33.400819],[-111.76493,33.401218],[-111.768807,33.403819],[-111.768825,33.405924],[-111.769813,33.406819],[-111.767777,33.407819],[-111.770729,33.40902],[-111.77093,33.411261]]],"type":"Polygon"}},{"type":"Feature","properties":{"station_id":"211","status":"existing","strategy":"all","band":"8min"},"geometry":{"coordinates":[[[-111.786699,33.497839],[-111.786977,33.483581],[-111.788699,33.481945],[-111.792134,33.480581],[-111.788405,33.479875],[-111.788422,33.478303],[-111.790214,33.477581],[-111.788428,33.476852],[-111.788354,33.474581],[-111.794334,33.473581],[-111.790377,33.472903],[-111.791699,33.470124],[-111.794699,33.46983],[-111.795699,33.471337],[-111.79621,33.470092],[-111.799118,33.468999],[-111.798279,33.467581],[-111.799369,33.46725],[-111.800071,33.467581],[-111.800699,33.470278],[-111.801413,33.468294],[-111.802699,33.468236],[-111.803699,33.467305],[-111.804052,33.469581],[-111.803322,33.470581],[-111.804156,33.471581],[-111.802833,33.473581],[-111.804699,33.475406],[-111.806354,33.473581],[-111.80501,33.47327],[-111.805443,33.470324],[-111.808699,33.470055],[-111.809699,33.471413],[-111.81039,33.470271],[-111.811699,33.471155],[-111.812699,33.470246],[-111.813021,33.472902],[-111.811699,33.472449],[-111.809629,33.473581],[-111.813056,33.474224],[-111.813699,33.476904],[-111.814331,33.474212],[-111.817036,33.473581],[-111.814369,33.472911],[-111.81448,33.470361],[-111.819196,33.469077],[-111.819699,33.46738],[-111.824283,33.467164],[-111.824295,33.465985],[-111.823577,33.465458],[-111.825174,33.465055],[-111.826178,33.464059],[-111.827507,33.460388],[-111.828863,33.460417],[-111.830083,33.462197],[-111.832471,33.462352],[-111.833196,33.462077],[-111.833699,33.46031],[-111.834699,33.461252],[-111.835147,33.461028],[-111.834699,33.459374],[-111.839833,33.459447],[-111.840908,33.460581],[-111.84113,33.46215],[-111.841921,33.462581],[-111.842158,33.464122],[-111.842933,33.464581],[-111.840328,33.464953],[-111.840079,33.464201],[-111.839207,33.464088],[-111.838451,33.464332],[-111.838054,33.465581],[-111.840071,33.465209],[-111.840251,33.466029],[-111.841867,33.466413],[-111.841867,33.467749],[-111.840699,33.468843],[-111.839124,33.469005],[-111.836904,33.471785],[-111.835318,33.472199],[-111.833903,33.474784],[-111.832244,33.475125],[-111.830699,33.476914],[-111.82926,33.477142],[-111.826944,33.479825],[-111.825289,33.48017],[-111.823967,33.481848],[-111.822313,33.482195],[-111.820699,33.484029],[-111.819699,33.483417],[-111.818699,33.48358],[-111.819206,33.484581],[-111.817042,33.486923],[-111.815394,33.487275],[-111.810667,33.491548],[-111.80969,33.491571],[-111.809673,33.492554],[-111.808692,33.492573],[-111.80868,33.493561],[-111.806699,33.493575],[-111.806691,33.494572],[-111.80563,33.494581],[-111.805629,33.49551],[-111.804742,33.495581],[-111.805723,33.495604],[-111.80584,33.494721],[-111.806497,33.494783],[-111.808699,33.493794],[-111.810292,33.492173],[-111.811917,33.491798],[-111.81331,33.490191],[-111.814975,33.489856],[-111.816934,33.487815],[-111.818922,33.487358],[-111.820638,33.487642],[-111.821699,33.491098],[-111.822208,33.488089],[-111.823761,33.487581],[-111.822403,33.486877],[-111.822105,33.484581],[-111.826699,33.48121],[-111.82803,33.48125],[-111.828699,33.48195],[-111.829699,33.481109],[-111.830114,33.481581],[-111.829522,33.484758],[-111.830274,33.486581],[-111.829699,33.487375],[-111.828588,33.487581],[-111.830162,33.488118],[-111.829989,33.490581],[-111.830699,33.491943],[-111.831044,33.489925],[-111.832723,33.487581],[-111.831263,33.487017],[-111.831348,33.485229],[-111.834678,33.484581],[-111.831363,33.483917],[-111.831699,33.481165],[-111.834038,33.481242],[-111.834699,33.484536],[-111.835345,33.481226],[-111.839076,33.481204],[-111.839097,33.481978],[-111.837516,33.482581],[-111.839355,33.483581],[-111.839699,33.48751],[-111.83996,33.485841],[-111.84112,33.484581],[-111.840044,33.483581],[-111.840699,33.481004],[-111.847107,33.481173],[-111.847699,33.486057],[-111.847987,33.484868],[-111.849124,33.484581],[-111.84898,33.483581],[-111.850217,33.481098],[-111.853732,33.480581],[-111.849699,33.480253],[-111.84834,33.47894],[-111.848699,33.477107],[-111.85259,33.476581],[-111.848699,33.476054],[-111.848699,33.474197],[-111.851146,33.474134],[-111.852699,33.474976],[-111.853699,33.473693],[-111.856074,33.474206],[-111.856157,33.476038],[-111.854797,33.476581],[-111.856297,33.477983],[-111.856699,33.480149],[-111.857127,33.477581],[-111.858364,33.476581],[-111.857241,33.476039],[-111.857126,33.474581],[-111.857699,33.473997],[-111.860062,33.473581],[-111.858699,33.472521],[-111.857699,33.473165],[-111.857204,33.472581],[-111.857411,33.470292],[-111.858068,33.470212],[-111.858699,33.470987],[-111.859161,33.469581],[-111.857422,33.468858],[-111.85748,33.466361],[-111.859699,33.466242],[-111.860699,33.467183],[-111.862027,33.466253],[-111.863965,33.467315],[-111.86339,33.46989],[-111.863699,33.470685],[-111.865052,33.470228],[-111.865337,33.472581],[-111.864699,33.473316],[-111.863307,33.473581],[-111.865186,33.474094],[-111.865699,33.476883],[-111.865934,33.474581],[-111.867025,33.473581],[-111.866062,33.472581],[-111.86616,33.470581],[-111.867933,33.468581],[-111.86643,33.466311],[-111.873033,33.466247],[-111.873324,33.468581],[-111.872124,33.469581],[-111.873253,33.470581],[-111.873699,33.473045],[-111.873944,33.470581],[-111.875541,33.469581],[-111.874223,33.468057],[-111.874358,33.466239],[-111.875699,33.466044],[-111.876699,33.466943],[-111.877699,33.466738],[-111.878699,33.468183],[-111.879289,33.46617],[-111.881699,33.465889],[-111.882476,33.466581],[-111.882699,33.46828],[-111.883231,33.466112],[-111.886172,33.465581],[-111.883699,33.464996],[-111.875699,33.465117],[-111.875056,33.464581],[-111.875627,33.463581],[-111.874699,33.462912],[-111.873699,33.465082],[-111.866424,33.464856],[-111.866429,33.46031],[-111.867699,33.45912],[-111.872322,33.458581],[-111.86645,33.45783],[-111.866397,33.454581],[-111.867502,33.453383],[-111.870699,33.453262],[-111.871699,33.452254],[-111.87394,33.45234],[-111.874699,33.457472],[-111.875485,33.456581],[-111.875056,33.455581],[-111.875699,33.452224],[-111.883006,33.452274],[-111.883699,33.455534],[-111.885363,33.453581],[-111.884266,33.453014],[-111.884385,33.452266],[-111.888699,33.452055],[-111.889413,33.452867],[-111.889699,33.455667],[-111.890175,33.452057],[-111.898486,33.451581],[-111.891699,33.451346],[-111.890892,33.450581],[-111.890699,33.448654],[-111.890104,33.450985],[-111.887699,33.451085],[-111.886699,33.448006],[-111.885699,33.451056],[-111.884379,33.450901],[-111.883699,33.449318],[-111.882699,33.449503],[-111.881699,33.450995],[-111.879699,33.450975],[-111.877699,33.4502],[-111.876984,33.450866],[-111.875699,33.450937],[-111.875373,33.449254],[-111.877004,33.448581],[-111.875318,33.447962],[-111.874699,33.446854],[-111.873995,33.447581],[-111.873934,33.450815],[-111.870699,33.450901],[-111.869699,33.451892],[-111.867699,33.451879],[-111.867435,33.451316],[-111.869043,33.450924],[-111.869043,33.450237],[-111.866699,33.449973],[-111.865258,33.451139],[-111.864894,33.452775],[-111.858699,33.454832],[-111.858408,33.450581],[-111.857398,33.449581],[-111.857388,33.448581],[-111.86041,33.445581],[-111.864155,33.444036],[-111.86846,33.439341],[-111.873376,33.437257],[-111.875699,33.437151],[-111.876699,33.436139],[-111.880699,33.436095],[-111.881699,33.43508],[-111.888127,33.435153],[-111.890475,33.438581],[-111.890699,33.442496],[-111.890914,33.437581],[-111.890151,33.437129],[-111.8902,33.436081],[-111.892699,33.435745],[-111.893699,33.434769],[-111.894699,33.435777],[-111.89961,33.435581],[-111.894796,33.435484],[-111.894699,33.434521],[-111.892835,33.434445],[-111.892699,33.431663],[-111.892348,33.434229],[-111.891153,33.434127],[-111.890699,33.433333],[-111.884699,33.433392],[-111.883699,33.434273],[-111.880511,33.434392],[-111.879699,33.435249],[-111.875699,33.435147],[-111.874699,33.436223],[-111.870922,33.435803],[-111.870699,33.436845],[-111.870282,33.436163],[-111.871783,33.433497],[-111.869586,33.433467],[-111.868745,33.434581],[-111.86896,33.435841],[-111.865111,33.440992],[-111.860699,33.443863],[-111.857257,33.441581],[-111.856998,33.436879],[-111.86075,33.43653],[-111.857256,33.436024],[-111.856699,33.431119],[-111.856446,33.432327],[-111.85552,33.432581],[-111.854854,33.436735],[-111.853469,33.438581],[-111.853323,33.440581],[-111.851699,33.440794],[-111.850699,33.440217],[-111.849699,33.441041],[-111.848699,33.440322],[-111.848064,33.442581],[-111.84687,33.443751],[-111.843699,33.443808],[-111.843509,33.44039],[-111.846083,33.439964],[-111.847023,33.438581],[-111.845699,33.438139],[-111.844699,33.438782],[-111.841699,33.438847],[-111.840699,33.439814],[-111.840528,33.437409],[-111.847394,33.436581],[-111.849558,33.434439],[-111.851654,33.433581],[-111.85028,33.432],[-111.850661,33.430542],[-111.852714,33.431595],[-111.853578,33.430459],[-111.856173,33.429581],[-111.852699,33.427545],[-111.850699,33.429317],[-111.849699,33.428235],[-111.847699,33.428601],[-111.846316,33.427964],[-111.846265,33.427147],[-111.84887,33.425751],[-111.848884,33.423581],[-111.850372,33.422581],[-111.848699,33.421427],[-111.847699,33.421931],[-111.84259,33.41969],[-111.841699,33.419766],[-111.843713,33.417581],[-111.841628,33.416652],[-111.841697,33.415581],[-111.839699,33.413703],[-111.838699,33.415246],[-111.834699,33.415105],[-111.833699,33.413863],[-111.832699,33.414081],[-111.832699,33.413219],[-111.833698,33.412581],[-111.832241,33.412039],[-111.831699,33.410702],[-111.83132,33.412202],[-111.829776,33.412504],[-111.827438,33.411842],[-111.827747,33.410581],[-111.826699,33.409613],[-111.824339,33.409941],[-111.824699,33.408819],[-111.826699,33.409553],[-111.827699,33.408385],[-111.828699,33.408835],[-111.831458,33.407581],[-111.829699,33.40704],[-111.826978,33.407302],[-111.826699,33.406398],[-111.825378,33.406902],[-111.825279,33.405581],[-111.822699,33.400707],[-111.822095,33.405976],[-111.815841,33.407581],[-111.819846,33.408727],[-111.815699,33.410536],[-111.815501,33.411382],[-111.814187,33.411093],[-111.813699,33.409229],[-111.813197,33.411078],[-111.812232,33.411048],[-111.811699,33.410354],[-111.811137,33.411018],[-111.810324,33.410956],[-111.810241,33.408122],[-111.811284,33.407996],[-111.811699,33.408719],[-111.812112,33.407993],[-111.813699,33.408067],[-111.813906,33.407581],[-111.810597,33.406683],[-111.809699,33.405196],[-111.808506,33.405774],[-111.807699,33.404715],[-111.807061,33.405942],[-111.80647,33.40581],[-111.807637,33.404581],[-111.806479,33.403581],[-111.805699,33.399793],[-111.803032,33.405913],[-111.801699,33.406821],[-111.800699,33.406392],[-111.796345,33.407581],[-111.797589,33.407691],[-111.797699,33.408226],[-111.798699,33.408023],[-111.799699,33.409029],[-111.80157,33.409581],[-111.801816,33.410581],[-111.800699,33.412021],[-111.799699,33.411494],[-111.797699,33.413498],[-111.794699,33.413578],[-111.791672,33.414553],[-111.790699,33.415466],[-111.789239,33.415041],[-111.788699,33.413372],[-111.78843,33.415311],[-111.787181,33.415581],[-111.787473,33.419354],[-111.786593,33.419581],[-111.786087,33.420968],[-111.783791,33.421489],[-111.782699,33.420712],[-111.781699,33.421791],[-111.780602,33.421581],[-111.777354,33.422581],[-111.780187,33.423093],[-111.781699,33.424065],[-111.782746,33.423627],[-111.783699,33.42402],[-111.785699,33.423174],[-111.786146,33.424581],[-111.783699,33.425892],[-111.782699,33.425223],[-111.781205,33.428086],[-111.779699,33.429066],[-111.778296,33.428984],[-111.777699,33.427695],[-111.776699,33.429252],[-111.772699,33.429096],[-111.770992,33.427288],[-111.770699,33.425809],[-111.769665,33.428581],[-111.767733,33.429581],[-111.769374,33.429906],[-111.76927,33.432581],[-111.76754,33.433581],[-111.768405,33.434581],[-111.766699,33.435724],[-111.766068,33.436949],[-111.763636,33.436644],[-111.761699,33.435467],[-111.760123,33.437004],[-111.756633,33.437581],[-111.761699,33.437904],[-111.762699,33.439068],[-111.763699,33.438848],[-111.764699,33.439784],[-111.766699,33.438076],[-111.768006,33.439274],[-111.767699,33.440972],[-111.765699,33.440994],[-111.764699,33.443202],[-111.762966,33.443847],[-111.761412,33.443868],[-111.760699,33.443218],[-111.759699,33.444052],[-111.758699,33.443717],[-111.755699,33.444302],[-111.754013,33.442581],[-111.753699,33.438685],[-111.752653,33.440581],[-111.752179,33.44406],[-111.748704,33.444581],[-111.750699,33.444863],[-111.752592,33.446581],[-111.751481,33.448362],[-111.751801,33.449581],[-111.75127,33.450581],[-111.749601,33.450679],[-111.748699,33.449877],[-111.747699,33.450446],[-111.746699,33.448788],[-111.746226,33.450107],[-111.744699,33.45115],[-111.736369,33.451581],[-111.743699,33.451983],[-111.745699,33.454408],[-111.746699,33.452072],[-111.747699,33.45353],[-111.748699,33.452494],[-111.750699,33.453544],[-111.751407,33.452288],[-111.75296,33.45232],[-111.753159,33.454581],[-111.752246,33.455581],[-111.752113,33.456994],[-111.750327,33.457581],[-111.752341,33.458581],[-111.750813,33.459581],[-111.752112,33.460168],[-111.752445,33.462581],[-111.753262,33.463018],[-111.753688,33.464592],[-111.753907,33.460581],[-111.755356,33.459581],[-111.754145,33.457581],[-111.754848,33.454581],[-111.754503,33.452581],[-111.757943,33.452337],[-111.758518,33.454762],[-111.761061,33.455581],[-111.759323,33.456581],[-111.760072,33.457953],[-111.757702,33.459581],[-111.760562,33.460581],[-111.760273,33.461581],[-111.761652,33.465581],[-111.761379,33.46626],[-111.760284,33.466581],[-111.761699,33.467175],[-111.761783,33.466664],[-111.762699,33.466662],[-111.774699,33.467173],[-111.776807,33.468581],[-111.775426,33.470307],[-111.775443,33.471837],[-111.779462,33.468343],[-111.780699,33.468259],[-111.778699,33.474132],[-111.779856,33.473737],[-111.782116,33.468997],[-111.784911,33.468369],[-111.783414,33.469295],[-111.783351,33.471929],[-111.785122,33.472581],[-111.782699,33.474041],[-111.782699,33.4753],[-111.783699,33.474974],[-111.784267,33.475581],[-111.784114,33.476995],[-111.782715,33.477581],[-111.783695,33.479585],[-111.784699,33.479694],[-111.785945,33.478826],[-111.786407,33.477288],[-111.787082,33.477581],[-111.787107,33.479581],[-111.786171,33.480581],[-111.787133,33.481581],[-111.786171,33.482581],[-111.786699,33.497839]]],"type":"Polygon"}},{"type":"Feature","properties":{"station_id":"211","status":"existing","strategy":"all","band":"4min"},"geometry":{"coordinates":[[[-111.820699,33.466656],[-111.823306,33.466581],[-111.822781,33.465581],[-111.823916,33.462581],[-111.82362,33.460501],[-111.827288,33.458581],[-111.827058,33.456581],[-111.828364,33.455581],[-111.827533,33.454581],[-111.828699,33.453574],[-111.82977,33.45451],[-111.830199,33.456581],[-111.829244,33.458125],[-111.828201,33.458581],[-111.830103,33.459177],[-111.830699,33.461756],[-111.831266,33.461581],[-111.831033,33.459914],[-111.833951,33.458581],[-111.83224,33.457581],[-111.833081,33.456581],[-111.832275,33.456005],[-111.832288,33.455169],[-111.833699,33.453141],[-111.835593,33.453474],[-111.837699,33.452297],[-111.839164,33.453116],[-111.838287,33.455169],[-111.836631,33.455512],[-111.836221,33.456581],[-111.836724,33.456606],[-111.836759,33.45564],[-111.83856,33.45572],[-111.839607,33.458581],[-111.840699,33.458802],[-111.840636,33.458518],[-111.839814,33.458466],[-111.840161,33.456043],[-111.841294,33.455581],[-111.839873,33.455407],[-111.840586,33.452467],[-111.841699,33.451999],[-111.842699,33.452629],[-111.844699,33.452508],[-111.846699,33.451794],[-111.8474,33.45188],[-111.847699,33.452641],[-111.848905,33.452581],[-111.848318,33.451581],[-111.845943,33.451337],[-111.844699,33.450539],[-111.843699,33.451196],[-111.841404,33.449876],[-111.839699,33.444484],[-111.838699,33.448274],[-111.836107,33.448173],[-111.834425,33.446581],[-111.834184,33.445581],[-111.83511,33.444581],[-111.832699,33.443336],[-111.831699,33.440474],[-111.830077,33.442581],[-111.830834,33.443715],[-111.828002,33.444883],[-111.825699,33.444289],[-111.825149,33.443581],[-111.826752,33.442633],[-111.826703,33.440578],[-111.824437,33.437844],[-111.824246,33.436581],[-111.828242,33.434581],[-111.823972,33.434308],[-111.822699,33.430515],[-111.821103,33.433984],[-111.818699,33.435026],[-111.815699,33.433901],[-111.814488,33.431581],[-111.81486,33.43042],[-111.813699,33.429229],[-111.8113,33.433581],[-111.811225,33.435106],[-111.807699,33.436142],[-111.806618,33.435581],[-111.805699,33.430519],[-111.804549,33.433581],[-111.805439,33.433841],[-111.805337,33.435218],[-111.803823,33.435457],[-111.803699,33.435063],[-111.801699,33.436256],[-111.798356,33.436581],[-111.799699,33.437632],[-111.801857,33.437581],[-111.801312,33.442193],[-111.798918,33.444581],[-111.801112,33.445169],[-111.80103,33.446911],[-111.800283,33.446997],[-111.798584,33.445696],[-111.796699,33.440573],[-111.792316,33.447581],[-111.793065,33.449581],[-111.792032,33.450913],[-111.790699,33.451083],[-111.789699,33.45006],[-111.788699,33.450525],[-111.788249,33.450031],[-111.788245,33.449126],[-111.789434,33.448581],[-111.788224,33.447581],[-111.788634,33.446581],[-111.787699,33.443857],[-111.785534,33.450581],[-111.784699,33.451046],[-111.783699,33.450273],[-111.781699,33.45117],[-111.778314,33.451581],[-111.780398,33.451882],[-111.781699,33.452737],[-111.783699,33.452616],[-111.786332,33.453948],[-111.786648,33.456529],[-111.787375,33.456905],[-111.787699,33.458563],[-111.789427,33.454309],[-111.794092,33.453581],[-111.795077,33.454581],[-111.794156,33.456038],[-111.792641,33.456581],[-111.794292,33.456988],[-111.794041,33.458581],[-111.795699,33.461616],[-111.796764,33.461581],[-111.796867,33.459748],[-111.799204,33.457085],[-111.803699,33.455173],[-111.805699,33.456203],[-111.808699,33.456297],[-111.808974,33.456855],[-111.807699,33.457943],[-111.804699,33.457404],[-111.803444,33.458325],[-111.801523,33.458581],[-111.803699,33.459611],[-111.804699,33.463073],[-111.805699,33.462581],[-111.806699,33.464987],[-111.807159,33.464041],[-111.809699,33.463355],[-111.810699,33.462258],[-111.811998,33.463581],[-111.811244,33.465581],[-111.811699,33.466253],[-111.813699,33.46635],[-111.814699,33.465106],[-111.821699,33.464719],[-111.822389,33.46627],[-111.819874,33.466581],[-111.820699,33.466656]]],"type":"Polygon"}},{"type":"Feature","properties":{"station_id":"212","status":"existing","strategy":"all","band":"8min"},"geometry":{"coordinates":[[[-111.648112,33.436258],[-111.650006,33.436128],[-111.648219,33.436021],[-111.648112,33.435019],[-111.646269,33.434971],[-111.646065,33.43408],[-111.643333,33.433907],[-111.64323,33.433128],[-111.64139,33.43285],[-111.641112,33.431777],[-111.639433,33.431807],[-111.639112,33.430726],[-111.63738,33.42986],[-111.636323,33.428128],[-111.636987,33.422128],[-111.636574,33.416128],[-111.639878,33.415128],[-111.639112,33.415077],[-111.638641,33.414128],[-111.640559,33.411574],[-111.64078,33.408795],[-111.641605,33.408635],[-111.642112,33.410287],[-111.644112,33.408442],[-111.648931,33.408128],[-111.646452,33.407788],[-111.646112,33.406719],[-111.645413,33.407428],[-111.64287,33.407885],[-111.641534,33.407706],[-111.641285,33.407128],[-111.640858,33.401128],[-111.642751,33.397767],[-111.645044,33.396059],[-111.646112,33.39563],[-111.647266,33.396128],[-111.648112,33.395234],[-111.649112,33.395599],[-111.649951,33.398128],[-111.649991,33.399006],[-111.64928,33.399128],[-111.650112,33.399621],[-111.650523,33.393538],[-111.663112,33.393263],[-111.663874,33.393366],[-111.664112,33.395369],[-111.665112,33.394253],[-111.666516,33.394724],[-111.667112,33.398068],[-111.668648,33.394663],[-111.67212,33.393128],[-111.671325,33.392128],[-111.672112,33.391507],[-111.672112,33.390239],[-111.671806,33.390821],[-111.669782,33.390458],[-111.66801,33.38923],[-111.668112,33.387907],[-111.683579,33.387661],[-111.683981,33.388997],[-111.68218,33.390128],[-111.68409,33.39115],[-111.685112,33.39348],[-111.686086,33.390128],[-111.685575,33.388128],[-111.686112,33.387797],[-111.716292,33.387128],[-111.686112,33.386542],[-111.685409,33.386128],[-111.686112,33.382888],[-111.684931,33.383128],[-111.684418,33.384128],[-111.68483,33.385128],[-111.684112,33.385925],[-111.677112,33.386419],[-111.670169,33.386071],[-111.670112,33.38429],[-111.669112,33.384822],[-111.668721,33.384128],[-111.669112,33.379823],[-111.670336,33.379904],[-111.671516,33.381128],[-111.669802,33.383128],[-111.670112,33.384051],[-111.670957,33.384283],[-111.674112,33.384191],[-111.674531,33.382546],[-111.675386,33.382128],[-111.673863,33.379878],[-111.675753,33.380128],[-111.676112,33.381756],[-111.676822,33.380128],[-111.677749,33.380128],[-111.677954,33.381128],[-111.677179,33.382128],[-111.679433,33.383128],[-111.678633,33.384128],[-111.678924,33.385316],[-111.680112,33.384498],[-111.683253,33.384128],[-111.681289,33.383951],[-111.680568,33.382128],[-111.680769,33.380784],[-111.682112,33.380497],[-111.682703,33.379718],[-111.68475,33.37949],[-111.685112,33.381041],[-111.68775,33.380765],[-111.688844,33.379128],[-111.688922,33.376937],[-111.690112,33.376334],[-111.691112,33.376592],[-111.691112,33.376046],[-111.690112,33.375395],[-111.689112,33.375887],[-111.688503,33.375128],[-111.689238,33.371253],[-111.688711,33.368128],[-111.69,33.367128],[-111.690013,33.366028],[-111.690993,33.367247],[-111.692343,33.366897],[-111.696112,33.367442],[-111.697246,33.367261],[-111.698112,33.365849],[-111.700112,33.366556],[-111.701112,33.365903],[-111.705406,33.365128],[-111.702173,33.364067],[-111.701112,33.364535],[-111.700112,33.363904],[-111.697112,33.364733],[-111.696112,33.362317],[-111.694112,33.362635],[-111.693112,33.362044],[-111.691781,33.362797],[-111.689704,33.362536],[-111.689687,33.361702],[-111.691449,33.360128],[-111.689843,33.359128],[-111.690351,33.358128],[-111.688673,33.357567],[-111.688883,33.355128],[-111.687452,33.354128],[-111.689273,33.353128],[-111.687714,33.352526],[-111.687318,33.351128],[-111.688112,33.35033],[-111.689112,33.350773],[-111.690848,33.350128],[-111.68754,33.3497],[-111.687112,33.348318],[-111.686112,33.349359],[-111.683112,33.349534],[-111.682112,33.348759],[-111.681112,33.349628],[-111.670887,33.349353],[-111.670573,33.341128],[-111.67147,33.340128],[-111.671538,33.338128],[-111.670607,33.337128],[-111.671226,33.336241],[-111.672068,33.336128],[-111.670448,33.335792],[-111.670112,33.333971],[-111.669303,33.336128],[-111.669697,33.340128],[-111.66859,33.341128],[-111.669592,33.343128],[-111.669112,33.347759],[-111.666673,33.347567],[-111.666164,33.345128],[-111.665123,33.344117],[-111.661112,33.345824],[-111.657112,33.342746],[-111.656112,33.343628],[-111.653112,33.342218],[-111.647708,33.342532],[-111.647498,33.341513],[-111.648027,33.341128],[-111.647112,33.340318],[-111.646542,33.343128],[-111.648112,33.344432],[-111.649112,33.343633],[-111.652341,33.343899],[-111.652334,33.349128],[-111.646112,33.349311],[-111.644911,33.348128],[-111.644756,33.341128],[-111.645956,33.337971],[-111.648112,33.33642],[-111.650652,33.336588],[-111.651483,33.338128],[-111.652844,33.338396],[-111.653112,33.341284],[-111.653777,33.336792],[-111.657056,33.336128],[-111.655112,33.334807],[-111.654112,33.334762],[-111.653861,33.333876],[-111.656112,33.333661],[-111.657112,33.334675],[-111.658112,33.333575],[-111.661217,33.333232],[-111.655112,33.332769],[-111.654777,33.331792],[-111.656112,33.331708],[-111.657112,33.33061],[-111.659112,33.330831],[-111.660112,33.329554],[-111.664112,33.329805],[-111.665112,33.328477],[-111.670112,33.3289],[-111.679112,33.328314],[-111.680025,33.329215],[-111.682112,33.329585],[-111.69226,33.328275],[-111.704521,33.328128],[-111.664112,33.327407],[-111.663112,33.328493],[-111.659112,33.32871],[-111.658112,33.32973],[-111.655112,33.329781],[-111.654112,33.330724],[-111.653321,33.329128],[-111.65328,33.323295],[-111.65386,33.323128],[-111.645112,33.32255],[-111.642475,33.320765],[-111.640112,33.317825],[-111.638588,33.317652],[-111.637112,33.316343],[-111.636004,33.316236],[-111.636627,33.314128],[-111.635516,33.312724],[-111.635526,33.308128],[-111.636421,33.307128],[-111.635464,33.306128],[-111.636112,33.30537],[-111.637734,33.305128],[-111.637112,33.304641],[-111.636112,33.304885],[-111.635378,33.304128],[-111.635513,33.303529],[-111.636654,33.303128],[-111.635466,33.302774],[-111.635112,33.299858],[-111.634605,33.30462],[-111.632211,33.305128],[-111.634112,33.305323],[-111.634761,33.306128],[-111.634421,33.314436],[-111.632744,33.314497],[-111.629216,33.311024],[-111.628389,33.310851],[-111.628175,33.310065],[-111.627242,33.309998],[-111.627126,33.309114],[-111.626451,33.309128],[-111.627077,33.309163],[-111.627056,33.310128],[-111.62796,33.31028],[-111.627996,33.311128],[-111.628865,33.311375],[-111.631818,33.315422],[-111.634538,33.316702],[-111.634578,33.317593],[-111.632451,33.317789],[-111.631396,33.315844],[-111.628112,33.315282],[-111.626628,33.316128],[-111.630376,33.316864],[-111.629827,33.318128],[-111.630762,33.320128],[-111.630112,33.320705],[-111.625112,33.320379],[-111.61827,33.32097],[-111.617358,33.320882],[-111.617112,33.32019],[-111.616954,33.32097],[-111.615445,33.321128],[-111.616765,33.321475],[-111.616974,33.324266],[-111.618112,33.325474],[-111.619494,33.325746],[-111.620493,33.327508],[-111.618378,33.327862],[-111.617074,33.327128],[-111.617265,33.329128],[-111.616579,33.330594],[-111.614112,33.331792],[-111.611672,33.331568],[-111.610112,33.329264],[-111.609698,33.329713],[-111.609745,33.331128],[-111.610851,33.332128],[-111.609594,33.333609],[-111.608182,33.334128],[-111.611382,33.333858],[-111.611937,33.335128],[-111.613375,33.336128],[-111.612043,33.337128],[-111.612667,33.338128],[-111.611942,33.340128],[-111.613112,33.340797],[-111.617112,33.340761],[-111.617395,33.343128],[-111.611112,33.343629],[-111.610112,33.340538],[-111.609112,33.341564],[-111.609345,33.343128],[-111.608374,33.344128],[-111.610112,33.344863],[-111.611112,33.344627],[-111.612112,33.345401],[-111.613112,33.34472],[-111.615349,33.344891],[-111.615372,33.346387],[-111.61478,33.34646],[-111.614112,33.345503],[-111.613515,33.34653],[-111.612201,33.347128],[-111.617112,33.347835],[-111.617259,33.349274],[-111.607112,33.349411],[-111.606112,33.347243],[-111.605112,33.348559],[-111.602031,33.349209],[-111.602649,33.347128],[-111.601693,33.345128],[-111.603067,33.344128],[-111.603246,33.343261],[-111.601876,33.342365],[-111.60272,33.341128],[-111.601524,33.340128],[-111.602112,33.339391],[-111.60391,33.339128],[-111.602052,33.338188],[-111.601112,33.334361],[-111.600989,33.335004],[-111.600248,33.335128],[-111.600896,33.335344],[-111.600398,33.342128],[-111.598679,33.342128],[-111.597996,33.343011],[-111.598112,33.344898],[-111.598963,33.345277],[-111.600176,33.344064],[-111.600112,33.346848],[-111.599112,33.347391],[-111.598112,33.345317],[-111.595164,33.348128],[-111.596112,33.349024],[-111.597112,33.348763],[-111.597263,33.349278],[-111.593112,33.349573],[-111.592481,33.347128],[-111.593112,33.346389],[-111.59398,33.34626],[-111.594112,33.346699],[-111.594194,33.346209],[-111.592448,33.345792],[-111.592112,33.343704],[-111.591154,33.349169],[-111.589112,33.347665],[-111.588112,33.349583],[-111.586112,33.348561],[-111.585112,33.34982],[-111.584112,33.348913],[-111.584112,33.350642],[-111.585716,33.350524],[-111.588112,33.351454],[-111.590112,33.350775],[-111.592112,33.352397],[-111.593112,33.350644],[-111.594112,33.351375],[-111.595112,33.350634],[-111.598112,33.35147],[-111.598816,33.350831],[-111.600112,33.350767],[-111.600437,33.352128],[-111.59948,33.353128],[-111.599474,33.354128],[-111.600402,33.355128],[-111.600383,33.357128],[-111.599112,33.358782],[-111.595112,33.357644],[-111.587112,33.358283],[-111.584665,33.359681],[-111.583914,33.363128],[-111.584112,33.364108],[-111.584976,33.362991],[-111.585596,33.363644],[-111.585361,33.367879],[-111.590409,33.370831],[-111.589513,33.372128],[-111.59002,33.37422],[-111.590944,33.375128],[-111.590331,33.376128],[-111.591307,33.377128],[-111.590112,33.377635],[-111.588869,33.376884],[-111.588228,33.377128],[-111.588591,33.378128],[-111.587112,33.378625],[-111.576481,33.379128],[-111.58062,33.37962],[-111.581112,33.38151],[-111.58125,33.380128],[-111.582112,33.379492],[-111.597383,33.379857],[-111.597911,33.380128],[-111.597344,33.385359],[-111.559037,33.386128],[-111.581112,33.386755],[-111.597112,33.386537],[-111.597818,33.387128],[-111.597576,33.392591],[-111.594575,33.393128],[-111.596826,33.393414],[-111.598112,33.39682],[-111.598655,33.39467],[-111.600112,33.393627],[-111.601324,33.393916],[-111.60223,33.39501],[-111.605112,33.394519],[-111.606112,33.393667],[-111.60661,33.394128],[-111.605805,33.396128],[-111.607112,33.39704],[-111.607813,33.393828],[-111.609112,33.393727],[-111.610112,33.394547],[-111.611112,33.394232],[-111.612603,33.396128],[-111.612967,33.398128],[-111.614538,33.399128],[-111.613202,33.401128],[-111.614384,33.4034],[-111.612896,33.404128],[-111.614715,33.405128],[-111.61406,33.406128],[-111.614517,33.407128],[-111.614097,33.408128],[-111.615112,33.409206],[-111.617321,33.408336],[-111.618751,33.408489],[-111.620112,33.409516],[-111.620916,33.408931],[-111.622005,33.409128],[-111.624112,33.411063],[-111.625124,33.410139],[-111.625112,33.409013],[-111.628021,33.409219],[-111.629112,33.410433],[-111.629715,33.40973],[-111.631112,33.409689],[-111.63125,33.410265],[-111.629485,33.411128],[-111.630112,33.412736],[-111.631417,33.412823],[-111.631196,33.414211],[-111.630112,33.413801],[-111.62747,33.41477],[-111.626112,33.414231],[-111.625762,33.414777],[-111.623894,33.415128],[-111.631112,33.416199],[-111.631665,33.418128],[-111.630703,33.419128],[-111.632022,33.420128],[-111.632112,33.42251],[-111.633387,33.421403],[-111.633466,33.419481],[-111.634112,33.418809],[-111.634746,33.420128],[-111.634231,33.422128],[-111.635155,33.423085],[-111.635897,33.429343],[-111.638853,33.432387],[-111.640112,33.432504],[-111.643112,33.434304],[-111.64488,33.43436],[-111.645268,33.435128],[-111.646912,33.435328],[-111.648112,33.436258]]],"type":"Polygon"}},{"type":"Feature","properties":{"station_id":"212","status":"existing","strategy":"all","band":"4min"},"geometry":{"coordinates":[[[-111.633112,33.393374],[-111.633868,33.387883],[-111.636241,33.387128],[-111.633767,33.386473],[-111.633678,33.384128],[-111.636541,33.381556],[-111.636888,33.379903],[-111.647541,33.379699],[-111.647928,33.381128],[-111.647837,33.381852],[-111.647026,33.382128],[-111.647045,33.384128],[-111.648112,33.384654],[-111.648348,33.379363],[-111.653218,33.379128],[-111.649391,33.378849],[-111.648428,33.374128],[-111.646659,33.371581],[-111.645752,33.368488],[-111.64498,33.36826],[-111.645015,33.36603],[-111.646351,33.366128],[-111.646401,33.368128],[-111.652462,33.369778],[-111.653112,33.372901],[-111.653864,33.372128],[-111.653328,33.371912],[-111.653771,33.365786],[-111.65887,33.366128],[-111.660112,33.36866],[-111.661726,33.366128],[-111.666729,33.365128],[-111.664112,33.363892],[-111.663112,33.364637],[-111.661112,33.364465],[-111.660112,33.362982],[-111.659096,33.364128],[-111.656829,33.364411],[-111.656112,33.363285],[-111.653685,33.362128],[-111.653987,33.361002],[-111.655338,33.360128],[-111.653564,33.358676],[-111.653112,33.356171],[-111.650525,33.361541],[-111.649506,33.360734],[-111.649112,33.359211],[-111.645112,33.361281],[-111.644426,33.358814],[-111.644262,33.351128],[-111.645112,33.350518],[-111.65078,33.350128],[-111.646112,33.349817],[-111.644112,33.348236],[-111.643904,33.349919],[-111.636846,33.349394],[-111.636112,33.336415],[-111.635748,33.341128],[-111.634412,33.342128],[-111.63564,33.344128],[-111.635521,33.349128],[-111.634891,33.349906],[-111.629476,33.349764],[-111.627112,33.349005],[-111.626112,33.349801],[-111.624112,33.34991],[-111.623414,33.349826],[-111.623112,33.348957],[-111.622857,33.349872],[-111.621608,33.350128],[-111.626112,33.350454],[-111.627112,33.3521],[-111.627674,33.350689],[-111.630478,33.350762],[-111.630479,33.353494],[-111.627313,33.353927],[-111.627112,33.353424],[-111.62695,33.35629],[-111.635112,33.356802],[-111.635312,33.357327],[-111.62891,33.358128],[-111.627671,33.359686],[-111.627418,33.361433],[-111.624427,33.361813],[-111.620651,33.361589],[-111.620423,33.359128],[-111.620112,33.358775],[-111.619112,33.359748],[-111.618515,33.359128],[-111.619519,33.358128],[-111.618112,33.357961],[-111.61653,33.359128],[-111.615352,33.362128],[-111.616486,33.363128],[-111.613112,33.363705],[-111.610755,33.363485],[-111.610112,33.362945],[-111.605291,33.364128],[-111.608112,33.365096],[-111.609112,33.364502],[-111.610514,33.364726],[-111.612256,33.365984],[-111.614828,33.364843],[-111.617343,33.364897],[-111.617488,33.366503],[-111.616634,33.367128],[-111.618705,33.367535],[-111.618916,33.368128],[-111.617358,33.371128],[-111.618542,33.372128],[-111.618062,33.373128],[-111.618839,33.373401],[-111.619112,33.374461],[-111.620112,33.371391],[-111.621112,33.37295],[-111.621513,33.371528],[-111.624112,33.370516],[-111.625112,33.369526],[-111.627112,33.372267],[-111.628503,33.371737],[-111.630667,33.373128],[-111.628176,33.374128],[-111.628112,33.377438],[-111.627411,33.375829],[-111.626112,33.376018],[-111.625139,33.375101],[-111.623112,33.374786],[-111.622537,33.375128],[-111.625483,33.377757],[-111.625426,33.378441],[-111.622112,33.378792],[-111.621112,33.377895],[-111.619842,33.378398],[-111.619112,33.377308],[-111.618772,33.378787],[-111.616561,33.379128],[-111.619112,33.380317],[-111.620112,33.379656],[-111.621066,33.380174],[-111.622112,33.379967],[-111.624112,33.381198],[-111.625112,33.380296],[-111.626742,33.380757],[-111.629112,33.379689],[-111.635334,33.379906],[-111.632731,33.382746],[-111.63244,33.385455],[-111.628006,33.386128],[-111.632612,33.386628],[-111.6328,33.390128],[-111.631931,33.391128],[-111.633112,33.393374]]],"type":"Polygon"}},{"type":"Feature","properties":{"station_id":"213","status":"existing","strategy":"all","band":"8min"},"geometry":{"coordinates":[[[-111.683956,33.472203],[-111.684903,33.467434],[-111.689056,33.466488],[-111.685821,33.465488],[-111.687159,33.464488],[-111.686468,33.463488],[-111.688082,33.460488],[-111.688956,33.45991],[-111.692956,33.460412],[-111.693231,33.459762],[-111.694671,33.459488],[-111.693536,33.458908],[-111.69397,33.456474],[-111.693119,33.455488],[-111.694614,33.453145],[-111.697956,33.453232],[-111.699166,33.452278],[-111.70074,33.453488],[-111.700956,33.456781],[-111.703283,33.452814],[-111.7065,33.452488],[-111.708118,33.451488],[-111.702617,33.450488],[-111.702956,33.445807],[-111.703956,33.446387],[-111.706042,33.445573],[-111.706284,33.444815],[-111.705956,33.443903],[-111.703956,33.444164],[-111.703315,33.443488],[-111.704249,33.441488],[-111.70407,33.439601],[-111.706357,33.440087],[-111.706956,33.442488],[-111.710198,33.439729],[-111.710956,33.43805],[-111.712304,33.43814],[-111.712956,33.440017],[-111.713956,33.439876],[-111.714956,33.438605],[-111.718072,33.438372],[-111.718956,33.440935],[-111.719498,33.438029],[-111.723595,33.437488],[-111.719966,33.436478],[-111.719393,33.435488],[-111.719772,33.433303],[-111.722142,33.432673],[-111.721408,33.431488],[-111.721956,33.431047],[-111.723956,33.431628],[-111.727104,33.430488],[-111.724956,33.429124],[-111.723549,33.429488],[-111.723238,33.428488],[-111.725253,33.425488],[-111.729101,33.425488],[-111.730956,33.423984],[-111.732956,33.425329],[-111.733635,33.424166],[-111.734956,33.423835],[-111.735956,33.425485],[-111.737042,33.423573],[-111.73979,33.422488],[-111.73723,33.422214],[-111.735956,33.420479],[-111.735789,33.42232],[-111.731309,33.422135],[-111.728956,33.420916],[-111.726956,33.422229],[-111.724736,33.421708],[-111.722589,33.419855],[-111.721956,33.41828],[-111.720956,33.418164],[-111.719956,33.41889],[-111.719956,33.417102],[-111.728848,33.415488],[-111.725956,33.414994],[-111.724956,33.415321],[-111.723956,33.414426],[-111.721956,33.415181],[-111.719929,33.414515],[-111.719191,33.412253],[-111.719166,33.408697],[-111.722402,33.408488],[-111.720371,33.408073],[-111.718956,33.406312],[-111.718737,33.407268],[-111.71797,33.407501],[-111.715323,33.407121],[-111.714299,33.406145],[-111.713956,33.404052],[-111.71292,33.407488],[-111.709956,33.40821],[-111.695956,33.407963],[-111.695458,33.407488],[-111.695956,33.406826],[-111.699956,33.406637],[-111.700013,33.405488],[-111.696782,33.403488],[-111.695212,33.403232],[-111.693956,33.401957],[-111.693703,33.403234],[-111.691418,33.404488],[-111.691526,33.405488],[-111.690108,33.406488],[-111.691185,33.407488],[-111.688956,33.40764],[-111.687442,33.406002],[-111.685956,33.405827],[-111.685956,33.402149],[-111.687956,33.40357],[-111.690016,33.401488],[-111.68854,33.399488],[-111.690738,33.397488],[-111.689442,33.397002],[-111.689199,33.395488],[-111.694212,33.394743],[-111.699956,33.39487],[-111.700956,33.393836],[-111.701956,33.394847],[-111.702956,33.393732],[-111.705871,33.393488],[-111.698956,33.392483],[-111.697956,33.390001],[-111.696956,33.389912],[-111.696545,33.390488],[-111.697512,33.391488],[-111.696956,33.392621],[-111.693194,33.38925],[-111.691735,33.391266],[-111.689956,33.391224],[-111.688432,33.389488],[-111.688956,33.388633],[-111.692613,33.387831],[-111.693956,33.388465],[-111.694723,33.387488],[-111.696956,33.386865],[-111.710259,33.386488],[-111.697235,33.386209],[-111.690117,33.385488],[-111.69191,33.384488],[-111.687579,33.383865],[-111.687418,33.382488],[-111.688812,33.381488],[-111.68944,33.379971],[-111.691309,33.379488],[-111.68865,33.378794],[-111.687956,33.376709],[-111.686956,33.379095],[-111.684956,33.378782],[-111.683956,33.377964],[-111.682956,33.379149],[-111.681541,33.377903],[-111.680956,33.376021],[-111.679353,33.376091],[-111.678956,33.375615],[-111.677956,33.37616],[-111.674956,33.374042],[-111.672885,33.373559],[-111.673873,33.369488],[-111.672571,33.368488],[-111.671448,33.365488],[-111.672675,33.364488],[-111.671364,33.36408],[-111.670956,33.363034],[-111.669502,33.364488],[-111.670622,33.364822],[-111.670836,33.365608],[-111.670621,33.373488],[-111.667531,33.376062],[-111.667408,33.377488],[-111.666244,33.378775],[-111.664737,33.378488],[-111.6644,33.377488],[-111.662731,33.376713],[-111.663819,33.375488],[-111.662277,33.374488],[-111.663055,33.373488],[-111.661956,33.371418],[-111.660505,33.373488],[-111.661492,33.373952],[-111.661384,33.374915],[-111.659596,33.375488],[-111.657314,33.378488],[-111.654601,33.378843],[-111.653956,33.376313],[-111.653568,33.378099],[-111.650956,33.378367],[-111.650693,33.379224],[-111.649956,33.37941],[-111.649172,33.375272],[-111.648233,33.373488],[-111.647372,33.373072],[-111.647064,33.37138],[-111.646237,33.371207],[-111.64602,33.369424],[-111.645133,33.369311],[-111.644998,33.366446],[-111.644315,33.366129],[-111.643956,33.363939],[-111.643903,33.366435],[-111.644814,33.36663],[-111.644908,33.369536],[-111.645729,33.369715],[-111.645886,33.371558],[-111.646663,33.371781],[-111.646848,33.373596],[-111.647601,33.373843],[-111.647715,33.375488],[-111.64875,33.376488],[-111.648076,33.379488],[-111.648717,33.380488],[-111.648697,33.383488],[-111.647229,33.38576],[-111.644956,33.384938],[-111.641956,33.384974],[-111.640956,33.386212],[-111.632956,33.385846],[-111.623806,33.386488],[-111.632758,33.386686],[-111.632721,33.389488],[-111.631067,33.393488],[-111.631956,33.393589],[-111.632307,33.394838],[-111.630956,33.395877],[-111.62823,33.396488],[-111.629229,33.398488],[-111.626497,33.400488],[-111.628673,33.401488],[-111.628129,33.403661],[-111.626956,33.40313],[-111.625956,33.404221],[-111.624956,33.404286],[-111.623956,33.402368],[-111.620275,33.403488],[-111.619819,33.40435],[-111.616958,33.404486],[-111.615476,33.403968],[-111.614956,33.401732],[-111.614459,33.40599],[-111.611956,33.407201],[-111.60876,33.407488],[-111.610668,33.407776],[-111.610956,33.40852],[-111.611956,33.407722],[-111.614344,33.4081],[-111.613529,33.410915],[-111.614222,33.413753],[-111.61315,33.413488],[-111.610956,33.41105],[-111.608956,33.414631],[-111.606956,33.4126],[-111.605956,33.414878],[-111.605143,33.414301],[-111.603229,33.414215],[-111.602956,33.413615],[-111.600956,33.415276],[-111.597956,33.414938],[-111.59734,33.415488],[-111.597857,33.416488],[-111.597735,33.417266],[-111.596936,33.417488],[-111.596791,33.419322],[-111.593956,33.420002],[-111.590608,33.422139],[-111.589324,33.42212],[-111.588956,33.421203],[-111.588408,33.421939],[-111.586633,33.422488],[-111.590956,33.423816],[-111.591956,33.423462],[-111.593956,33.424466],[-111.594926,33.424457],[-111.594706,33.423488],[-111.5952,33.423488],[-111.59497,33.424488],[-111.597661,33.426488],[-111.596862,33.427488],[-111.597956,33.429341],[-111.599956,33.423928],[-111.602956,33.426166],[-111.607303,33.426141],[-111.607956,33.428915],[-111.608956,33.425926],[-111.609743,33.428488],[-111.608149,33.429488],[-111.608956,33.430225],[-111.609956,33.42981],[-111.610748,33.430696],[-111.612455,33.430989],[-111.614357,33.433488],[-111.611956,33.434147],[-111.610956,33.433771],[-111.610207,33.434488],[-111.613956,33.435017],[-111.614394,33.435488],[-111.613956,33.436149],[-111.609977,33.436488],[-111.614597,33.438488],[-111.615628,33.439816],[-111.615956,33.44185],[-111.616034,33.439565],[-111.616789,33.439488],[-111.617017,33.438488],[-111.618956,33.437428],[-111.619956,33.438985],[-111.621956,33.437083],[-111.623369,33.437488],[-111.623956,33.441084],[-111.624956,33.440194],[-111.626956,33.440558],[-111.627956,33.442208],[-111.62871,33.441241],[-111.630254,33.44119],[-111.629956,33.442143],[-111.628493,33.442024],[-111.628196,33.442488],[-111.631956,33.442973],[-111.632228,33.443759],[-111.62736,33.444488],[-111.630075,33.445369],[-111.630956,33.446562],[-111.631956,33.445061],[-111.632811,33.447633],[-111.634023,33.447488],[-111.634388,33.450919],[-111.628793,33.451488],[-111.633406,33.452038],[-111.633445,33.452976],[-111.632722,33.453488],[-111.632815,33.455346],[-111.631931,33.455462],[-111.631956,33.455939],[-111.632956,33.455582],[-111.633011,33.454542],[-111.633956,33.453739],[-111.634154,33.451685],[-111.635871,33.451573],[-111.635956,33.452524],[-111.637974,33.45247],[-111.637956,33.452007],[-111.637934,33.452465],[-111.636083,33.452361],[-111.636038,33.451488],[-111.635114,33.45133],[-111.635154,33.446488],[-111.634158,33.445488],[-111.634956,33.444635],[-111.638139,33.444488],[-111.637035,33.443409],[-111.637044,33.441488],[-111.638086,33.440488],[-111.637332,33.439488],[-111.637781,33.437313],[-111.639956,33.43725],[-111.640956,33.437999],[-111.641771,33.437302],[-111.643111,33.437333],[-111.643287,33.440488],[-111.641586,33.441117],[-111.641077,33.444488],[-111.644732,33.444712],[-111.645956,33.445536],[-111.646705,33.443236],[-111.648502,33.442488],[-111.648798,33.43833],[-111.650956,33.438268],[-111.651412,33.439032],[-111.655148,33.440296],[-111.65752,33.442924],[-111.659192,33.443252],[-111.662553,33.446891],[-111.664228,33.447216],[-111.664596,33.448848],[-111.665627,33.449817],[-111.667419,33.450488],[-111.666956,33.451162],[-111.661776,33.451488],[-111.663956,33.45216],[-111.665956,33.451803],[-111.666956,33.452874],[-111.667726,33.452257],[-111.668956,33.452433],[-111.674368,33.457076],[-111.675681,33.460488],[-111.677605,33.462839],[-111.677956,33.464653],[-111.67869,33.464754],[-111.678789,33.466488],[-111.679956,33.467063],[-111.680052,33.466583],[-111.681786,33.466658],[-111.682868,33.467576],[-111.683956,33.472203]]],"type":"Polygon"}},{"type":"Feature","properties":{"station_id":"213","status":"existing","strategy":"all","band":"4min"},"geometry":{"coordinates":[[[-111.651956,33.437874],[-111.652956,33.437736],[-111.65314,33.436671],[-111.653956,33.436596],[-111.656956,33.436993],[-111.658956,33.437974],[-111.66926,33.437488],[-111.666075,33.436369],[-111.663956,33.437075],[-111.662956,33.436278],[-111.661956,33.437033],[-111.661272,33.436172],[-111.659662,33.435782],[-111.65975,33.430281],[-111.663956,33.4301],[-111.665088,33.431619],[-111.665956,33.430052],[-111.667255,33.430189],[-111.667956,33.431428],[-111.668596,33.430127],[-111.669956,33.42993],[-111.67153,33.430914],[-111.671956,33.432517],[-111.673377,33.429908],[-111.675452,33.429488],[-111.667603,33.428841],[-111.667525,33.426488],[-111.668516,33.425488],[-111.668801,33.423332],[-111.673956,33.423233],[-111.674956,33.424952],[-111.676246,33.424778],[-111.676956,33.423165],[-111.679956,33.42593],[-111.68185,33.424381],[-111.681843,33.423374],[-111.682956,33.423201],[-111.684217,33.424748],[-111.682728,33.425259],[-111.679326,33.428857],[-111.677266,33.429488],[-111.679956,33.430286],[-111.680956,33.429749],[-111.683374,33.43207],[-111.683313,33.437131],[-111.683956,33.438257],[-111.684959,33.43549],[-111.68425,33.434488],[-111.686406,33.432488],[-111.685862,33.431393],[-111.687956,33.430929],[-111.688956,33.431261],[-111.691179,33.430488],[-111.688926,33.429518],[-111.686956,33.426962],[-111.686458,33.425488],[-111.687204,33.424735],[-111.689956,33.424714],[-111.691374,33.42407],[-111.692956,33.428613],[-111.693473,33.426004],[-111.695443,33.424488],[-111.693956,33.424204],[-111.693608,33.423139],[-111.697409,33.423035],[-111.697382,33.425488],[-111.697956,33.425802],[-111.698928,33.423459],[-111.70144,33.423488],[-111.702386,33.422488],[-111.697956,33.422095],[-111.696956,33.421222],[-111.69568,33.421764],[-111.694127,33.418488],[-111.692956,33.418027],[-111.691956,33.420019],[-111.690956,33.419298],[-111.689239,33.42077],[-111.687874,33.42057],[-111.687956,33.417393],[-111.693764,33.415488],[-111.688956,33.414905],[-111.68733,33.414114],[-111.685313,33.411488],[-111.685953,33.410488],[-111.684956,33.408422],[-111.683278,33.411488],[-111.683152,33.413683],[-111.681956,33.41367],[-111.681076,33.412368],[-111.679956,33.411588],[-111.678956,33.411797],[-111.677956,33.410825],[-111.676956,33.41224],[-111.674659,33.411785],[-111.6743,33.410144],[-111.673238,33.409488],[-111.673956,33.408996],[-111.674956,33.410035],[-111.676187,33.409718],[-111.676956,33.408382],[-111.677956,33.40971],[-111.678956,33.407842],[-111.679956,33.40894],[-111.680956,33.407977],[-111.681956,33.408604],[-111.683343,33.408488],[-111.682084,33.40736],[-111.678956,33.407178],[-111.676457,33.405987],[-111.675956,33.403603],[-111.674956,33.406139],[-111.672956,33.405047],[-111.671956,33.405624],[-111.671029,33.404415],[-111.669914,33.40553],[-111.669088,33.403488],[-111.669579,33.402488],[-111.668638,33.401488],[-111.670406,33.400488],[-111.668533,33.399488],[-111.669522,33.398488],[-111.668526,33.396918],[-111.667956,33.393839],[-111.667527,33.397058],[-111.666083,33.397488],[-111.665662,33.398488],[-111.667224,33.399488],[-111.666171,33.400488],[-111.667261,33.402183],[-111.667397,33.406928],[-111.660498,33.406945],[-111.658956,33.405754],[-111.657273,33.406804],[-111.652244,33.407488],[-111.653956,33.408606],[-111.655405,33.408039],[-111.656956,33.409159],[-111.65796,33.408484],[-111.659334,33.410488],[-111.658858,33.411488],[-111.657956,33.411909],[-111.656956,33.410853],[-111.654956,33.412769],[-111.653956,33.41294],[-111.652956,33.414545],[-111.651956,33.412461],[-111.650956,33.413684],[-111.649956,33.41289],[-111.648956,33.414189],[-111.647956,33.413447],[-111.643726,33.415488],[-111.644956,33.416253],[-111.645129,33.41566],[-111.646561,33.415883],[-111.646439,33.41697],[-111.645223,33.417221],[-111.644956,33.416652],[-111.642848,33.418379],[-111.641325,33.418119],[-111.640956,33.416819],[-111.639445,33.418488],[-111.639475,33.419488],[-111.637956,33.420222],[-111.636956,33.417709],[-111.635956,33.417437],[-111.635568,33.418488],[-111.636706,33.418738],[-111.636754,33.419488],[-111.636623,33.421488],[-111.635956,33.422137],[-111.633298,33.420488],[-111.633632,33.418488],[-111.632956,33.416367],[-111.631506,33.418488],[-111.632325,33.419488],[-111.630956,33.420323],[-111.630414,33.421945],[-111.629392,33.422052],[-111.628956,33.421487],[-111.628669,33.422201],[-111.625394,33.422488],[-111.631419,33.423025],[-111.632956,33.42714],[-111.633713,33.423245],[-111.635289,33.423155],[-111.635956,33.425891],[-111.636701,33.423488],[-111.637847,33.423488],[-111.639635,33.424488],[-111.638956,33.425682],[-111.640956,33.42774],[-111.641956,33.424522],[-111.643018,33.425549],[-111.643956,33.425319],[-111.645707,33.423238],[-111.649316,33.423128],[-111.649441,33.428003],[-111.649956,33.428523],[-111.650956,33.427056],[-111.653956,33.427128],[-111.655025,33.429488],[-111.654416,33.430488],[-111.655141,33.434488],[-111.654602,33.435133],[-111.652284,33.43616],[-111.650956,33.43542],[-111.649278,33.435488],[-111.647898,33.436488],[-111.648956,33.437411],[-111.650956,33.43693],[-111.651956,33.437874]]],"type":"Polygon"}},{"type":"Feature","properties":{"station_id":"214","status":"existing","strategy":"all","band":"8min"},"geometry":{"coordinates":[[[-111.653729,33.530299],[-111.653799,33.529354],[-111.654797,33.529352],[-111.654974,33.528529],[-111.656729,33.528496],[-111.657197,33.527752],[-111.658915,33.52747],[-111.661729,33.524694],[-111.667061,33.524616],[-111.669101,33.521656],[-111.66945,33.520005],[-111.670729,33.51988],[-111.673729,33.517921],[-111.674729,33.517927],[-111.677729,33.515956],[-111.679729,33.515969],[-111.680729,33.514977],[-111.683161,33.514716],[-111.683537,33.513092],[-111.684729,33.511943],[-111.685729,33.512793],[-111.687047,33.512602],[-111.687417,33.512285],[-111.685503,33.510511],[-111.685467,33.508285],[-111.684475,33.507285],[-111.684584,33.498139],[-111.686544,33.496099],[-111.688255,33.49581],[-111.688729,33.494082],[-111.689729,33.495791],[-111.690535,33.49509],[-111.693729,33.494926],[-111.697729,33.495115],[-111.698729,33.496115],[-111.699729,33.495112],[-111.701372,33.494927],[-111.701636,33.488191],[-111.702454,33.488009],[-111.702729,33.487141],[-111.709338,33.486894],[-111.710624,33.483179],[-111.712827,33.483187],[-111.712084,33.483639],[-111.711921,33.485285],[-111.714232,33.487782],[-111.714729,33.488031],[-111.715729,33.487064],[-111.716173,33.487841],[-111.71786,33.488154],[-111.717729,33.488605],[-111.713651,33.489285],[-111.716729,33.489944],[-111.717729,33.492027],[-111.719501,33.490285],[-111.719729,33.485121],[-111.721729,33.485104],[-111.722118,33.485896],[-111.723872,33.486142],[-111.725213,33.487801],[-111.727713,33.488285],[-111.728729,33.489667],[-111.729781,33.489336],[-111.729929,33.488285],[-111.729096,33.486918],[-111.726566,33.486448],[-111.723564,33.48345],[-111.725345,33.4829],[-111.725729,33.482117],[-111.731742,33.482272],[-111.733729,33.48297],[-111.734729,33.484027],[-111.736729,33.4821],[-111.740729,33.48205],[-111.741729,33.481091],[-111.746729,33.481081],[-111.746796,33.482218],[-111.747846,33.483285],[-111.749729,33.483785],[-111.750729,33.48486],[-111.752729,33.485009],[-111.753729,33.484063],[-111.762729,33.48404],[-111.763729,33.483037],[-111.766729,33.483027],[-111.767729,33.482024],[-111.769729,33.482015],[-111.770413,33.480968],[-111.771729,33.480778],[-111.772729,33.479677],[-111.773729,33.479998],[-111.775232,33.477787],[-111.776729,33.47798],[-111.777261,33.476816],[-111.780178,33.474733],[-111.781932,33.472487],[-111.782236,33.469791],[-111.784729,33.467888],[-111.787476,33.467031],[-111.787729,33.466205],[-111.794729,33.46576],[-111.795729,33.466658],[-111.798729,33.466713],[-111.812691,33.466285],[-111.796729,33.466174],[-111.795958,33.466056],[-111.795821,33.465193],[-111.786729,33.464705],[-111.786411,33.465967],[-111.784729,33.465684],[-111.783379,33.467934],[-111.781933,33.468081],[-111.781729,33.466938],[-111.778041,33.467285],[-111.779729,33.46819],[-111.780729,33.468085],[-111.780896,33.470285],[-111.779414,33.471969],[-111.778999,33.473554],[-111.773015,33.47857],[-111.770729,33.479713],[-111.769729,33.479556],[-111.768729,33.480719],[-111.766729,33.480582],[-111.765729,33.48152],[-111.761729,33.48116],[-111.760729,33.480262],[-111.760368,33.480923],[-111.757729,33.480937],[-111.757019,33.479575],[-111.75775,33.479264],[-111.755729,33.479464],[-111.754953,33.478285],[-111.755729,33.477591],[-111.759037,33.477285],[-111.754388,33.476285],[-111.755242,33.469285],[-111.754387,33.468627],[-111.754197,33.467285],[-111.754729,33.466644],[-111.756729,33.467725],[-111.760408,33.466285],[-111.757729,33.46542],[-111.756729,33.465953],[-111.755729,33.464882],[-111.755206,33.465761],[-111.754325,33.465689],[-111.753729,33.460009],[-111.752136,33.464691],[-111.751398,33.464616],[-111.750729,33.46359],[-111.748729,33.463986],[-111.747673,33.463228],[-111.743787,33.463227],[-111.743729,33.462027],[-111.742729,33.461958],[-111.741729,33.462742],[-111.737326,33.462881],[-111.738037,33.465285],[-111.736458,33.465285],[-111.736502,33.460057],[-111.739489,33.459285],[-111.736495,33.458519],[-111.736438,33.452993],[-111.740729,33.452383],[-111.744729,33.452597],[-111.745729,33.453139],[-111.746729,33.452495],[-111.749487,33.452285],[-111.748729,33.451761],[-111.747088,33.451926],[-111.746729,33.450885],[-111.746369,33.451924],[-111.745729,33.452056],[-111.738729,33.450713],[-111.736426,33.451588],[-111.735981,33.446285],[-111.736795,33.445285],[-111.736729,33.444117],[-111.73605,33.443964],[-111.734729,33.446861],[-111.733664,33.44635],[-111.732986,33.445028],[-111.729729,33.444405],[-111.728729,33.44498],[-111.72495,33.445285],[-111.723463,33.446551],[-111.721753,33.443285],[-111.72277,33.442285],[-111.721941,33.439285],[-111.722729,33.438558],[-111.723729,33.438808],[-111.728185,33.437285],[-111.724729,33.436248],[-111.722729,33.436803],[-111.720729,33.435849],[-111.720176,33.435285],[-111.720615,33.434285],[-111.719123,33.433285],[-111.720041,33.432285],[-111.720012,33.431002],[-111.718729,33.429442],[-111.717976,33.433531],[-111.716435,33.43599],[-111.712486,33.436528],[-111.712435,33.43599],[-111.714098,33.435653],[-111.715168,33.434285],[-111.713188,33.432826],[-111.713061,33.431616],[-111.714462,33.431285],[-111.715358,33.430285],[-111.71284,33.429285],[-111.711063,33.426951],[-111.710729,33.425206],[-111.710362,33.426918],[-111.708989,33.427545],[-111.702345,33.426285],[-111.707411,33.425285],[-111.706489,33.424285],[-111.707399,33.423954],[-111.710729,33.423939],[-111.712055,33.423285],[-111.710683,33.422285],[-111.70694,33.422074],[-111.705729,33.420784],[-111.703891,33.420285],[-111.703166,33.419285],[-111.704024,33.418285],[-111.70254,33.417285],[-111.703265,33.415285],[-111.701729,33.41443],[-111.700973,33.415285],[-111.701229,33.416285],[-111.699965,33.418285],[-111.700855,33.41941],[-111.698379,33.421285],[-111.696729,33.421154],[-111.694729,33.422839],[-111.692729,33.422262],[-111.692016,33.423285],[-111.695954,33.42406],[-111.694915,33.425285],[-111.696729,33.425645],[-111.697292,33.426285],[-111.696729,33.426859],[-111.693729,33.427228],[-111.692729,33.424976],[-111.689462,33.431285],[-111.690498,33.432285],[-111.687383,33.434938],[-111.68718,33.435735],[-111.685729,33.436075],[-111.685208,33.435285],[-111.685729,33.434531],[-111.687169,33.434285],[-111.686217,33.433285],[-111.686913,33.430285],[-111.68543,33.429584],[-111.684729,33.427073],[-111.684252,33.429807],[-111.682499,33.430285],[-111.684034,33.43198],[-111.683432,33.433285],[-111.684074,33.435285],[-111.683544,33.436285],[-111.682304,33.43671],[-111.680729,33.435505],[-111.678729,33.435815],[-111.678203,33.436758],[-111.676268,33.437285],[-111.678933,33.438081],[-111.679729,33.43893],[-111.681729,33.43841],[-111.683041,33.440285],[-111.678287,33.441285],[-111.679729,33.44219],[-111.680729,33.441672],[-111.683139,33.442285],[-111.680729,33.442825],[-111.679729,33.442344],[-111.677729,33.443092],[-111.677729,33.44332],[-111.680103,33.443911],[-111.680068,33.444623],[-111.676578,33.445285],[-111.679174,33.44584],[-111.679384,33.446939],[-111.676729,33.447664],[-111.675669,33.447345],[-111.676053,33.445961],[-111.674569,33.444445],[-111.674028,33.442285],[-111.67266,33.442215],[-111.67299,33.443285],[-111.671882,33.446285],[-111.673147,33.446867],[-111.674228,33.448783],[-111.671331,33.448683],[-111.670734,33.44728],[-111.668729,33.448584],[-111.666581,33.447433],[-111.663251,33.443763],[-111.661568,33.443446],[-111.658221,33.439793],[-111.656552,33.439462],[-111.655452,33.438285],[-111.666729,33.437548],[-111.668385,33.438285],[-111.668729,33.439168],[-111.670202,33.437757],[-111.672185,33.437285],[-111.671729,33.436734],[-111.671667,33.437222],[-111.669888,33.437126],[-111.668729,33.436414],[-111.666729,33.437107],[-111.659437,33.436577],[-111.658898,33.429453],[-111.65939,33.429285],[-111.658729,33.42874],[-111.657922,33.430285],[-111.657984,33.433285],[-111.655309,33.435285],[-111.656189,33.435825],[-111.655729,33.436654],[-111.648098,33.434916],[-111.647729,33.434193],[-111.643073,33.432941],[-111.642845,33.432169],[-111.641017,33.431997],[-111.637138,33.428876],[-111.63692,33.415285],[-111.637982,33.413537],[-111.6388,33.413355],[-111.638919,33.412474],[-111.639799,33.412355],[-111.639857,33.411412],[-111.640757,33.411285],[-111.640729,33.407172],[-111.640522,33.410077],[-111.639669,33.410224],[-111.639467,33.412022],[-111.638644,33.412199],[-111.638462,33.413017],[-111.636645,33.4142],[-111.636328,33.416883],[-111.635504,33.417285],[-111.635475,33.418285],[-111.636507,33.419507],[-111.636378,33.421933],[-111.635438,33.422993],[-111.635433,33.427285],[-111.636326,33.428285],[-111.636412,33.429602],[-111.638152,33.430862],[-111.639308,33.432706],[-111.641729,33.432664],[-111.642729,33.433942],[-111.644138,33.433876],[-111.644569,33.435124],[-111.640729,33.434487],[-111.639729,33.435147],[-111.638729,33.434521],[-111.633945,33.437285],[-111.635846,33.437401],[-111.637729,33.436563],[-111.640729,33.43666],[-111.641445,33.437569],[-111.643127,33.437887],[-111.645448,33.439566],[-111.645729,33.440377],[-111.647485,33.438285],[-111.65096,33.438054],[-111.654909,33.440105],[-111.655241,33.440773],[-111.656833,33.441181],[-111.660217,33.444797],[-111.661883,33.445132],[-111.667063,33.450285],[-111.666729,33.450721],[-111.659729,33.450656],[-111.657729,33.448977],[-111.654729,33.44825],[-111.654335,33.450285],[-111.652729,33.450702],[-111.651874,33.450285],[-111.651664,33.447219],[-111.651058,33.447285],[-111.651548,33.447466],[-111.651172,33.448727],[-111.649729,33.449305],[-111.648729,33.450937],[-111.64218,33.451285],[-111.649216,33.451798],[-111.649139,33.454285],[-111.649729,33.455172],[-111.650729,33.451904],[-111.652729,33.452968],[-111.654824,33.45219],[-111.654568,33.453285],[-111.656729,33.453687],[-111.657603,33.452158],[-111.658389,33.452285],[-111.658108,33.453285],[-111.658729,33.454319],[-111.662507,33.452507],[-111.663729,33.457588],[-111.664729,33.455636],[-111.665729,33.456555],[-111.666729,33.455734],[-111.667307,33.456285],[-111.667483,33.458038],[-111.666039,33.459595],[-111.664729,33.460188],[-111.662729,33.458915],[-111.661524,33.460285],[-111.662071,33.460943],[-111.661729,33.461672],[-111.660729,33.461123],[-111.659729,33.462135],[-111.658729,33.460322],[-111.65803,33.460585],[-111.65731,33.461865],[-111.656284,33.462285],[-111.658119,33.462895],[-111.657729,33.463757],[-111.655729,33.463988],[-111.653729,33.461438],[-111.653126,33.463681],[-111.650729,33.463923],[-111.650279,33.462834],[-111.651749,33.462285],[-111.650242,33.461772],[-111.650044,33.460599],[-111.650692,33.460285],[-111.649729,33.460037],[-111.648272,33.462285],[-111.649331,33.463285],[-111.64821,33.464285],[-111.649128,33.464886],[-111.648729,33.465785],[-111.646328,33.465686],[-111.645729,33.463857],[-111.644729,33.465995],[-111.642729,33.46597],[-111.641729,33.465228],[-111.638677,33.465285],[-111.639729,33.466627],[-111.641729,33.46716],[-111.642729,33.466542],[-111.646729,33.467586],[-111.649019,33.466995],[-111.649729,33.472838],[-111.651851,33.469406],[-111.651012,33.468285],[-111.651729,33.467709],[-111.652729,33.467819],[-111.653729,33.46668],[-111.654729,33.467703],[-111.656729,33.467793],[-111.657971,33.467043],[-111.658432,33.468582],[-111.659543,33.469285],[-111.658866,33.470285],[-111.661729,33.471573],[-111.662696,33.473318],[-111.664596,33.471285],[-111.665729,33.470847],[-111.666165,33.471285],[-111.665933,33.472285],[-111.66664,33.473285],[-111.665033,33.473589],[-111.661883,33.476438],[-111.660431,33.476986],[-111.660132,33.478687],[-111.659234,33.479285],[-111.657929,33.482285],[-111.657448,33.485285],[-111.659757,33.486257],[-111.65996,33.487515],[-111.651729,33.489025],[-111.650797,33.488217],[-111.649794,33.48822],[-111.649729,33.487148],[-111.649683,33.488331],[-111.650729,33.489479],[-111.655729,33.490047],[-111.658729,33.492167],[-111.662729,33.488874],[-111.663609,33.492405],[-111.664621,33.493393],[-111.665729,33.492572],[-111.667729,33.492601],[-111.668729,33.494677],[-111.669386,33.493941],[-111.670729,33.493846],[-111.672729,33.495363],[-111.673729,33.49491],[-111.675223,33.495778],[-111.676729,33.494686],[-111.677729,33.495122],[-111.680729,33.494184],[-111.682076,33.492631],[-111.682076,33.491938],[-111.680729,33.491721],[-111.679729,33.492631],[-111.679429,33.491285],[-111.682307,33.490285],[-111.682456,33.487285],[-111.681447,33.486285],[-111.682395,33.485285],[-111.681523,33.484285],[-111.682892,33.482285],[-111.682957,33.501285],[-111.681069,33.502285],[-111.682929,33.505085],[-111.682989,33.508285],[-111.683995,33.509285],[-111.683003,33.510285],[-111.682919,33.511474],[-111.680729,33.513592],[-111.679272,33.513827],[-111.678729,33.514606],[-111.676729,33.514621],[-111.673729,33.516649],[-111.672313,33.516868],[-111.671729,33.517668],[-111.670326,33.517881],[-111.669729,33.518692],[-111.668346,33.518901],[-111.667046,33.522601],[-111.666062,33.523617],[-111.660471,33.524026],[-111.658204,33.52676],[-111.654652,33.528207],[-111.654538,33.529093],[-111.653697,33.529285],[-111.653729,33.530299]]],"type":"Polygon"}},{"type":"Feature","properties":{"station_id":"214","status":"existing","strategy":"all","band":"4min"},"geometry":{"coordinates":[[[-111.698729,33.495761],[-111.7011,33.494285],[-111.701515,33.48807],[-111.702729,33.486948],[-111.708798,33.486353],[-111.710444,33.482999],[-111.712962,33.483052],[-111.712384,33.48463],[-111.713729,33.486718],[-111.715271,33.486285],[-111.71436,33.485654],[-111.714729,33.484824],[-111.717032,33.484982],[-111.716992,33.486285],[-111.718729,33.488295],[-111.719418,33.484973],[-111.721729,33.484638],[-111.723376,33.485285],[-111.722729,33.484112],[-111.719433,33.483581],[-111.719729,33.482758],[-111.723729,33.482807],[-111.725729,33.481781],[-111.731729,33.481427],[-111.735729,33.481868],[-111.737939,33.481494],[-111.738729,33.480686],[-111.745211,33.480285],[-111.737729,33.480034],[-111.73749,33.481045],[-111.736729,33.481153],[-111.735729,33.480693],[-111.728557,33.481112],[-111.723729,33.480773],[-111.722729,33.481894],[-111.719421,33.480593],[-111.719155,33.474285],[-111.720368,33.473285],[-111.719045,33.472285],[-111.719008,33.466563],[-111.724818,33.466285],[-111.719292,33.465722],[-111.718729,33.462216],[-111.718144,33.4657],[-111.716347,33.465667],[-111.716729,33.464045],[-111.714729,33.463532],[-111.712729,33.465255],[-111.712219,33.463285],[-111.712794,33.462285],[-111.711777,33.461285],[-111.71285,33.458405],[-111.711729,33.45724],[-111.708729,33.457924],[-111.707729,33.458853],[-111.706729,33.456349],[-111.705652,33.457285],[-111.706285,33.458285],[-111.705729,33.458778],[-111.704425,33.458589],[-111.703729,33.457615],[-111.702444,33.45757],[-111.702408,33.455963],[-111.705411,33.455285],[-111.703476,33.454538],[-111.70351,33.453065],[-111.708685,33.452285],[-111.706037,33.450977],[-111.703293,33.450721],[-111.701729,33.445834],[-111.700902,33.448285],[-111.701452,33.448562],[-111.701425,33.450285],[-111.700157,33.451712],[-111.698218,33.451796],[-111.696729,33.451109],[-111.696314,33.451869],[-111.694709,33.452285],[-111.70004,33.452974],[-111.700057,33.456612],[-111.697595,33.457285],[-111.69712,33.458675],[-111.696338,33.458676],[-111.695729,33.457811],[-111.694729,33.458895],[-111.692729,33.456445],[-111.691274,33.45883],[-111.690352,33.459285],[-111.691729,33.459431],[-111.692155,33.46071],[-111.689952,33.461285],[-111.689942,33.462497],[-111.686729,33.464787],[-111.684622,33.463392],[-111.684846,33.462285],[-111.683729,33.460691],[-111.68268,33.465285],[-111.682324,33.465879],[-111.680729,33.466056],[-111.679024,33.463991],[-111.675876,33.457138],[-111.675125,33.456889],[-111.674851,33.455285],[-111.673818,33.455196],[-111.673729,33.45423],[-111.672807,33.454207],[-111.672729,33.453627],[-111.672716,33.454298],[-111.673688,33.454326],[-111.673692,33.455322],[-111.674644,33.45537],[-111.674529,33.457285],[-111.675579,33.457435],[-111.675455,33.459285],[-111.676519,33.459495],[-111.676386,33.461285],[-111.677477,33.461537],[-111.677336,33.463285],[-111.678447,33.463567],[-111.678169,33.466285],[-111.680349,33.467665],[-111.680211,33.469285],[-111.682299,33.470715],[-111.682166,33.472285],[-111.68329,33.474285],[-111.682729,33.479236],[-111.681729,33.478723],[-111.68125,33.477285],[-111.679923,33.476092],[-111.679075,33.475939],[-111.678729,33.475136],[-111.677878,33.475285],[-111.678553,33.475461],[-111.67926,33.478285],[-111.680108,33.478906],[-111.680172,33.480727],[-111.679007,33.483562],[-111.676564,33.484285],[-111.679282,33.484732],[-111.678729,33.487714],[-111.679729,33.486725],[-111.681464,33.482019],[-111.683028,33.481986],[-111.683729,33.493669],[-111.684,33.491555],[-111.684729,33.490837],[-111.68617,33.491285],[-111.687729,33.492817],[-111.689147,33.492702],[-111.689258,33.492285],[-111.688114,33.4919],[-111.688072,33.490285],[-111.691729,33.489041],[-111.692479,33.485034],[-111.693143,33.484871],[-111.693729,33.485799],[-111.696729,33.485803],[-111.697287,33.490285],[-111.695695,33.491285],[-111.695951,33.492285],[-111.691729,33.493709],[-111.690685,33.493285],[-111.690691,33.494246],[-111.692729,33.494466],[-111.692967,33.493523],[-111.693729,33.493446],[-111.694729,33.494548],[-111.695729,33.493921],[-111.698729,33.495761]]],"type":"Polygon"}},{"type":"Feature","properties":{"station_id":"215","status":"existing","strategy":"all","band":"8min"},"geometry":{"coordinates":[[[-111.670615,33.33099],[-111.670983,33.327715],[-111.675615,33.327637],[-111.677772,33.326191],[-111.681046,33.326778],[-111.684615,33.321848],[-111.686139,33.324348],[-111.686615,33.327677],[-111.687499,33.325348],[-111.687067,33.324348],[-111.688212,33.322944],[-111.691615,33.322469],[-111.691905,33.321637],[-111.693636,33.321348],[-111.688357,33.320606],[-111.686615,33.316442],[-111.685645,33.319377],[-111.684615,33.317942],[-111.682058,33.32179],[-111.679288,33.319348],[-111.67938,33.315113],[-111.681615,33.313508],[-111.68328,33.309012],[-111.685897,33.30863],[-111.687432,33.307348],[-111.686738,33.306225],[-111.687651,33.303348],[-111.687004,33.302348],[-111.687144,33.297348],[-111.688001,33.296962],[-111.688615,33.298316],[-111.689654,33.297348],[-111.688885,33.296078],[-111.687615,33.295876],[-111.687009,33.294954],[-111.687551,33.291283],[-111.688327,33.290348],[-111.686998,33.289965],[-111.687077,33.288809],[-111.690197,33.288766],[-111.69151,33.290453],[-111.695934,33.291029],[-111.696615,33.291854],[-111.697976,33.291987],[-111.6985,33.293463],[-111.703461,33.293502],[-111.703615,33.29467],[-111.70409,33.292822],[-111.705955,33.292348],[-111.701615,33.29201],[-111.697952,33.290011],[-111.697861,33.288593],[-111.699615,33.286843],[-111.700615,33.28368],[-111.699615,33.283994],[-111.699092,33.285825],[-111.696615,33.286565],[-111.695674,33.285289],[-111.693814,33.285149],[-111.693657,33.284306],[-111.692615,33.283819],[-111.692228,33.284348],[-111.693197,33.285348],[-111.691982,33.287348],[-111.688387,33.287576],[-111.688352,33.285348],[-111.690119,33.283851],[-111.690719,33.282451],[-111.688904,33.281059],[-111.688574,33.279306],[-111.69362,33.278348],[-111.689615,33.278148],[-111.687789,33.277174],[-111.686831,33.275132],[-111.686615,33.271031],[-111.686181,33.275348],[-111.684305,33.276348],[-111.686038,33.276925],[-111.685999,33.277731],[-111.682615,33.277866],[-111.68106,33.277348],[-111.679943,33.27602],[-111.679988,33.27372],[-111.680615,33.273164],[-111.677129,33.272834],[-111.674811,33.270152],[-111.673943,33.26802],[-111.670615,33.268535],[-111.670615,33.26639],[-111.671615,33.266863],[-111.673332,33.266064],[-111.676742,33.266221],[-111.677615,33.268559],[-111.678111,33.266843],[-111.67929,33.266022],[-111.682976,33.266348],[-111.681615,33.265159],[-111.678767,33.264348],[-111.677615,33.264168],[-111.676615,33.26477],[-111.671615,33.26382],[-111.670191,33.262772],[-111.670293,33.259025],[-111.671706,33.258438],[-111.670172,33.257791],[-111.668914,33.256348],[-111.668615,33.252578],[-111.667882,33.255348],[-111.668317,33.256348],[-111.666763,33.258348],[-111.668615,33.258637],[-111.669238,33.259348],[-111.667351,33.261083],[-111.667615,33.261956],[-111.668615,33.261788],[-111.669084,33.262348],[-111.667933,33.263666],[-111.666262,33.263701],[-111.666825,33.262138],[-111.664258,33.26199],[-111.661615,33.262158],[-111.660615,33.263073],[-111.656471,33.263348],[-111.660615,33.26375],[-111.662615,33.264815],[-111.664615,33.264113],[-111.666615,33.267084],[-111.667207,33.265939],[-111.668615,33.265755],[-111.668999,33.269348],[-111.667615,33.270825],[-111.666485,33.271217],[-111.659313,33.27065],[-111.658615,33.269677],[-111.657535,33.269428],[-111.657973,33.268348],[-111.657344,33.267348],[-111.655314,33.267046],[-111.654615,33.267434],[-111.652128,33.265835],[-111.651793,33.263525],[-111.65273,33.263348],[-111.651776,33.263187],[-111.651615,33.26245],[-111.65116,33.264892],[-111.649918,33.265045],[-111.648615,33.264214],[-111.647615,33.264267],[-111.647619,33.264351],[-111.648563,33.2644],[-111.648615,33.265384],[-111.650452,33.265511],[-111.650615,33.266457],[-111.652307,33.266656],[-111.653447,33.268516],[-111.655057,33.268906],[-111.656283,33.27068],[-111.659748,33.27248],[-111.657435,33.275348],[-111.653681,33.276282],[-111.652615,33.275327],[-111.651615,33.27793],[-111.650615,33.277067],[-111.649615,33.277116],[-111.648615,33.2781],[-111.647528,33.27726],[-111.646615,33.277491],[-111.646557,33.278405],[-111.648615,33.27904],[-111.655615,33.278888],[-111.656615,33.280294],[-111.65804,33.280772],[-111.657775,33.280348],[-111.658615,33.279751],[-111.659615,33.279857],[-111.659837,33.280569],[-111.658131,33.280863],[-111.657615,33.281768],[-111.656164,33.281896],[-111.655615,33.283738],[-111.655003,33.282348],[-111.655375,33.281348],[-111.653926,33.280037],[-111.652245,33.279978],[-111.651615,33.282719],[-111.644615,33.283167],[-111.642615,33.2828],[-111.641615,33.280862],[-111.640615,33.28083],[-111.639615,33.279564],[-111.638933,33.284665],[-111.636615,33.284882],[-111.636,33.284348],[-111.63576,33.281348],[-111.634842,33.280348],[-111.634741,33.277473],[-111.63548,33.277348],[-111.634615,33.276921],[-111.634305,33.283037],[-111.633114,33.284846],[-111.632067,33.285348],[-111.633615,33.285626],[-111.634262,33.286348],[-111.634615,33.292145],[-111.634969,33.286348],[-111.635615,33.28579],[-111.651615,33.286039],[-111.652615,33.288594],[-111.653404,33.286136],[-111.655615,33.286069],[-111.656615,33.290133],[-111.657615,33.289525],[-111.658615,33.290505],[-111.659615,33.289659],[-111.665615,33.28991],[-111.666461,33.286193],[-111.66875,33.286213],[-111.668786,33.293348],[-111.667615,33.292495],[-111.66691,33.292643],[-111.666615,33.293493],[-111.661946,33.293678],[-111.661946,33.295017],[-111.666753,33.295348],[-111.66487,33.296602],[-111.664699,33.297431],[-111.663861,33.297593],[-111.663696,33.298428],[-111.662851,33.298584],[-111.662693,33.299425],[-111.659864,33.299596],[-111.659738,33.302348],[-111.65986,33.303103],[-111.661696,33.303267],[-111.661875,33.304088],[-111.663615,33.305199],[-111.666131,33.304863],[-111.666519,33.303251],[-111.667756,33.303207],[-111.667839,33.305348],[-111.668813,33.306348],[-111.667861,33.309348],[-111.668847,33.310348],[-111.669134,33.311829],[-111.670772,33.312191],[-111.671615,33.313105],[-111.673789,33.313174],[-111.674615,33.315026],[-111.676906,33.314348],[-111.676168,33.317348],[-111.678977,33.321348],[-111.676533,33.322348],[-111.678052,33.322911],[-111.678014,33.323746],[-111.672795,33.326168],[-111.665615,33.327036],[-111.663699,33.326348],[-111.662931,33.326348],[-111.663582,33.326381],[-111.663615,33.327445],[-111.670275,33.327688],[-111.670615,33.33099]]],"type":"Polygon"}},{"type":"Feature","properties":{"station_id":"215","status":"existing","strategy":"all","band":"4min"},"geometry":{"coordinates":[[[-111.669615,33.307],[-111.669961,33.305693],[-111.672811,33.303348],[-111.673984,33.300348],[-111.673582,33.299348],[-111.670193,33.296348],[-111.67027,33.294002],[-111.670853,33.293348],[-111.670049,33.292348],[-111.669615,33.285321],[-111.66915,33.293348],[-111.668615,33.293707],[-111.667615,33.292707],[-111.666615,33.293695],[-111.662273,33.294005],[-111.662615,33.294862],[-111.666923,33.295348],[-111.66276,33.299492],[-111.66011,33.299842],[-111.659842,33.301348],[-111.660093,33.30287],[-111.66177,33.303193],[-111.663615,33.304983],[-111.667615,33.30255],[-111.669976,33.302708],[-111.671615,33.300399],[-111.672033,33.301765],[-111.67036,33.303092],[-111.670321,33.304053],[-111.669443,33.304348],[-111.669615,33.307]]],"type":"Polygon"}},{"type":"Feature","properties":{"station_id":"216","status":"existing","strategy":"all","band":"8min"},"geometry":{"coordinates":[[[-111.61626,33.524276],[-111.61654,33.522541],[-111.617367,33.522369],[-111.617741,33.520742],[-111.618519,33.520262],[-111.618604,33.518262],[-111.619635,33.517262],[-111.619732,33.513262],[-111.618763,33.512262],[-111.618803,33.509262],[-111.617829,33.508262],[-111.617843,33.507262],[-111.618857,33.506262],[-111.618909,33.50191],[-111.618916,33.500262],[-111.617932,33.499262],[-111.617969,33.494262],[-111.618738,33.493739],[-111.620086,33.490087],[-111.62526,33.489796],[-111.62626,33.488839],[-111.62726,33.48988],[-111.627495,33.489496],[-111.62755,33.487972],[-111.623028,33.484262],[-111.623804,33.483805],[-111.624112,33.482113],[-111.625473,33.482049],[-111.62626,33.482887],[-111.626886,33.482262],[-111.626049,33.479262],[-111.626845,33.478846],[-111.627059,33.476262],[-111.627866,33.475867],[-111.628132,33.474133],[-111.628878,33.473879],[-111.629136,33.472137],[-111.62989,33.471891],[-111.63008,33.469262],[-111.630905,33.468907],[-111.63126,33.467083],[-111.631787,33.472735],[-111.63261,33.473262],[-111.632885,33.474637],[-111.634414,33.475108],[-111.636688,33.477262],[-111.63526,33.478717],[-111.634411,33.478262],[-111.634261,33.477262],[-111.63326,33.476923],[-111.631948,33.479262],[-111.63226,33.480648],[-111.633057,33.480058],[-111.63526,33.480525],[-111.63626,33.479861],[-111.63826,33.479934],[-111.63926,33.480791],[-111.640037,33.480039],[-111.64126,33.479999],[-111.641795,33.481727],[-111.64326,33.481969],[-111.64426,33.482974],[-111.645511,33.482011],[-111.645761,33.482761],[-111.64726,33.483021],[-111.64839,33.484132],[-111.64742,33.485421],[-111.645791,33.485792],[-111.644728,33.487262],[-111.646671,33.488262],[-111.645765,33.489262],[-111.64626,33.494668],[-111.648649,33.49265],[-111.64926,33.490969],[-111.650606,33.491262],[-111.651046,33.495476],[-111.65355,33.494551],[-111.65426,33.490022],[-111.654922,33.4926],[-111.656584,33.492938],[-111.65726,33.493695],[-111.659646,33.493876],[-111.66026,33.494564],[-111.66226,33.494638],[-111.663119,33.49312],[-111.66426,33.493885],[-111.66526,33.493691],[-111.66626,33.492752],[-111.668677,33.492678],[-111.66926,33.491895],[-111.66926,33.494023],[-111.67126,33.492603],[-111.671881,33.492641],[-111.67226,33.493526],[-111.67326,33.493377],[-111.67426,33.494104],[-111.67526,33.493064],[-111.67826,33.492775],[-111.67926,33.493594],[-111.681065,33.493457],[-111.68126,33.494313],[-111.681936,33.482262],[-111.68341,33.482112],[-111.683642,33.501262],[-111.68191,33.502262],[-111.68226,33.50298],[-111.68326,33.502786],[-111.683668,33.503262],[-111.683783,33.510262],[-111.681688,33.51369],[-111.680054,33.514055],[-111.67926,33.514993],[-111.67726,33.515075],[-111.676925,33.515926],[-111.675206,33.516207],[-111.675217,33.517219],[-111.67422,33.517262],[-111.675274,33.517275],[-111.675422,33.516423],[-111.67726,33.516435],[-111.677652,33.515653],[-111.68026,33.51555],[-111.68126,33.514599],[-111.683295,33.514296],[-111.683884,33.511886],[-111.685228,33.511262],[-111.684738,33.510262],[-111.684963,33.497964],[-111.685767,33.495769],[-111.688479,33.495481],[-111.688976,33.492977],[-111.689662,33.49286],[-111.69026,33.494814],[-111.69226,33.494782],[-111.69326,33.493809],[-111.69426,33.494641],[-111.69826,33.494516],[-111.699748,33.495262],[-111.69926,33.493062],[-111.69726,33.493924],[-111.69626,33.492965],[-111.689897,33.492625],[-111.689736,33.491786],[-111.688027,33.490496],[-111.688035,33.490036],[-111.68926,33.489806],[-111.691217,33.491218],[-111.69226,33.490439],[-111.691596,33.487262],[-111.69326,33.4849],[-111.694083,33.485439],[-111.697038,33.485484],[-111.69726,33.486437],[-111.699722,33.4868],[-111.698695,33.489262],[-111.69926,33.490466],[-111.700801,33.487802],[-111.705127,33.485262],[-111.70426,33.483769],[-111.703842,33.484843],[-111.702899,33.484623],[-111.702923,33.483924],[-111.70726,33.482181],[-111.71226,33.482267],[-111.71426,33.483797],[-111.716216,33.483306],[-111.71626,33.483695],[-111.71626,33.48325],[-111.714591,33.482931],[-111.714627,33.481895],[-111.713762,33.48176],[-111.71354,33.481262],[-111.71426,33.480853],[-111.714794,33.481728],[-111.717594,33.481928],[-111.718028,33.483262],[-111.71732,33.484262],[-111.71826,33.484827],[-111.719578,33.484262],[-111.718608,33.483914],[-111.718493,33.483262],[-111.71946,33.482461],[-111.72426,33.482733],[-111.72526,33.48172],[-111.73826,33.481412],[-111.738587,33.480588],[-111.741895,33.480262],[-111.73826,33.480145],[-111.738146,33.481148],[-111.73726,33.481187],[-111.72426,33.480799],[-111.72326,33.481934],[-111.72126,33.48192],[-111.72026,33.480735],[-111.718456,33.480262],[-111.719454,33.477262],[-111.719213,33.475262],[-111.72064,33.473262],[-111.720057,33.472262],[-111.72038,33.470262],[-111.718896,33.468626],[-111.718878,33.466879],[-111.72026,33.466652],[-111.721506,33.467507],[-111.72426,33.467669],[-111.72826,33.466388],[-111.733135,33.466387],[-111.73326,33.467143],[-111.73526,33.466479],[-111.735952,33.46657],[-111.73626,33.467879],[-111.736709,33.46671],[-111.737995,33.466262],[-111.736497,33.466025],[-111.73626,33.465512],[-111.72626,33.466104],[-111.718969,33.465553],[-111.71926,33.463635],[-111.720524,33.463525],[-111.721801,33.460802],[-111.722964,33.460262],[-111.723363,33.459262],[-111.721643,33.458879],[-111.71926,33.456641],[-111.717878,33.457879],[-111.717626,33.459627],[-111.71626,33.459826],[-111.71574,33.459262],[-111.716297,33.458262],[-111.715176,33.457262],[-111.715539,33.455983],[-111.714176,33.454262],[-111.712039,33.453262],[-111.71826,33.452416],[-111.71906,33.452462],[-111.71926,33.453096],[-111.720383,33.452262],[-111.71926,33.450828],[-111.718419,33.45142],[-111.71726,33.451105],[-111.71626,33.45195],[-111.71526,33.450956],[-111.71426,33.451731],[-111.71326,33.450847],[-111.71088,33.450642],[-111.711297,33.449225],[-111.710345,33.448262],[-111.70726,33.448083],[-111.70526,33.44867],[-111.704478,33.448262],[-111.706608,33.444262],[-111.70626,33.443812],[-111.70426,33.44399],[-111.703211,33.443262],[-111.703418,33.442104],[-111.701718,33.438262],[-111.702001,33.437262],[-111.69424,33.436282],[-111.693575,33.435262],[-111.694489,33.434262],[-111.69326,33.432117],[-111.692013,33.434262],[-111.692458,33.43646],[-111.691054,33.436468],[-111.69026,33.434089],[-111.688462,33.435262],[-111.68825,33.436262],[-111.686937,33.436262],[-111.688171,33.435262],[-111.687819,33.434262],[-111.688574,33.433262],[-111.688546,33.431262],[-111.691678,33.430262],[-111.69026,33.429538],[-111.68926,33.429715],[-111.68826,33.428835],[-111.687525,33.429526],[-111.686825,33.429262],[-111.687239,33.428262],[-111.685315,33.427207],[-111.685494,33.423262],[-111.68426,33.421993],[-111.683958,33.425959],[-111.681454,33.428456],[-111.677566,33.429262],[-111.683594,33.431928],[-111.682828,33.433262],[-111.683659,33.434262],[-111.683448,33.436449],[-111.68226,33.436119],[-111.68126,33.434423],[-111.68026,33.43588],[-111.678877,33.435645],[-111.67826,33.434759],[-111.67726,33.436758],[-111.67626,33.435234],[-111.67526,33.436416],[-111.672673,33.435849],[-111.67226,33.434364],[-111.671838,33.436839],[-111.667799,33.437262],[-111.672594,33.437928],[-111.67626,33.439454],[-111.67726,33.438579],[-111.67926,33.44008],[-111.681828,33.439694],[-111.682279,33.44028],[-111.67826,33.440703],[-111.677684,33.442685],[-111.67657,33.443262],[-111.680658,33.444262],[-111.67726,33.444827],[-111.67626,33.443823],[-111.67526,33.444871],[-111.674517,33.441262],[-111.67226,33.441888],[-111.67126,33.439858],[-111.669003,33.439262],[-111.669156,33.441366],[-111.671169,33.443353],[-111.670895,33.444896],[-111.669738,33.446262],[-111.669485,33.449486],[-111.666755,33.446767],[-111.665085,33.446437],[-111.661737,33.442785],[-111.659949,33.442573],[-111.655903,33.438262],[-111.65626,33.437777],[-111.666691,33.437262],[-111.658876,33.436646],[-111.65826,33.432551],[-111.657065,33.435457],[-111.657302,33.436303],[-111.65626,33.435841],[-111.655628,33.436629],[-111.653906,33.436616],[-111.650393,33.435129],[-111.647595,33.434927],[-111.647372,33.43415],[-111.645503,33.434019],[-111.644843,33.433262],[-111.642514,33.433008],[-111.642349,33.432173],[-111.637678,33.429844],[-111.637457,33.428065],[-111.636524,33.427262],[-111.636685,33.423262],[-111.63775,33.422262],[-111.636701,33.420821],[-111.63626,33.41532],[-111.635722,33.421723],[-111.634622,33.4219],[-111.633407,33.421115],[-111.63326,33.419107],[-111.63226,33.417983],[-111.631016,33.422017],[-111.62879,33.422262],[-111.63126,33.422573],[-111.631631,33.424262],[-111.628998,33.428262],[-111.62716,33.429262],[-111.628536,33.429986],[-111.628138,33.431262],[-111.629126,33.432262],[-111.63126,33.432671],[-111.631489,33.43349],[-111.625641,33.433881],[-111.62426,33.432394],[-111.623124,33.433262],[-111.623831,33.434262],[-111.622622,33.435623],[-111.620811,33.435711],[-111.61926,33.433778],[-111.617674,33.436675],[-111.61626,33.436958],[-111.615594,33.436262],[-111.616711,33.435262],[-111.615683,33.434839],[-111.61526,33.432169],[-111.614962,33.433963],[-111.614279,33.434262],[-111.614908,33.434614],[-111.614711,33.436712],[-111.611661,33.437262],[-111.61326,33.437481],[-111.6141,33.438262],[-111.613705,33.440706],[-111.612226,33.441262],[-111.613699,33.441823],[-111.613506,33.443262],[-111.61467,33.444262],[-111.612783,33.445262],[-111.613147,33.446262],[-111.608647,33.447262],[-111.61026,33.448794],[-111.610811,33.447813],[-111.611626,33.447896],[-111.612632,33.45089],[-111.61426,33.450916],[-111.61526,33.451947],[-111.623447,33.452075],[-111.623601,33.460262],[-111.625454,33.461068],[-111.625559,33.462262],[-111.623805,33.462806],[-111.623562,33.465262],[-111.62426,33.46596],[-111.629433,33.466262],[-111.629378,33.467379],[-111.628439,33.468262],[-111.628443,33.470262],[-111.627632,33.470633],[-111.627388,33.472389],[-111.626646,33.472647],[-111.626392,33.474393],[-111.625661,33.474663],[-111.625465,33.477262],[-111.624678,33.477679],[-111.624472,33.479262],[-111.623407,33.480408],[-111.620062,33.48046],[-111.620222,33.4763],[-111.61826,33.476604],[-111.618835,33.478262],[-111.61726,33.478698],[-111.616209,33.476313],[-111.61526,33.475719],[-111.615136,33.476138],[-111.614861,33.478262],[-111.616669,33.480262],[-111.616617,33.481618],[-111.615427,33.482262],[-111.61726,33.482697],[-111.61826,33.481118],[-111.61926,33.481965],[-111.621499,33.482262],[-111.621493,33.484262],[-111.620741,33.484742],[-111.620425,33.486426],[-111.619759,33.48676],[-111.61745,33.492451],[-111.616552,33.493262],[-111.616598,33.500262],[-111.617607,33.501262],[-111.617628,33.503262],[-111.615424,33.504262],[-111.616674,33.506262],[-111.616706,33.509262],[-111.617723,33.510262],[-111.617784,33.513262],[-111.618806,33.514262],[-111.618857,33.516262],[-111.617893,33.517262],[-111.617952,33.519262],[-111.617013,33.520262],[-111.616923,33.521924],[-111.616114,33.522262],[-111.616229,33.52423],[-111.615495,33.524262],[-111.61626,33.524276]]],"type":"Polygon"}},{"type":"Feature","properties":{"station_id":"216","status":"existing","strategy":"all","band":"4min"},"geometry":{"coordinates":[[[-111.65026,33.486653],[-111.651361,33.481362],[-111.653047,33.480262],[-111.65126,33.479226],[-111.650804,33.478262],[-111.65166,33.477862],[-111.65226,33.478879],[-111.654746,33.477262],[-111.652697,33.476262],[-111.65529,33.475291],[-111.654349,33.474262],[-111.654629,33.47363],[-111.65726,33.471367],[-111.658208,33.473314],[-111.65926,33.471715],[-111.66026,33.473555],[-111.665549,33.473973],[-111.662028,33.476029],[-111.660208,33.47821],[-111.66026,33.47934],[-111.660453,33.478454],[-111.661364,33.478366],[-111.662804,33.476805],[-111.66526,33.476883],[-111.66626,33.475993],[-111.66792,33.477262],[-111.667127,33.478262],[-111.66726,33.480495],[-111.66826,33.479725],[-111.668634,33.478262],[-111.668774,33.476262],[-111.667656,33.475262],[-111.669015,33.473016],[-111.672328,33.470195],[-111.67295,33.472262],[-111.674406,33.472262],[-111.677112,33.475262],[-111.67732,33.476262],[-111.678584,33.476938],[-111.68026,33.480199],[-111.680716,33.477262],[-111.678873,33.475649],[-111.678424,33.473262],[-111.677403,33.472262],[-111.677482,33.471483],[-111.678734,33.471262],[-111.676278,33.470262],[-111.677709,33.469711],[-111.678015,33.467017],[-111.68026,33.466605],[-111.681889,33.467262],[-111.683771,33.472262],[-111.682998,33.473262],[-111.683975,33.474262],[-111.68426,33.477326],[-111.684488,33.475489],[-111.685061,33.475262],[-111.684381,33.475141],[-111.684688,33.47269],[-111.68626,33.471539],[-111.68726,33.472354],[-111.688366,33.472262],[-111.687469,33.472053],[-111.68726,33.470696],[-111.685961,33.470561],[-111.686037,33.469038],[-111.68726,33.469916],[-111.688993,33.467994],[-111.69026,33.468676],[-111.69126,33.46783],[-111.69226,33.46956],[-111.694368,33.467369],[-111.697874,33.466262],[-111.69426,33.46539],[-111.69294,33.465582],[-111.69226,33.463341],[-111.69126,33.46539],[-111.68926,33.463818],[-111.688096,33.464426],[-111.686972,33.46355],[-111.684683,33.460262],[-111.68526,33.459514],[-111.687351,33.459262],[-111.684976,33.458546],[-111.68426,33.4552],[-111.683387,33.457262],[-111.683737,33.458262],[-111.68219,33.459262],[-111.681682,33.461262],[-111.682524,33.461998],[-111.682538,33.463262],[-111.681404,33.465405],[-111.679848,33.464674],[-111.679513,33.463009],[-111.677767,33.461755],[-111.67726,33.46053],[-111.677055,33.462262],[-111.67798,33.462542],[-111.678999,33.464262],[-111.67826,33.465909],[-111.675874,33.463648],[-111.67354,33.458982],[-111.671863,33.458864],[-111.67126,33.460124],[-111.66926,33.459392],[-111.669684,33.458262],[-111.66778,33.457742],[-111.66726,33.456567],[-111.665804,33.457805],[-111.664862,33.45766],[-111.66426,33.456375],[-111.66326,33.457758],[-111.66226,33.457381],[-111.66026,33.457824],[-111.656327,33.457328],[-111.653892,33.45763],[-111.653386,33.455136],[-111.650873,33.454649],[-111.650928,33.451929],[-111.65226,33.451779],[-111.65326,33.45252],[-111.65426,33.45151],[-111.656005,33.451517],[-111.65626,33.452064],[-111.656379,33.45138],[-111.657805,33.451262],[-111.651888,33.450634],[-111.651208,33.447209],[-111.64926,33.450916],[-111.644071,33.451262],[-111.64926,33.451739],[-111.649565,33.453567],[-111.64626,33.453562],[-111.645571,33.454572],[-111.642537,33.456262],[-111.64426,33.456628],[-111.64726,33.455138],[-111.64826,33.456142],[-111.64926,33.455815],[-111.649482,33.457483],[-111.643186,33.458262],[-111.644989,33.459262],[-111.64394,33.460941],[-111.643843,33.462679],[-111.644615,33.463262],[-111.64426,33.464041],[-111.643553,33.462969],[-111.6408,33.462722],[-111.63926,33.461695],[-111.638474,33.463475],[-111.637409,33.459113],[-111.636448,33.459262],[-111.636516,33.462517],[-111.63526,33.46161],[-111.632798,33.461262],[-111.63326,33.459316],[-111.635177,33.459262],[-111.635401,33.458403],[-111.63326,33.458053],[-111.632473,33.457262],[-111.632605,33.454606],[-111.634361,33.453362],[-111.634533,33.452534],[-111.635823,33.452262],[-111.635279,33.452243],[-111.63526,33.450619],[-111.63426,33.450326],[-111.63375,33.452262],[-111.63191,33.454262],[-111.631014,33.458508],[-111.631671,33.460262],[-111.630736,33.463262],[-111.628634,33.464262],[-111.629838,33.467262],[-111.628888,33.468262],[-111.628937,33.470262],[-111.627985,33.471262],[-111.627884,33.472885],[-111.627105,33.473262],[-111.627136,33.475137],[-111.62641,33.475262],[-111.627302,33.475303],[-111.627571,33.473572],[-111.628382,33.473383],[-111.628492,33.472262],[-111.629451,33.471452],[-111.629618,33.469262],[-111.630519,33.46852],[-111.630871,33.466872],[-111.631773,33.466749],[-111.63226,33.467425],[-111.63205,33.465051],[-111.63426,33.464502],[-111.63556,33.465962],[-111.634114,33.467262],[-111.63626,33.469511],[-111.637041,33.469262],[-111.636457,33.469065],[-111.636529,33.468262],[-111.63726,33.467452],[-111.638558,33.468262],[-111.637355,33.469262],[-111.639017,33.470505],[-111.641609,33.47061],[-111.64226,33.469295],[-111.64326,33.47048],[-111.64426,33.469687],[-111.644808,33.470262],[-111.643822,33.471262],[-111.644098,33.472262],[-111.64265,33.473262],[-111.64326,33.473844],[-111.64626,33.475189],[-111.647652,33.474653],[-111.647951,33.473952],[-111.649496,33.474026],[-111.649519,33.474521],[-111.647944,33.474945],[-111.64726,33.475833],[-111.64626,33.475335],[-111.645973,33.476262],[-111.648573,33.476949],[-111.649461,33.478462],[-111.648759,33.477763],[-111.645745,33.479262],[-111.647517,33.480005],[-111.64926,33.486104],[-111.65026,33.486653]]],"type":"Polygon"}},{"type":"Feature","properties":{"station_id":"217","status":"existing","strategy":"all","band":"8min"},"geometry":{"coordinates":[[[-111.615278,33.434366],[-111.61577,33.432047],[-111.61722,33.430047],[-111.616018,33.428307],[-111.616105,33.426873],[-111.617278,33.426997],[-111.621278,33.42372],[-111.622278,33.424576],[-111.625278,33.422471],[-111.62637,33.423047],[-111.626336,33.421989],[-111.620576,33.421047],[-111.620648,33.420047],[-111.619793,33.419047],[-111.620278,33.418028],[-111.62149,33.418258],[-111.621989,33.416757],[-111.623278,33.416594],[-111.624074,33.418842],[-111.623333,33.419047],[-111.624278,33.41934],[-111.625278,33.417901],[-111.626278,33.418603],[-111.626455,33.417047],[-111.627278,33.416263],[-111.628278,33.416954],[-111.631278,33.416327],[-111.632278,33.417908],[-111.633264,33.416032],[-111.634817,33.415047],[-111.633886,33.414047],[-111.634986,33.412047],[-111.634101,33.411224],[-111.634278,33.410639],[-111.636278,33.409648],[-111.637278,33.410449],[-111.638278,33.409181],[-111.639258,33.410047],[-111.636787,33.412555],[-111.636619,33.414387],[-111.635317,33.415047],[-111.635613,33.417047],[-111.634612,33.418047],[-111.635536,33.423047],[-111.634948,33.426047],[-111.635968,33.427047],[-111.635916,33.429047],[-111.63695,33.429375],[-111.639115,33.43221],[-111.64094,33.432385],[-111.641368,33.433136],[-111.643124,33.433201],[-111.643256,33.434069],[-111.644538,33.434047],[-111.643315,33.43401],[-111.643286,33.433039],[-111.641373,33.432952],[-111.64133,33.432047],[-111.640333,33.431992],[-111.638576,33.430047],[-111.637487,33.429838],[-111.637357,33.428968],[-111.636532,33.428793],[-111.636499,33.426047],[-111.63559,33.425735],[-111.635445,33.425047],[-111.63562,33.424388],[-111.636632,33.424047],[-111.636865,33.415633],[-111.638044,33.415047],[-111.638058,33.413826],[-111.640641,33.411409],[-111.641278,33.40818],[-111.642121,33.408204],[-111.642278,33.408778],[-111.644461,33.408047],[-111.641417,33.407908],[-111.640755,33.405047],[-111.640908,33.401047],[-111.642951,33.39772],[-111.645908,33.395676],[-111.646278,33.393785],[-111.647278,33.395716],[-111.647876,33.393644],[-111.648696,33.393629],[-111.650278,33.397822],[-111.650542,33.393311],[-111.664001,33.393047],[-111.659278,33.39193],[-111.658278,33.392731],[-111.651278,33.39245],[-111.650278,33.389321],[-111.64956,33.392328],[-111.647278,33.392591],[-111.646878,33.392047],[-111.647677,33.391445],[-111.64787,33.390047],[-111.647263,33.388047],[-111.647939,33.387707],[-111.657278,33.387439],[-111.665527,33.388047],[-111.66665,33.390047],[-111.666375,33.391047],[-111.667278,33.393904],[-111.668064,33.391832],[-111.669264,33.391047],[-111.66776,33.389047],[-111.667639,33.388047],[-111.668278,33.387684],[-111.683278,33.387358],[-111.684158,33.388047],[-111.683597,33.390047],[-111.684278,33.391617],[-111.685171,33.390047],[-111.684834,33.388047],[-111.685911,33.387679],[-111.712243,33.387047],[-111.686278,33.386539],[-111.685442,33.386047],[-111.685278,33.384053],[-111.684905,33.385673],[-111.683932,33.386047],[-111.667982,33.386343],[-111.667838,33.385606],[-111.66899,33.385047],[-111.669278,33.379685],[-111.67055,33.379775],[-111.671786,33.381047],[-111.670226,33.383047],[-111.671278,33.383531],[-111.674278,33.381939],[-111.674414,33.380911],[-111.672936,33.380389],[-111.673278,33.379625],[-111.675278,33.37959],[-111.676278,33.380188],[-111.678498,33.379827],[-111.679732,33.381047],[-111.6789,33.382047],[-111.679429,33.383197],[-111.680278,33.383035],[-111.680564,33.381332],[-111.682278,33.379378],[-111.683213,33.380112],[-111.683508,33.379276],[-111.685136,33.379189],[-111.685278,33.380135],[-111.687828,33.379047],[-111.684278,33.378255],[-111.682703,33.378622],[-111.681278,33.376469],[-111.680218,33.375986],[-111.679644,33.376047],[-111.679708,33.377476],[-111.675278,33.37838],[-111.67457,33.378047],[-111.67486,33.376629],[-111.678006,33.376047],[-111.672185,33.37314],[-111.673033,33.372047],[-111.67313,33.370047],[-111.672138,33.369187],[-111.670278,33.364469],[-111.669735,33.365047],[-111.670193,33.365132],[-111.670161,33.367047],[-111.671093,33.367232],[-111.671159,33.368047],[-111.670857,33.373047],[-111.667854,33.375623],[-111.667668,33.377047],[-111.666916,33.377409],[-111.666977,33.375047],[-111.665677,33.373648],[-111.661885,33.373047],[-111.665278,33.372346],[-111.666278,33.372694],[-111.666423,33.372047],[-111.665194,33.371047],[-111.665756,33.370047],[-111.661847,33.367047],[-111.662971,33.36574],[-111.668362,33.365047],[-111.665766,33.364559],[-111.664278,33.363556],[-111.663439,33.364207],[-111.661278,33.364141],[-111.661308,33.363047],[-111.660278,33.362492],[-111.659278,33.363753],[-111.657069,33.364256],[-111.656378,33.363047],[-111.653959,33.362047],[-111.654278,33.3611],[-111.655945,33.360047],[-111.653811,33.358514],[-111.653278,33.355173],[-111.652315,33.357047],[-111.652745,33.358513],[-111.651415,33.359047],[-111.650278,33.3609],[-111.649886,33.360654],[-111.650126,33.361047],[-111.649023,33.361047],[-111.649893,33.360047],[-111.649278,33.35861],[-111.645278,33.360524],[-111.644524,33.354047],[-111.644986,33.350755],[-111.647278,33.351246],[-111.648278,33.35052],[-111.649278,33.351007],[-111.649625,33.350393],[-111.65252,33.350047],[-111.644892,33.349433],[-111.644331,33.342994],[-111.644703,33.339047],[-111.644264,33.339047],[-111.643963,33.349731],[-111.637028,33.349297],[-111.636679,33.347646],[-111.635861,33.347047],[-111.635479,33.337047],[-111.635955,33.336047],[-111.635278,33.334959],[-111.635078,33.341846],[-111.634326,33.343047],[-111.635043,33.344282],[-111.635005,33.349773],[-111.629278,33.349571],[-111.627278,33.348999],[-111.626278,33.349651],[-111.624278,33.349724],[-111.623278,33.34801],[-111.621996,33.349764],[-111.619988,33.350047],[-111.626687,33.350638],[-111.62704,33.356285],[-111.634278,33.356718],[-111.634278,33.357393],[-111.628278,33.357419],[-111.627278,33.358369],[-111.625962,33.357363],[-111.621278,33.357275],[-111.620278,33.358243],[-111.619278,33.357245],[-111.617278,33.358237],[-111.616278,33.35752],[-111.613278,33.357341],[-111.612278,33.35835],[-111.611278,33.357411],[-111.60683,33.357495],[-111.604203,33.355047],[-111.607385,33.351047],[-111.608493,33.350832],[-111.609278,33.351969],[-111.611278,33.350893],[-111.612278,33.351385],[-111.613278,33.350415],[-111.618898,33.350047],[-111.607278,33.349506],[-111.606278,33.348568],[-111.60362,33.349388],[-111.602154,33.349171],[-111.602556,33.347047],[-111.601768,33.345047],[-111.60304,33.344047],[-111.60319,33.343047],[-111.601976,33.342349],[-111.602606,33.341047],[-111.601641,33.340047],[-111.603139,33.339047],[-111.601885,33.338047],[-111.601278,33.335197],[-111.600703,33.342047],[-111.598647,33.342415],[-111.598246,33.343015],[-111.598278,33.344499],[-111.599278,33.344818],[-111.600463,33.344047],[-111.600424,33.349192],[-111.599101,33.349047],[-111.600075,33.348047],[-111.598278,33.345792],[-111.595777,33.348047],[-111.597278,33.348436],[-111.597541,33.349309],[-111.592877,33.349448],[-111.593216,33.347047],[-111.592509,33.346816],[-111.592278,33.345222],[-111.591491,33.349259],[-111.589278,33.348387],[-111.588278,33.349714],[-111.585278,33.349394],[-111.584652,33.350047],[-111.588278,33.350894],[-111.590278,33.350697],[-111.591726,33.351494],[-111.595278,33.35046],[-111.598278,33.351408],[-111.598964,33.350732],[-111.600278,33.35065],[-111.600604,33.352047],[-111.598696,33.354047],[-111.600548,33.357047],[-111.599278,33.35873],[-111.59574,33.357585],[-111.591455,33.358223],[-111.588271,33.358039],[-111.584529,33.360047],[-111.583693,33.368047],[-111.58378,33.378047],[-111.564039,33.378286],[-111.563845,33.373047],[-111.564499,33.372047],[-111.563378,33.370947],[-111.563724,33.366047],[-111.564278,33.365446],[-111.567656,33.365047],[-111.564278,33.364647],[-111.563668,33.364047],[-111.563278,33.355325],[-111.562882,33.364047],[-111.56233,33.365047],[-111.562795,33.368047],[-111.561948,33.373047],[-111.5627,33.374047],[-111.562523,33.378291],[-111.561817,33.378047],[-111.561278,33.376472],[-111.560278,33.37845],[-111.557278,33.378498],[-111.556278,33.377584],[-111.555278,33.378541],[-111.5447,33.379047],[-111.546278,33.379642],[-111.555278,33.379134],[-111.562278,33.379432],[-111.563042,33.381047],[-111.56172,33.385047],[-111.557059,33.385827],[-111.547278,33.385488],[-111.546562,33.385047],[-111.546278,33.381873],[-111.545956,33.385047],[-111.544834,33.385602],[-111.523786,33.386047],[-111.532278,33.386272],[-111.53317,33.387155],[-111.535278,33.387178],[-111.536278,33.386261],[-111.545278,33.386321],[-111.546205,33.387047],[-111.546278,33.388327],[-111.547278,33.386933],[-111.562278,33.386532],[-111.563028,33.387047],[-111.562279,33.388047],[-111.563074,33.389047],[-111.563278,33.393073],[-111.563685,33.390453],[-111.564779,33.390047],[-111.5636,33.389725],[-111.563483,33.388047],[-111.564278,33.3872],[-111.577533,33.386792],[-111.577868,33.388457],[-111.57964,33.390047],[-111.579278,33.392508],[-111.567423,33.393047],[-111.570278,33.394075],[-111.571278,33.393329],[-111.572278,33.394765],[-111.572609,33.393377],[-111.573278,33.393252],[-111.576278,33.393418],[-111.577792,33.394533],[-111.579278,33.394709],[-111.579137,33.398047],[-111.579857,33.399047],[-111.580278,33.404579],[-111.58069,33.402459],[-111.58258,33.401047],[-111.581349,33.399047],[-111.582554,33.397322],[-111.583914,33.397047],[-111.582812,33.396513],[-111.581023,33.393791],[-111.587278,33.393463],[-111.589469,33.393856],[-111.593655,33.398047],[-111.589241,33.399009],[-111.589604,33.399721],[-111.5926,33.399725],[-111.592278,33.400771],[-111.591278,33.400375],[-111.591023,33.400791],[-111.592525,33.402047],[-111.590922,33.404047],[-111.592322,33.40509],[-111.590278,33.407002],[-111.589278,33.406066],[-111.587278,33.407549],[-111.586278,33.407259],[-111.58427,33.408047],[-111.589278,33.409488],[-111.589784,33.408552],[-111.591483,33.408251],[-111.597066,33.409047],[-111.596278,33.410302],[-111.594311,33.411047],[-111.595952,33.412373],[-111.597419,33.411906],[-111.596404,33.414172],[-111.593696,33.415047],[-111.596744,33.415581],[-111.598278,33.41914],[-111.598697,33.417047],[-111.600278,33.415535],[-111.605936,33.416047],[-111.605278,33.417163],[-111.607278,33.41976],[-111.609251,33.417019],[-111.610843,33.417047],[-111.610596,33.418364],[-111.609041,33.418809],[-111.608278,33.420672],[-111.607278,33.420254],[-111.605811,33.421579],[-111.601523,33.422047],[-111.607278,33.424261],[-111.608278,33.423213],[-111.610278,33.424832],[-111.610603,33.424371],[-111.611803,33.424522],[-111.611664,33.426047],[-111.614044,33.427047],[-111.613993,33.429047],[-111.613246,33.430047],[-111.614939,33.431047],[-111.615278,33.434366]]],"type":"Polygon"}},{"type":"Feature","properties":{"station_id":"217","status":"existing","strategy":"all","band":"4min"},"geometry":{"coordinates":[[[-111.615278,33.40276],[-111.616473,33.401047],[-111.615598,33.400727],[-111.615568,33.399336],[-111.616703,33.398047],[-111.617215,33.393983],[-111.619278,33.395642],[-111.621278,33.394082],[-111.622278,33.394871],[-111.623278,33.393932],[-111.624278,33.394373],[-111.624377,33.393145],[-111.626544,33.393047],[-111.618294,33.392047],[-111.618849,33.390617],[-111.621213,33.390047],[-111.620278,33.389288],[-111.620037,33.389805],[-111.617278,33.389515],[-111.617017,33.387785],[-111.631278,33.387328],[-111.633278,33.388498],[-111.633626,33.387394],[-111.638185,33.387047],[-111.633379,33.386946],[-111.632957,33.386047],[-111.633904,33.383672],[-111.636639,33.381407],[-111.636995,33.379763],[-111.649021,33.379047],[-111.643038,33.378287],[-111.641278,33.37663],[-111.640278,33.376586],[-111.639278,33.377331],[-111.63687,33.376455],[-111.63658,33.375047],[-111.637469,33.374047],[-111.636607,33.373718],[-111.636498,33.372266],[-111.637499,33.372047],[-111.63643,33.370895],[-111.636278,33.369198],[-111.635664,33.374432],[-111.633844,33.374481],[-111.633278,33.373071],[-111.632962,33.374731],[-111.631903,33.375671],[-111.630908,33.375417],[-111.630278,33.37444],[-111.626211,33.375114],[-111.625827,33.374047],[-111.626308,33.373017],[-111.623796,33.372529],[-111.623531,33.371299],[-111.624435,33.371047],[-111.625073,33.367841],[-111.626278,33.368123],[-111.628005,33.367047],[-111.627278,33.366246],[-111.625972,33.36674],[-111.624278,33.366487],[-111.619278,33.369228],[-111.619056,33.366824],[-111.620583,33.366351],[-111.621278,33.364475],[-111.622645,33.36468],[-111.623278,33.365622],[-111.625278,33.36543],[-111.627278,33.365968],[-111.631304,33.365047],[-111.628278,33.364834],[-111.627278,33.363321],[-111.626537,33.364305],[-111.624278,33.364322],[-111.624339,33.363047],[-111.623278,33.362103],[-111.622565,33.363333],[-111.618991,33.363334],[-111.619278,33.361334],[-111.620895,33.360047],[-111.620573,33.359047],[-111.618415,33.35791],[-111.616268,33.359047],[-111.615016,33.362047],[-111.616469,33.363047],[-111.61273,33.363595],[-111.610903,33.363422],[-111.610278,33.362829],[-111.608278,33.363689],[-111.605099,33.364047],[-111.606278,33.364972],[-111.607278,33.364747],[-111.608278,33.365289],[-111.608745,33.364513],[-111.60985,33.364475],[-111.611366,33.364959],[-111.612278,33.36609],[-111.613278,33.365995],[-111.614278,33.364885],[-111.617278,33.364767],[-111.617531,33.3663],[-111.615947,33.367047],[-111.61751,33.368815],[-111.617278,33.370442],[-111.616546,33.368779],[-111.615278,33.369324],[-111.614278,33.371537],[-111.613278,33.370145],[-111.611278,33.370822],[-111.610766,33.371047],[-111.611686,33.371639],[-111.611435,33.373047],[-111.609278,33.373908],[-111.605278,33.371865],[-111.601833,33.371492],[-111.601278,33.367624],[-111.600321,33.373047],[-111.601068,33.374047],[-111.600771,33.377539],[-111.598278,33.377843],[-111.597278,33.378757],[-111.594278,33.378798],[-111.593436,33.378047],[-111.593278,33.376074],[-111.591661,33.378429],[-111.588373,33.379047],[-111.598595,33.37973],[-111.597876,33.385645],[-111.596521,33.386047],[-111.598173,33.386152],[-111.598278,33.387782],[-111.599412,33.38618],[-111.614616,33.386709],[-111.614278,33.387636],[-111.610074,33.388047],[-111.609629,33.389397],[-111.607977,33.389745],[-111.607278,33.390703],[-111.605726,33.390599],[-111.60509,33.389858],[-111.603061,33.390047],[-111.605056,33.390269],[-111.606278,33.392017],[-111.607278,33.391331],[-111.609113,33.392047],[-111.607278,33.392802],[-111.606278,33.392082],[-111.605968,33.392736],[-111.603305,33.393047],[-111.605278,33.393264],[-111.606278,33.39454],[-111.607278,33.393345],[-111.610278,33.393878],[-111.611278,33.393408],[-111.612278,33.394594],[-111.613572,33.394753],[-111.615278,33.40276]]],"type":"Polygon"}},{"type":"Feature","properties":{"station_id":"218","status":"existing","strategy":"all","band":"8min"},"geometry":{"coordinates":[[[-111.857209,33.493281],[-111.857563,33.48916],[-111.859397,33.48816],[-111.857731,33.48516],[-111.857958,33.480908],[-111.862209,33.480666],[-111.863209,33.481513],[-111.86456,33.480809],[-111.864069,33.48416],[-111.864837,33.48516],[-111.865209,33.487779],[-111.865721,33.484671],[-111.867534,33.48416],[-111.865778,33.483591],[-111.865845,33.480796],[-111.871154,33.48016],[-111.865862,33.479507],[-111.865776,33.47816],[-111.866797,33.47716],[-111.865915,33.475454],[-111.865976,33.473926],[-111.870209,33.473474],[-111.873492,33.473877],[-111.873561,33.476511],[-111.870389,33.47716],[-111.873578,33.477791],[-111.874017,33.482967],[-111.873539,33.48316],[-111.874209,33.483963],[-111.874727,33.480677],[-111.877317,33.48016],[-111.874758,33.479611],[-111.874922,33.473872],[-111.875581,33.473788],[-111.876209,33.474587],[-111.877209,33.473534],[-111.881209,33.473386],[-111.88186,33.47416],[-111.882209,33.477796],[-111.883191,33.47716],[-111.883754,33.47616],[-111.882603,33.475766],[-111.882558,33.47416],[-111.885114,33.47316],[-111.882829,33.47254],[-111.88275,33.47016],[-111.887035,33.46916],[-111.884853,33.468516],[-111.884923,33.466873],[-111.887209,33.46674],[-111.887705,33.46716],[-111.887293,33.46916],[-111.888209,33.474265],[-111.888689,33.466639],[-111.891209,33.466647],[-111.891799,33.46716],[-111.892209,33.473069],[-111.893209,33.467283],[-111.896209,33.467482],[-111.897574,33.466524],[-111.900776,33.46616],[-111.898209,33.464423],[-111.896209,33.465642],[-111.894209,33.464834],[-111.891209,33.465672],[-111.890611,33.46516],[-111.889681,33.46216],[-111.889759,33.45816],[-111.8899,33.45616],[-111.890811,33.45516],[-111.89095,33.4519],[-111.893209,33.451651],[-111.894209,33.452587],[-111.895209,33.451786],[-111.896452,33.451918],[-111.898209,33.453607],[-111.898944,33.452894],[-111.900209,33.453165],[-111.901209,33.45231],[-111.908209,33.451688],[-111.908786,33.45216],[-111.908289,33.45316],[-111.909209,33.456429],[-111.910014,33.45416],[-111.909908,33.451859],[-111.916062,33.45116],[-111.912555,33.450814],[-111.910588,33.449781],[-111.909209,33.446312],[-111.908801,33.449752],[-111.907657,33.450607],[-111.900927,33.450442],[-111.900209,33.446643],[-111.899485,33.450435],[-111.892036,33.450333],[-111.891396,33.43916],[-111.893402,33.43616],[-111.896209,33.43587],[-111.897209,33.436862],[-111.900209,33.436319],[-111.902209,33.43684],[-111.90783,33.436539],[-111.90869,33.43716],[-111.908575,33.44416],[-111.909209,33.444854],[-111.911553,33.441503],[-111.913209,33.440893],[-111.914209,33.441275],[-111.914465,33.440416],[-111.916073,33.44016],[-111.911726,33.439643],[-111.909866,33.437503],[-111.910209,33.43679],[-111.926209,33.437009],[-111.932209,33.436497],[-111.933209,33.435476],[-111.940209,33.435184],[-111.941196,33.435173],[-111.94145,33.43616],[-111.941209,33.435146],[-111.936436,33.434933],[-111.932209,33.434998],[-111.931209,33.435849],[-111.909955,33.435414],[-111.910209,33.429835],[-111.915509,33.42986],[-111.915209,33.432211],[-111.91547,33.43142],[-111.917771,33.430721],[-111.922209,33.430451],[-111.923209,33.429591],[-111.925209,33.429522],[-111.926004,33.43016],[-111.926209,33.432561],[-111.926658,33.429608],[-111.930334,33.42916],[-111.929209,33.428605],[-111.926711,33.428658],[-111.926209,33.426219],[-111.926078,33.428028],[-111.925209,33.428499],[-111.924273,33.428096],[-111.921209,33.428668],[-111.914209,33.428531],[-111.913228,33.428141],[-111.913209,33.426953],[-111.91218,33.42613],[-111.911459,33.428409],[-111.909993,33.428376],[-111.909919,33.424869],[-111.91147,33.42416],[-111.909909,33.42346],[-111.910209,33.42267],[-111.915213,33.423163],[-111.916209,33.422499],[-111.917209,33.423676],[-111.920509,33.42216],[-111.917209,33.420681],[-111.915209,33.420845],[-111.914209,33.421734],[-111.913209,33.420881],[-111.910559,33.42081],[-111.910111,33.42016],[-111.910551,33.419501],[-111.915651,33.41916],[-111.910848,33.41816],[-111.911021,33.416348],[-111.909209,33.414779],[-111.906209,33.414784],[-111.905209,33.413831],[-111.904642,33.414592],[-111.903209,33.414724],[-111.902325,33.41416],[-111.902209,33.412936],[-111.899471,33.412898],[-111.897122,33.411247],[-111.894759,33.41061],[-111.894225,33.41016],[-111.894789,33.408739],[-111.900209,33.408207],[-111.902175,33.40716],[-111.899209,33.406799],[-111.897209,33.405885],[-111.896209,33.406633],[-111.893852,33.40616],[-111.896488,33.40416],[-111.894489,33.40388],[-111.893479,33.40289],[-111.892703,33.40116],[-111.893126,33.40016],[-111.891209,33.397649],[-111.890209,33.403417],[-111.889209,33.402932],[-111.887596,33.405546],[-111.886871,33.405498],[-111.886542,33.40316],[-111.88525,33.403119],[-111.885465,33.402415],[-111.884575,33.40116],[-111.887552,33.40016],[-111.886209,33.398886],[-111.884209,33.399705],[-111.881888,33.399481],[-111.881767,33.398717],[-111.882776,33.39816],[-111.880943,33.397426],[-111.878631,33.39516],[-111.880098,33.394048],[-111.885579,33.39316],[-111.883128,33.392241],[-111.879602,33.392767],[-111.878795,33.39216],[-111.879209,33.390558],[-111.876533,33.390836],[-111.875685,33.38716],[-111.876482,33.38616],[-111.875469,33.3859],[-111.875209,33.383988],[-111.873857,33.385807],[-111.872972,33.385922],[-111.867209,33.385752],[-111.865497,33.38516],[-111.867209,33.383835],[-111.868394,33.38416],[-111.869478,33.38216],[-111.869657,33.379607],[-111.872841,33.37916],[-111.870209,33.37887],[-111.868209,33.376919],[-111.867266,33.37816],[-111.865209,33.378361],[-111.865209,33.376601],[-111.863209,33.377178],[-111.86262,33.376749],[-111.859807,33.37216],[-111.860209,33.371566],[-111.861209,33.371969],[-111.861711,33.37116],[-111.859763,33.370606],[-111.859209,33.368383],[-111.858731,33.370681],[-111.857225,33.37116],[-111.858423,33.37216],[-111.858209,33.373398],[-111.857191,33.374141],[-111.857933,33.37716],[-111.857209,33.37786],[-111.856209,33.376368],[-111.855887,33.377837],[-111.854848,33.378798],[-111.851974,33.37916],[-111.854916,33.379453],[-111.85515,33.38016],[-111.854983,33.381933],[-111.854209,33.38256],[-111.853209,33.382173],[-111.852799,33.382749],[-111.853157,33.38416],[-111.852209,33.384758],[-111.850749,33.384699],[-111.850209,33.385601],[-111.850007,33.384957],[-111.851271,33.383098],[-111.849665,33.381704],[-111.847572,33.38216],[-111.848293,33.38316],[-111.847905,33.38416],[-111.848909,33.38516],[-111.844904,33.38816],[-111.845,33.389369],[-111.847427,33.390942],[-111.847209,33.391773],[-111.844511,33.392461],[-111.843808,33.39216],[-111.84346,33.38816],[-111.842512,33.38716],[-111.843853,33.38616],[-111.841028,33.385341],[-111.842136,33.38416],[-111.841437,33.383932],[-111.840209,33.380842],[-111.839713,33.383663],[-111.838497,33.38416],[-111.838068,33.385018],[-111.838209,33.385796],[-111.839551,33.385818],[-111.83954,33.38649],[-111.838155,33.388105],[-111.835914,33.38816],[-111.838438,33.391388],[-111.837209,33.391303],[-111.836209,33.391938],[-111.835209,33.391307],[-111.832209,33.39205],[-111.831209,33.390833],[-111.830209,33.392478],[-111.829209,33.391971],[-111.828854,33.392804],[-111.825901,33.39316],[-111.828587,33.393782],[-111.830209,33.395203],[-111.831209,33.394538],[-111.832139,33.39516],[-111.830588,33.396538],[-111.829623,33.39916],[-111.82899,33.39938],[-111.827209,33.398512],[-111.825589,33.40116],[-111.827209,33.402431],[-111.829298,33.401071],[-111.829955,33.40316],[-111.827343,33.40416],[-111.828526,33.404843],[-111.828347,33.406297],[-111.827209,33.404317],[-111.826209,33.406084],[-111.824552,33.40516],[-111.825009,33.40416],[-111.823683,33.40216],[-111.823209,33.399969],[-111.821895,33.40216],[-111.822016,33.404353],[-111.822713,33.40516],[-111.821667,33.406617],[-111.821209,33.407041],[-111.820209,33.405839],[-111.817209,33.406909],[-111.816823,33.407773],[-111.815708,33.40816],[-111.818586,33.408783],[-111.818297,33.410247],[-111.815209,33.410893],[-111.814209,33.408929],[-111.813794,33.410744],[-111.811827,33.41116],[-111.8135,33.411869],[-111.813209,33.413101],[-111.811209,33.414164],[-111.810209,33.413364],[-111.805555,33.41516],[-111.812429,33.41616],[-111.811209,33.417548],[-111.81052,33.42047],[-111.809904,33.420465],[-111.809209,33.418879],[-111.805209,33.418582],[-111.804209,33.419723],[-111.802209,33.420426],[-111.801209,33.420103],[-111.799458,33.421408],[-111.794316,33.42216],[-111.795328,33.423041],[-111.798209,33.42384],[-111.800209,33.422543],[-111.801209,33.423911],[-111.801823,33.422774],[-111.802574,33.422795],[-111.803585,33.42516],[-111.802951,33.42616],[-111.803831,33.42716],[-111.803616,33.42816],[-111.805156,33.42916],[-111.803978,33.43016],[-111.803808,33.431758],[-111.802847,33.43216],[-111.804388,33.433338],[-111.803209,33.433564],[-111.801437,33.435387],[-111.800209,33.434217],[-111.799209,33.435435],[-111.798058,33.435311],[-111.797209,33.434069],[-111.795209,33.436752],[-111.791724,33.43716],[-111.795424,33.437945],[-111.796209,33.439832],[-111.797209,33.437778],[-111.800209,33.439782],[-111.80151,33.438859],[-111.802183,33.440186],[-111.805209,33.440534],[-111.805771,33.438721],[-111.806532,33.438482],[-111.80773,33.438639],[-111.808184,33.440185],[-111.810061,33.441308],[-111.812209,33.441538],[-111.813209,33.440687],[-111.817209,33.440718],[-111.817859,33.44416],[-111.820028,33.44616],[-111.819662,33.448613],[-111.819209,33.448958],[-111.818209,33.448346],[-111.817209,33.450536],[-111.814784,33.45016],[-111.814209,33.448515],[-111.811761,33.450711],[-111.808491,33.45116],[-111.811746,33.451623],[-111.813209,33.454159],[-111.814209,33.452378],[-111.817209,33.454053],[-111.817891,33.452841],[-111.821209,33.452598],[-111.821229,33.45418],[-111.820119,33.45516],[-111.821359,33.45616],[-111.822209,33.459627],[-111.824451,33.45616],[-111.824784,33.45516],[-111.824119,33.45416],[-111.825209,33.453631],[-111.827209,33.454575],[-111.828012,33.453962],[-111.828041,33.452991],[-111.829065,33.45316],[-111.828342,33.45416],[-111.830209,33.455191],[-111.830656,33.45716],[-111.826507,33.458457],[-111.826443,33.46016],[-111.824736,33.461686],[-111.82442,33.463371],[-111.823209,33.464493],[-111.821209,33.464436],[-111.820209,33.465429],[-111.801209,33.465912],[-111.798209,33.465555],[-111.797209,33.464565],[-111.796209,33.464999],[-111.795209,33.464581],[-111.794209,33.465],[-111.787209,33.464363],[-111.786209,33.46469],[-111.781965,33.467915],[-111.781701,33.469651],[-111.779935,33.47116],[-111.780016,33.472966],[-111.779158,33.473108],[-111.779143,33.474093],[-111.77819,33.47414],[-111.778168,33.475118],[-111.7772,33.475151],[-111.777198,33.476148],[-111.776208,33.476161],[-111.777213,33.476163],[-111.777233,33.475183],[-111.778224,33.475174],[-111.778266,33.474217],[-111.779242,33.474192],[-111.779311,33.473261],[-111.780245,33.473195],[-111.780358,33.471309],[-111.782278,33.470228],[-111.782695,33.468645],[-111.784903,33.466853],[-111.787209,33.465899],[-111.796209,33.465609],[-111.798209,33.466764],[-111.821209,33.466893],[-111.822034,33.465985],[-111.824671,33.465621],[-111.825709,33.464659],[-111.825586,33.46316],[-111.827734,33.461684],[-111.827593,33.46016],[-111.828209,33.459548],[-111.830162,33.460112],[-111.830209,33.459697],[-111.831209,33.461538],[-111.832209,33.45948],[-111.840209,33.459821],[-111.841519,33.46085],[-111.841508,33.46216],[-111.842491,33.46316],[-111.842478,33.46516],[-111.841909,33.46546],[-111.841659,33.46471],[-111.840579,33.464529],[-111.838956,33.464906],[-111.838834,33.465535],[-111.839209,33.465995],[-111.84151,33.465859],[-111.841402,33.468352],[-111.839815,33.468765],[-111.837454,33.471404],[-111.835861,33.471811],[-111.835435,33.473385],[-111.83345,33.4754],[-111.831792,33.475742],[-111.830471,33.477421],[-111.828817,33.477767],[-111.827496,33.479446],[-111.825846,33.479796],[-111.823542,33.482492],[-111.819209,33.484232],[-111.817639,33.486589],[-111.816006,33.486956],[-111.814724,33.488675],[-111.813209,33.488992],[-111.812094,33.49016],[-111.812036,33.490986],[-111.811153,33.49116],[-111.811209,33.491998],[-111.811318,33.491268],[-111.812209,33.491246],[-111.812265,33.490215],[-111.813258,33.490208],[-111.813477,33.489427],[-111.815209,33.489399],[-111.816654,33.487604],[-111.818741,33.48716],[-111.820826,33.485776],[-111.821969,33.48616],[-111.822209,33.487778],[-111.822862,33.483812],[-111.824706,33.48316],[-111.827209,33.480983],[-111.830736,33.48216],[-111.830108,33.484261],[-111.83101,33.48516],[-111.830482,33.48816],[-111.831209,33.488827],[-111.831531,33.48516],[-111.83307,33.48416],[-111.831774,33.483595],[-111.831867,33.481817],[-111.834209,33.481542],[-111.835209,33.482369],[-111.835748,33.480698],[-111.838209,33.480278],[-111.838918,33.48116],[-111.838372,33.48216],[-111.839209,33.484265],[-111.839501,33.48116],[-111.840209,33.480282],[-111.844209,33.480532],[-111.845209,33.481463],[-111.846209,33.480616],[-111.847541,33.480828],[-111.847637,33.483587],[-111.845727,33.48416],[-111.847663,33.484706],[-111.847371,33.48616],[-111.848209,33.488389],[-111.84852,33.48516],[-111.850121,33.48416],[-111.850372,33.48116],[-111.851528,33.480841],[-111.852209,33.484493],[-111.856209,33.484678],[-111.856688,33.48516],[-111.856596,33.486546],[-111.853844,33.48816],[-111.85604,33.489329],[-111.856395,33.490345],[-111.855818,33.49116],[-111.857209,33.493281]]],"type":"Polygon"}},{"type":"Feature","properties":{"station_id":"218","status":"existing","strategy":"all","band":"4min"},"geometry":{"coordinates":[[[-111.857209,33.463734],[-111.858012,33.461962],[-111.857535,33.45916],[-111.859486,33.45816],[-111.857777,33.457592],[-111.857829,33.456779],[-111.862209,33.455521],[-111.863209,33.454399],[-111.866209,33.454396],[-111.866373,33.453323],[-111.867739,33.45316],[-111.865369,33.453],[-111.864903,33.453853],[-111.862209,33.453909],[-111.861209,33.45484],[-111.859209,33.454794],[-111.858619,33.455569],[-111.857847,33.455522],[-111.858071,33.446021],[-111.861496,33.445446],[-111.862754,33.443704],[-111.864389,33.443339],[-111.866507,33.440457],[-111.867286,33.440236],[-111.867382,33.439332],[-111.868608,33.438558],[-111.87129,33.438241],[-111.871503,33.43716],[-111.870102,33.437267],[-111.870151,33.436101],[-111.874209,33.435804],[-111.87682,33.43277],[-111.879209,33.433511],[-111.883209,33.433275],[-111.884209,33.430253],[-111.887209,33.42954],[-111.888209,33.431476],[-111.889025,33.43116],[-111.889209,33.429876],[-111.890209,33.43054],[-111.890453,33.429403],[-111.892834,33.42916],[-111.883841,33.428528],[-111.883815,33.426765],[-111.884438,33.42616],[-111.883566,33.425803],[-111.883247,33.42316],[-111.884121,33.42216],[-111.883209,33.421582],[-111.877822,33.421547],[-111.875389,33.41616],[-111.877127,33.41516],[-111.874209,33.41411],[-111.873209,33.414563],[-111.872209,33.413869],[-111.871141,33.414228],[-111.871029,33.41298],[-111.871718,33.41216],[-111.869478,33.41216],[-111.869131,33.41316],[-111.867209,33.414494],[-111.866209,33.413019],[-111.862209,33.413809],[-111.860045,33.413324],[-111.859494,33.41216],[-111.85982,33.41077],[-111.861877,33.408828],[-111.863209,33.408505],[-111.864209,33.409092],[-111.864626,33.407576],[-111.867568,33.40716],[-111.862898,33.406471],[-111.861209,33.405551],[-111.860209,33.406295],[-111.859136,33.405086],[-111.85817,33.406199],[-111.85812,33.40407],[-111.859384,33.40316],[-111.857736,33.401633],[-111.857696,33.400646],[-111.858683,33.40016],[-111.857716,33.399653],[-111.857209,33.398077],[-111.856898,33.399848],[-111.8557,33.40016],[-111.85612,33.40116],[-111.855278,33.40216],[-111.855658,33.40416],[-111.854886,33.405836],[-111.850976,33.406926],[-111.848209,33.406607],[-111.846575,33.40816],[-111.847778,33.408591],[-111.847845,33.41016],[-111.845675,33.41316],[-111.844209,33.413054],[-111.843209,33.413948],[-111.840209,33.413641],[-111.839373,33.41516],[-111.839551,33.416501],[-111.837529,33.41716],[-111.838945,33.417424],[-111.83916,33.41816],[-111.837458,33.41916],[-111.838474,33.420424],[-111.837209,33.420256],[-111.835209,33.421467],[-111.834209,33.421039],[-111.830817,33.42216],[-111.832209,33.422971],[-111.833209,33.422642],[-111.834209,33.423503],[-111.835209,33.422472],[-111.835991,33.42316],[-111.835909,33.42446],[-111.836656,33.42516],[-111.836209,33.425599],[-111.835209,33.425114],[-111.835029,33.42616],[-111.835209,33.426828],[-111.836209,33.426569],[-111.836867,33.42716],[-111.836943,33.42816],[-111.835359,33.42916],[-111.836661,33.429708],[-111.836692,33.43116],[-111.835156,33.43216],[-111.834682,33.434632],[-111.833647,33.434722],[-111.833209,33.434014],[-111.832735,33.434685],[-111.831607,33.434762],[-111.831209,33.433474],[-111.830873,33.434823],[-111.829024,33.43516],[-111.831209,33.436145],[-111.832209,33.435418],[-111.838209,33.436465],[-111.839678,33.43816],[-111.83812,33.439249],[-111.838904,33.440465],[-111.839152,33.44416],[-111.840209,33.444829],[-111.841847,33.444522],[-111.844209,33.445968],[-111.845209,33.444845],[-111.848209,33.447866],[-111.849209,33.447186],[-111.850641,33.447728],[-111.849927,33.449877],[-111.848165,33.450115],[-111.847907,33.450857],[-111.845209,33.45168],[-111.844664,33.452614],[-111.843104,33.453054],[-111.843009,33.453959],[-111.841142,33.454092],[-111.840907,33.454857],[-111.838956,33.45516],[-111.841209,33.455234],[-111.841371,33.454321],[-111.843209,33.454343],[-111.843441,33.453391],[-111.845209,33.453421],[-111.84549,33.45244],[-111.848209,33.452093],[-111.849179,33.45219],[-111.849162,33.453207],[-111.850834,33.453535],[-111.851055,33.454314],[-111.852512,33.454462],[-111.851209,33.452981],[-111.849358,33.453011],[-111.849665,33.45116],[-111.853288,33.448081],[-111.855695,33.448674],[-111.857045,33.45116],[-111.856572,33.455522],[-111.855807,33.455562],[-111.855209,33.454781],[-111.852872,33.45516],[-111.8568,33.45716],[-111.857209,33.463734]]],"type":"Polygon"}},{"type":"Feature","properties":{"station_id":"219","status":"existing","strategy":"all","band":"8min"},"geometry":{"coordinates":[[[-111.598089,33.417051],[-111.599397,33.412325],[-111.600834,33.410018],[-111.599089,33.409747],[-111.598883,33.408811],[-111.602089,33.408553],[-111.604089,33.409278],[-111.606197,33.408125],[-111.608432,33.408018],[-111.605089,33.407755],[-111.604089,33.406579],[-111.603029,33.407078],[-111.602112,33.404995],[-111.601089,33.404851],[-111.599626,33.402481],[-111.59964,33.401568],[-111.601264,33.401192],[-111.602782,33.39771],[-111.60545,33.397657],[-111.606013,33.399094],[-111.607365,33.399293],[-111.607863,33.398791],[-111.607864,33.393792],[-111.609089,33.393661],[-111.610089,33.39462],[-111.611089,33.393669],[-111.611916,33.395018],[-111.613265,33.395018],[-111.615089,33.401893],[-111.616223,33.401018],[-111.615294,33.400813],[-111.615329,33.399018],[-111.616509,33.398018],[-111.61696,33.393888],[-111.618469,33.394638],[-111.619089,33.395689],[-111.621089,33.394154],[-111.622089,33.394778],[-111.623089,33.394115],[-111.624089,33.394277],[-111.624178,33.393106],[-111.626118,33.393018],[-111.618531,33.392018],[-111.617885,33.391018],[-111.620092,33.390018],[-111.616744,33.389363],[-111.616661,33.388589],[-111.617747,33.387675],[-111.632089,33.38736],[-111.633089,33.387972],[-111.634089,33.387275],[-111.641476,33.387018],[-111.633193,33.386914],[-111.633435,33.384018],[-111.634714,33.382642],[-111.636274,33.382202],[-111.636788,33.379716],[-111.647089,33.379032],[-111.647955,33.379152],[-111.648089,33.380281],[-111.648274,33.374018],[-111.647444,33.373663],[-111.64734,33.372018],[-111.645385,33.370018],[-111.644953,33.365881],[-111.646695,33.366018],[-111.64678,33.368018],[-111.648629,33.368478],[-111.649089,33.369226],[-111.650663,33.369018],[-111.650631,33.367559],[-111.652089,33.367106],[-111.65258,33.368018],[-111.651777,33.369018],[-111.65255,33.369557],[-111.653089,33.37187],[-111.653708,33.365636],[-111.659194,33.365913],[-111.660089,33.367572],[-111.661089,33.365991],[-111.665112,33.365018],[-111.661089,33.364527],[-111.660089,33.363373],[-111.659254,33.364183],[-111.657089,33.364502],[-111.653768,33.362339],[-111.653892,33.36082],[-111.655106,33.360018],[-111.653553,33.358018],[-111.65484,33.356769],[-111.656089,33.356871],[-111.656424,33.355683],[-111.655295,33.354018],[-111.657296,33.353018],[-111.656578,33.352018],[-111.654089,33.351447],[-111.653869,33.350797],[-111.659089,33.35062],[-111.660089,33.352421],[-111.661089,33.350589],[-111.662089,33.354196],[-111.663089,33.350546],[-111.670089,33.350311],[-111.670874,33.351018],[-111.671089,33.353136],[-111.671616,33.350544],[-111.674218,33.350018],[-111.671493,33.349614],[-111.671149,33.348958],[-111.670172,33.348935],[-111.670089,33.348231],[-111.669546,33.349474],[-111.666089,33.349611],[-111.664089,33.347339],[-111.663089,33.34949],[-111.654089,33.34935],[-111.653801,33.348729],[-111.655187,33.348018],[-111.654272,33.346018],[-111.655905,33.345018],[-111.652993,33.342921],[-111.651923,33.343018],[-111.652763,33.344018],[-111.65231,33.349238],[-111.648089,33.349647],[-111.645912,33.349195],[-111.644784,33.348018],[-111.644371,33.339299],[-111.645406,33.339018],[-111.646261,33.336189],[-111.647229,33.336018],[-111.647328,33.335256],[-111.6482,33.335018],[-111.648276,33.334204],[-111.649643,33.334018],[-111.64969,33.333018],[-111.649112,33.332995],[-111.649055,33.333983],[-111.648064,33.333992],[-111.648006,33.334934],[-111.647041,33.33497],[-111.646951,33.335879],[-111.644841,33.336769],[-111.644842,33.33877],[-111.643765,33.339018],[-111.643517,33.349445],[-111.63695,33.349157],[-111.636872,33.3368],[-111.643311,33.336018],[-111.642089,33.335107],[-111.640089,33.334832],[-111.636716,33.332018],[-111.639109,33.331018],[-111.637125,33.330018],[-111.637719,33.328648],[-111.641609,33.328018],[-111.636774,33.327333],[-111.637089,33.326429],[-111.640186,33.326018],[-111.636664,33.324443],[-111.637089,33.32324],[-111.63846,33.323018],[-111.636633,33.322474],[-111.636089,33.318955],[-111.634605,33.320533],[-111.633089,33.320519],[-111.632089,33.321178],[-111.629089,33.321323],[-111.628089,33.320522],[-111.625201,33.319906],[-111.622089,33.320483],[-111.618855,33.320018],[-111.62064,33.319018],[-111.618089,33.318145],[-111.618089,33.317422],[-111.620278,33.317206],[-111.620412,33.315018],[-111.620089,33.31452],[-111.617791,33.314316],[-111.617629,33.310557],[-111.619542,33.310018],[-111.617439,33.309668],[-111.617089,33.308297],[-111.615951,33.310018],[-111.616744,33.312018],[-111.616089,33.315575],[-111.614089,33.313846],[-111.611089,33.313639],[-111.610089,33.314896],[-111.609089,33.315175],[-111.607711,33.314396],[-111.607402,33.313331],[-111.608583,33.313018],[-111.609099,33.312027],[-111.60886,33.310018],[-111.60686,33.309018],[-111.606163,33.308018],[-111.612959,33.307018],[-111.610089,33.306487],[-111.609089,33.305123],[-111.608089,33.305903],[-111.606089,33.306166],[-111.605089,33.303455],[-111.604325,33.306253],[-111.601889,33.306218],[-111.60164,33.304018],[-111.602269,33.303018],[-111.601661,33.300589],[-111.602521,33.299449],[-111.60509,33.299018],[-111.601252,33.298855],[-111.601089,33.296441],[-111.600866,33.297794],[-111.599062,33.298045],[-111.600409,33.300698],[-111.600481,33.303018],[-111.599403,33.305331],[-111.595301,33.306018],[-111.59637,33.306737],[-111.59666,33.308018],[-111.594089,33.310928],[-111.592089,33.308863],[-111.591075,33.310018],[-111.591455,33.312383],[-111.590089,33.313665],[-111.588898,33.312826],[-111.587878,33.314018],[-111.590089,33.314529],[-111.590554,33.315482],[-111.589089,33.315358],[-111.587089,33.316611],[-111.584295,33.317018],[-111.58703,33.318018],[-111.586299,33.319227],[-111.58476,33.318347],[-111.584089,33.317046],[-111.583089,33.316888],[-111.583507,33.319018],[-111.582089,33.320333],[-111.571089,33.320444],[-111.570089,33.321458],[-111.564089,33.321551],[-111.563527,33.321018],[-111.563375,33.316018],[-111.564139,33.315018],[-111.563324,33.313783],[-111.563089,33.310572],[-111.562467,33.321395],[-111.555911,33.322018],[-111.560089,33.323208],[-111.561089,33.32239],[-111.56247,33.322637],[-111.563089,33.332365],[-111.563294,33.325018],[-111.564089,33.322484],[-111.569089,33.322965],[-111.568628,33.324018],[-111.571359,33.324287],[-111.572339,33.324018],[-111.573089,33.32213],[-111.573445,33.324662],[-111.575089,33.325798],[-111.576786,33.323714],[-111.579495,33.323612],[-111.580089,33.324907],[-111.583089,33.32171],[-111.583476,33.325404],[-111.581932,33.326018],[-111.583574,33.326533],[-111.584089,33.327768],[-111.585089,33.326792],[-111.586089,33.328012],[-111.587424,33.327683],[-111.587089,33.32841],[-111.586089,33.32802],[-111.585089,33.329574],[-111.584089,33.328565],[-111.58331,33.334238],[-111.57619,33.335018],[-111.583545,33.336018],[-111.58325,33.352178],[-111.582388,33.356018],[-111.583089,33.357735],[-111.584367,33.358018],[-111.583346,33.359018],[-111.583314,33.363018],[-111.584609,33.365018],[-111.584619,33.378018],[-111.563818,33.378289],[-111.564045,33.372018],[-111.563288,33.369819],[-111.563406,33.366018],[-111.564089,33.365271],[-111.566052,33.365018],[-111.563596,33.364511],[-111.563089,33.359937],[-111.56268,33.369018],[-111.561915,33.371192],[-111.562577,33.374018],[-111.562368,33.378296],[-111.561777,33.37833],[-111.561089,33.376882],[-111.560089,33.378481],[-111.557089,33.378554],[-111.556089,33.378075],[-111.555089,33.378606],[-111.548078,33.379018],[-111.561904,33.379203],[-111.562877,33.38023],[-111.562022,33.385018],[-111.561001,33.385929],[-111.554305,33.386802],[-111.553089,33.385864],[-111.551969,33.385897],[-111.548481,33.387018],[-111.561616,33.387491],[-111.562937,33.38817],[-111.563089,33.390122],[-111.563471,33.387399],[-111.565089,33.386949],[-111.577464,33.386643],[-111.577722,33.388385],[-111.5787,33.389407],[-111.580505,33.390018],[-111.580402,33.39233],[-111.570764,33.393018],[-111.572089,33.393607],[-111.572189,33.393117],[-111.576089,33.393233],[-111.578089,33.394394],[-111.580301,33.393806],[-111.580298,33.395226],[-111.579457,33.396018],[-111.58048,33.397018],[-111.579693,33.398018],[-111.580089,33.400495],[-111.581089,33.401897],[-111.581501,33.398018],[-111.58278,33.397018],[-111.58177,33.395337],[-111.581784,33.393713],[-111.587089,33.393352],[-111.589317,33.39379],[-111.593523,33.398018],[-111.593089,33.398551],[-111.589904,33.399018],[-111.593089,33.399484],[-111.593628,33.400018],[-111.593089,33.400747],[-111.591739,33.401018],[-111.593015,33.402018],[-111.593134,33.403062],[-111.59204,33.404018],[-111.593189,33.405117],[-111.591753,33.406681],[-111.590089,33.407322],[-111.589089,33.406845],[-111.586983,33.408018],[-111.589089,33.408743],[-111.58932,33.408248],[-111.593089,33.408171],[-111.597153,33.408954],[-111.596948,33.410018],[-111.595162,33.411018],[-111.595839,33.412018],[-111.597089,33.411573],[-111.597474,33.412018],[-111.597546,33.413474],[-111.596136,33.415018],[-111.597493,33.415614],[-111.598089,33.417051]]],"type":"Polygon"}},{"type":"Feature","properties":{"station_id":"219","status":"existing","strategy":"all","band":"4min"},"geometry":{"coordinates":[[[-111.598089,33.385839],[-111.598751,33.383679],[-111.602089,33.382072],[-111.602105,33.381018],[-111.603089,33.380243],[-111.610159,33.379018],[-111.607089,33.37846],[-111.603089,33.378672],[-111.602561,33.378018],[-111.603089,33.375524],[-111.605257,33.37485],[-111.607089,33.377377],[-111.607961,33.376889],[-111.611089,33.376954],[-111.611288,33.376216],[-111.612123,33.376018],[-111.609706,33.375401],[-111.608157,33.374018],[-111.60917,33.371937],[-111.607427,33.371018],[-111.607473,33.369402],[-111.610062,33.368018],[-111.610089,33.366552],[-111.61584,33.366267],[-111.618881,33.367226],[-111.619089,33.370672],[-111.619365,33.366293],[-111.620367,33.365296],[-111.627705,33.365018],[-111.627089,33.364584],[-111.624089,33.364654],[-111.623089,33.363254],[-111.622089,33.364237],[-111.619709,33.363398],[-111.619881,33.360018],[-111.618529,33.359578],[-111.618089,33.357779],[-111.617272,33.360018],[-111.618307,33.361018],[-111.616722,33.362018],[-111.618226,33.363018],[-111.614063,33.363018],[-111.610618,33.359489],[-111.61022,33.357887],[-111.606767,33.35634],[-111.606717,33.355018],[-111.607668,33.353596],[-111.610089,33.353425],[-111.611089,33.35236],[-111.612089,33.353325],[-111.613089,33.352331],[-111.614277,33.352205],[-111.612801,33.351306],[-111.613089,33.350713],[-111.617089,33.350672],[-111.617406,33.351334],[-111.616132,33.352018],[-111.617269,33.353018],[-111.617058,33.354018],[-111.618089,33.356434],[-111.619147,33.356018],[-111.618518,33.354018],[-111.619089,33.350644],[-111.626089,33.3505],[-111.627089,33.35356],[-111.628089,33.350438],[-111.630562,33.350545],[-111.631089,33.352208],[-111.632089,33.350256],[-111.633089,33.350574],[-111.635521,33.350018],[-111.629422,33.349685],[-111.627089,33.348988],[-111.626089,33.349535],[-111.623777,33.34933],[-111.623415,33.346018],[-111.624089,33.34519],[-111.625145,33.345073],[-111.625089,33.344239],[-111.624922,33.34485],[-111.622925,33.344853],[-111.622629,33.347557],[-111.620923,33.348018],[-111.621822,33.348285],[-111.621402,33.34933],[-111.618865,33.349242],[-111.619755,33.345018],[-111.618745,33.344018],[-111.619443,33.342018],[-111.618089,33.339829],[-111.617542,33.34347],[-111.615813,33.344018],[-111.617117,33.34499],[-111.617234,33.346162],[-111.616294,33.347018],[-111.617434,33.347673],[-111.617335,33.349263],[-111.607089,33.349276],[-111.607089,33.347252],[-111.606089,33.346368],[-111.605336,33.348264],[-111.603089,33.348621],[-111.603089,33.346269],[-111.605089,33.344369],[-111.606463,33.344018],[-111.604673,33.342018],[-111.605948,33.341018],[-111.602089,33.340369],[-111.601875,33.339804],[-111.609089,33.339304],[-111.609702,33.339405],[-111.610089,33.340531],[-111.610089,33.338839],[-111.604089,33.338413],[-111.603717,33.337645],[-111.60662,33.337018],[-111.608089,33.335724],[-111.609089,33.33625],[-111.610387,33.333315],[-111.612773,33.333018],[-111.611089,33.332478],[-111.606089,33.333484],[-111.604089,33.33214],[-111.602089,33.333263],[-111.601897,33.329826],[-111.603089,33.33024],[-111.603811,33.329018],[-111.601647,33.328018],[-111.601656,33.322018],[-111.601089,33.32145],[-111.600162,33.323018],[-111.600717,33.324018],[-111.599279,33.325018],[-111.600727,33.326018],[-111.600089,33.330997],[-111.597542,33.331018],[-111.596797,33.331725],[-111.596783,33.333018],[-111.593089,33.334296],[-111.592089,33.332315],[-111.591415,33.334343],[-111.590254,33.335018],[-111.591756,33.336018],[-111.591017,33.338018],[-111.58981,33.339018],[-111.590914,33.340018],[-111.590381,33.341018],[-111.591121,33.342049],[-111.589784,33.342323],[-111.589089,33.341516],[-111.587545,33.345018],[-111.586089,33.34588],[-111.585089,33.345828],[-111.584089,33.344617],[-111.583487,33.349018],[-111.584089,33.354862],[-111.585089,33.352695],[-111.586313,33.352794],[-111.586498,33.354018],[-111.588089,33.354834],[-111.589884,33.353812],[-111.592089,33.353655],[-111.593089,33.350733],[-111.594089,33.351674],[-111.595089,33.351482],[-111.597089,33.352458],[-111.598914,33.350842],[-111.600304,33.351018],[-111.600231,33.352159],[-111.599315,33.353018],[-111.599536,33.354571],[-111.600292,33.355018],[-111.600302,33.357018],[-111.599428,33.358018],[-111.600504,33.359018],[-111.600089,33.360894],[-111.597983,33.360124],[-111.597998,33.359018],[-111.595089,33.357893],[-111.593073,33.360018],[-111.590831,33.360276],[-111.590089,33.358884],[-111.587089,33.359696],[-111.587143,33.361071],[-111.585219,33.362018],[-111.586715,33.363018],[-111.587055,33.366018],[-111.588089,33.367452],[-111.589398,33.364018],[-111.591089,33.363168],[-111.592422,33.363685],[-111.593089,33.366424],[-111.594089,33.367516],[-111.596089,33.36532],[-111.59686,33.366247],[-111.598123,33.366018],[-111.598942,33.371018],[-111.600753,33.373018],[-111.600702,33.375018],[-111.601756,33.376018],[-111.601581,33.377509],[-111.598089,33.377923],[-111.597089,33.378842],[-111.593233,33.378874],[-111.593089,33.377895],[-111.591678,33.379018],[-111.598089,33.379395],[-111.599007,33.380018],[-111.599186,33.381114],[-111.5979,33.382828],[-111.598089,33.385839]]],"type":"Polygon"}},{"type":"Feature","properties":{"station_id":"220","status":"existing","strategy":"all","band":"8min"},"geometry":{"coordinates":[[[-111.701274,33.472923],[-111.701932,33.471435],[-111.701893,33.468435],[-111.702799,33.466959],[-111.705274,33.466673],[-111.706274,33.467311],[-111.706571,33.466731],[-111.708595,33.466435],[-111.70397,33.465739],[-111.70395,33.46511],[-111.705201,33.464435],[-111.704147,33.463435],[-111.705825,33.462435],[-111.702925,33.461784],[-111.703041,33.460201],[-111.705681,33.460028],[-111.707274,33.461553],[-111.708274,33.461254],[-111.709274,33.458778],[-111.710146,33.459435],[-111.710274,33.461317],[-111.711274,33.460793],[-111.712274,33.458936],[-111.713274,33.458589],[-111.71159,33.457435],[-111.712838,33.454998],[-111.714274,33.453621],[-111.715399,33.453559],[-111.716136,33.452296],[-111.718274,33.452017],[-111.718676,33.458435],[-111.717897,33.460057],[-111.716897,33.460435],[-111.717943,33.460766],[-111.718274,33.462557],[-111.719085,33.461435],[-111.718422,33.461287],[-111.718602,33.459762],[-111.721082,33.458435],[-111.719651,33.457058],[-111.719974,33.452134],[-111.722274,33.451898],[-111.723274,33.452809],[-111.724274,33.452789],[-111.725274,33.451802],[-111.726914,33.451795],[-111.728274,33.45306],[-111.728662,33.451823],[-111.73096,33.451435],[-111.728619,33.45109],[-111.727365,33.450344],[-111.727443,33.449435],[-111.729062,33.447435],[-111.728822,33.445982],[-111.730629,33.444789],[-111.732607,33.441767],[-111.73289,33.43905],[-111.733735,33.438974],[-111.735325,33.441435],[-111.734411,33.442435],[-111.735338,33.443435],[-111.734942,33.444435],[-111.736274,33.447201],[-111.736731,33.443892],[-111.738537,33.441435],[-111.737093,33.439616],[-111.738082,33.438242],[-111.741274,33.438],[-111.742274,33.439112],[-111.742892,33.438052],[-111.744274,33.437725],[-111.745274,33.439555],[-111.745863,33.438023],[-111.748628,33.437435],[-111.746491,33.437218],[-111.745274,33.435426],[-111.7449,33.43706],[-111.744274,33.437197],[-111.742274,33.436994],[-111.741274,33.435938],[-111.740274,33.436833],[-111.73715,33.436559],[-111.738274,33.436329],[-111.7388,33.43396],[-111.741416,33.433435],[-111.741767,33.432435],[-111.74047,33.431435],[-111.742628,33.431081],[-111.743929,33.433435],[-111.745274,33.433997],[-111.74588,33.431041],[-111.750805,33.430435],[-111.750274,33.429582],[-111.749274,33.430093],[-111.747903,33.429806],[-111.747274,33.428964],[-111.745092,33.429252],[-111.746154,33.427314],[-111.749274,33.425912],[-111.750742,33.425903],[-111.751274,33.424251],[-111.75239,33.425435],[-111.751224,33.426384],[-111.752685,33.428024],[-111.752338,33.430435],[-111.753274,33.431829],[-111.754535,33.430435],[-111.753631,33.430078],[-111.753802,33.428962],[-111.755266,33.428435],[-111.753833,33.427876],[-111.753863,33.427023],[-111.754763,33.425923],[-111.756307,33.425435],[-111.754274,33.424939],[-111.75401,33.42417],[-111.759274,33.423896],[-111.760274,33.422609],[-111.760998,33.422711],[-111.761274,33.424048],[-111.762274,33.423111],[-111.763338,33.423498],[-111.765109,33.422435],[-111.755274,33.421268],[-111.754738,33.418971],[-111.753889,33.418435],[-111.754694,33.418015],[-111.755391,33.418435],[-111.756003,33.416163],[-111.757274,33.415931],[-111.759274,33.417182],[-111.761274,33.416417],[-111.762274,33.417231],[-111.764274,33.416579],[-111.767457,33.416617],[-111.771731,33.415435],[-111.769274,33.414848],[-111.767274,33.415228],[-111.764228,33.414388],[-111.762274,33.415095],[-111.758274,33.413705],[-111.757274,33.414359],[-111.753937,33.414772],[-111.753673,33.411833],[-111.754862,33.409022],[-111.761703,33.408435],[-111.759274,33.407964],[-111.758274,33.40697],[-111.757947,33.408107],[-111.754962,33.407747],[-111.755295,33.405435],[-111.754274,33.402327],[-111.753758,33.403918],[-111.751621,33.405782],[-111.747274,33.404353],[-111.746349,33.406509],[-111.745274,33.406153],[-111.742274,33.402379],[-111.740947,33.401762],[-111.741415,33.400435],[-111.740588,33.400121],[-111.740274,33.399184],[-111.736838,33.398435],[-111.740345,33.397435],[-111.7385,33.396435],[-111.739752,33.395435],[-111.73983,33.39399],[-111.741274,33.393862],[-111.742274,33.394676],[-111.745024,33.393435],[-111.741274,33.392596],[-111.74004,33.3932],[-111.738622,33.393087],[-111.736618,33.390435],[-111.73711,33.389435],[-111.736274,33.387543],[-111.735932,33.391092],[-111.734274,33.392583],[-111.734039,33.392199],[-111.734769,33.39193],[-111.734274,33.390578],[-111.733362,33.391522],[-111.731274,33.391108],[-111.730274,33.39232],[-111.729013,33.390696],[-111.728833,33.388993],[-111.730611,33.388435],[-111.728904,33.387805],[-111.728274,33.383995],[-111.7277,33.38786],[-111.726274,33.388388],[-111.723274,33.388168],[-111.722983,33.387143],[-111.725651,33.386435],[-111.722573,33.385435],[-111.72288,33.38404],[-111.727709,33.383869],[-111.727919,33.383435],[-111.72548,33.383229],[-111.723742,33.381435],[-111.724274,33.380039],[-111.727044,33.379435],[-111.723874,33.378835],[-111.722274,33.375502],[-111.721464,33.378624],[-111.719499,33.379435],[-111.720999,33.380435],[-111.719814,33.381974],[-111.718274,33.382296],[-111.716274,33.381199],[-111.715274,33.38201],[-111.714274,33.380695],[-111.714117,33.382277],[-111.713248,33.382408],[-111.714274,33.383099],[-111.716274,33.382806],[-111.716989,33.38372],[-111.718274,33.383907],[-111.71868,33.385435],[-111.718274,33.385872],[-111.711756,33.386435],[-111.713274,33.386699],[-111.713954,33.387435],[-111.711325,33.389435],[-111.711872,33.390435],[-111.710991,33.391718],[-111.71263,33.392079],[-111.712567,33.392727],[-111.711274,33.392823],[-111.710274,33.392181],[-111.708848,33.393008],[-111.706274,33.39245],[-111.704274,33.393055],[-111.700274,33.391856],[-111.699274,33.392178],[-111.698748,33.390908],[-111.699531,33.389435],[-111.695162,33.388322],[-111.697274,33.386808],[-111.704145,33.386435],[-111.694274,33.386092],[-111.692738,33.383435],[-111.68791,33.383799],[-111.688088,33.382248],[-111.689274,33.380763],[-111.697151,33.379435],[-111.691817,33.378892],[-111.691631,33.377791],[-111.692206,33.377435],[-111.69111,33.37627],[-111.690416,33.376435],[-111.690955,33.376754],[-111.690682,33.377842],[-111.689704,33.378005],[-111.689198,33.376358],[-111.690274,33.376331],[-111.690481,33.375641],[-111.688775,33.374934],[-111.688274,33.371755],[-111.687247,33.374435],[-111.68784,33.375435],[-111.686354,33.376435],[-111.686694,33.377854],[-111.680274,33.379657],[-111.67837,33.382435],[-111.678687,33.383435],[-111.677648,33.385808],[-111.668286,33.386446],[-111.667274,33.385742],[-111.666584,33.389744],[-111.664274,33.391572],[-111.663726,33.392886],[-111.66279,33.392919],[-111.662274,33.391796],[-111.661274,33.392772],[-111.658166,33.393435],[-111.664089,33.39362],[-111.664274,33.395061],[-111.665274,33.3944],[-111.666274,33.395039],[-111.666367,33.396527],[-111.664274,33.396874],[-111.66324,33.399435],[-111.663621,33.400435],[-111.666646,33.401063],[-111.666562,33.406722],[-111.661002,33.406707],[-111.66076,33.40592],[-111.662123,33.405435],[-111.660986,33.404435],[-111.657529,33.403689],[-111.656274,33.405546],[-111.653274,33.406909],[-111.650874,33.406835],[-111.650274,33.40505],[-111.648274,33.406994],[-111.646708,33.407001],[-111.646274,33.406327],[-111.641802,33.407435],[-111.644845,33.407864],[-111.649194,33.410435],[-111.647274,33.411064],[-111.646455,33.413615],[-111.645274,33.412764],[-111.643274,33.414053],[-111.642274,33.41187],[-111.641653,33.413813],[-111.640274,33.414965],[-111.639274,33.413702],[-111.638274,33.413535],[-111.637886,33.415046],[-111.632915,33.415435],[-111.636274,33.416435],[-111.636559,33.415719],[-111.637972,33.415737],[-111.641274,33.41818],[-111.642274,33.416557],[-111.646274,33.416041],[-111.64672,33.41788],[-111.645577,33.418435],[-111.647274,33.418976],[-111.648059,33.418435],[-111.648274,33.416071],[-111.649525,33.416184],[-111.650274,33.416973],[-111.651274,33.416111],[-111.652274,33.416997],[-111.654028,33.416188],[-111.654777,33.416435],[-111.653102,33.418262],[-111.652976,33.420136],[-111.650532,33.420177],[-111.650274,33.419699],[-111.646274,33.421378],[-111.645274,33.420878],[-111.644274,33.421896],[-111.643274,33.421677],[-111.641738,33.422435],[-111.649995,33.422714],[-111.650274,33.424947],[-111.651274,33.422928],[-111.652274,33.42571],[-111.652715,33.423435],[-111.653586,33.423123],[-111.654274,33.426261],[-111.657274,33.428585],[-111.657428,33.431281],[-111.658274,33.431762],[-111.659274,33.429616],[-111.664274,33.429901],[-111.665274,33.431406],[-111.665941,33.430101],[-111.666648,33.430061],[-111.667451,33.430435],[-111.667073,33.431435],[-111.668274,33.432062],[-111.668991,33.430151],[-111.669555,33.430154],[-111.671721,33.433435],[-111.670171,33.434435],[-111.671471,33.435631],[-111.669274,33.435916],[-111.668274,33.43534],[-111.666802,33.435962],[-111.662274,33.435854],[-111.658681,33.436435],[-111.661274,33.436776],[-111.662274,33.437566],[-111.665274,33.436842],[-111.666093,33.437616],[-111.667911,33.437798],[-111.668274,33.44045],[-111.670054,33.441655],[-111.671469,33.441435],[-111.670211,33.439498],[-111.671274,33.438392],[-111.674274,33.441467],[-111.676274,33.442233],[-111.677274,33.441233],[-111.678096,33.442435],[-111.677403,33.443435],[-111.680617,33.444092],[-111.680274,33.445012],[-111.677793,33.445435],[-111.680295,33.446435],[-111.681067,33.447435],[-111.677274,33.448696],[-111.675274,33.448058],[-111.675274,33.448476],[-111.676043,33.448666],[-111.676274,33.449763],[-111.679743,33.450435],[-111.678016,33.451176],[-111.674994,33.451435],[-111.677274,33.452245],[-111.679274,33.451733],[-111.681674,33.452035],[-111.683287,33.454435],[-111.682743,33.455435],[-111.683166,33.456435],[-111.682368,33.457435],[-111.684274,33.459638],[-111.685356,33.455435],[-111.684853,33.454435],[-111.686274,33.452578],[-111.688495,33.453214],[-111.689595,33.457435],[-111.691755,33.458954],[-111.692274,33.462092],[-111.694274,33.460344],[-111.698274,33.462013],[-111.698484,33.460435],[-111.699561,33.460148],[-111.69973,33.46489],[-111.697274,33.466112],[-111.693607,33.466435],[-111.696274,33.467318],[-111.697274,33.466707],[-111.700662,33.467047],[-111.700916,33.468435],[-111.70016,33.469435],[-111.701274,33.472923]]],"type":"Polygon"}},{"type":"Feature","properties":{"station_id":"220","status":"existing","strategy":"all","band":"4min"},"geometry":{"coordinates":[[[-111.701274,33.440077],[-111.702083,33.438243],[-111.703999,33.437435],[-111.702629,33.436435],[-111.703935,33.434435],[-111.70319,33.433435],[-111.704186,33.432435],[-111.703374,33.431435],[-111.704274,33.431099],[-111.706274,33.431605],[-111.708274,33.430872],[-111.709411,33.431435],[-111.709274,33.432514],[-111.710274,33.432557],[-111.711068,33.431228],[-111.712856,33.430435],[-111.711431,33.429435],[-111.711634,33.428794],[-111.714362,33.425522],[-111.715663,33.425435],[-111.716274,33.423792],[-111.717199,33.424435],[-111.717274,33.426141],[-111.718497,33.427435],[-111.718061,33.428435],[-111.719274,33.430178],[-111.720728,33.424435],[-111.721274,33.424064],[-111.72234,33.424435],[-111.723274,33.422714],[-111.724912,33.422797],[-111.725274,33.423473],[-111.727013,33.422435],[-111.724406,33.422303],[-111.722274,33.421194],[-111.720274,33.421809],[-111.719936,33.417096],[-111.7207,33.417009],[-111.721274,33.417772],[-111.723274,33.416917],[-111.726274,33.417665],[-111.728274,33.416396],[-111.729274,33.417061],[-111.735917,33.415435],[-111.733274,33.41501],[-111.732274,33.414284],[-111.730274,33.415176],[-111.729226,33.414386],[-111.728274,33.414767],[-111.727805,33.414435],[-111.728314,33.413395],[-111.727274,33.413006],[-111.726907,33.414068],[-111.725274,33.41498],[-111.723274,33.413762],[-111.722503,33.414663],[-111.721114,33.414595],[-111.71989,33.412435],[-111.719727,33.408887],[-111.723758,33.408435],[-111.720274,33.407697],[-111.719274,33.405365],[-111.717665,33.407826],[-111.714819,33.40689],[-111.714893,33.404435],[-111.714274,33.403266],[-111.712858,33.404435],[-111.713035,33.407435],[-111.710274,33.408222],[-111.696274,33.408213],[-111.695274,33.406479],[-111.693274,33.408024],[-111.687474,33.408236],[-111.687274,33.407709],[-111.686274,33.407987],[-111.684719,33.40699],[-111.684274,33.404114],[-111.683648,33.407808],[-111.682674,33.408035],[-111.68167,33.407435],[-111.681872,33.408435],[-111.683359,33.409435],[-111.682005,33.411166],[-111.682332,33.412435],[-111.681646,33.413435],[-111.680274,33.412382],[-111.679274,33.413644],[-111.678274,33.412834],[-111.676044,33.414205],[-111.672319,33.414479],[-111.67031,33.415435],[-111.674694,33.416015],[-111.676214,33.418496],[-111.676841,33.416001],[-111.678274,33.415871],[-111.680482,33.416642],[-111.68271,33.415999],[-111.683601,33.419761],[-111.680976,33.422435],[-111.683769,33.42294],[-111.684274,33.426244],[-111.685274,33.423207],[-111.689274,33.424436],[-111.689667,33.423827],[-111.690825,33.423884],[-111.692781,33.430435],[-111.696233,33.431435],[-111.696598,33.432435],[-111.698274,33.432731],[-111.70027,33.434435],[-111.700533,33.436693],[-111.698913,33.437435],[-111.700701,33.438008],[-111.701274,33.440077]]],"type":"Polygon"}},{"type":"Feature","properties":{"station_id":"221","status":"existing","strategy":"all","band":"8min"},"geometry":{"coordinates":[[[-111.64485,33.395453],[-111.644894,33.393494],[-111.645888,33.393488],[-111.646042,33.392642],[-111.6469,33.392501],[-111.646997,33.389597],[-111.647932,33.389451],[-111.648065,33.386665],[-111.649687,33.386614],[-111.64985,33.387541],[-111.657115,33.387451],[-111.65085,33.387293],[-111.649925,33.386376],[-111.648112,33.386189],[-111.648178,33.379778],[-111.649529,33.379451],[-111.648906,33.379395],[-111.648392,33.374451],[-111.647506,33.373795],[-111.647189,33.372112],[-111.645335,33.369451],[-111.64585,33.367805],[-111.64785,33.367927],[-111.64985,33.369698],[-111.653272,33.370029],[-111.653345,33.371945],[-111.652478,33.372451],[-111.65385,33.373738],[-111.654466,33.372451],[-111.654349,33.366451],[-111.653538,33.365138],[-111.660235,33.365066],[-111.660297,33.365897],[-111.658575,33.366451],[-111.66085,33.369348],[-111.662412,33.365451],[-111.668067,33.364451],[-111.66385,33.363573],[-111.662447,33.363854],[-111.66085,33.362621],[-111.660186,33.363786],[-111.65685,33.363887],[-111.655496,33.362451],[-111.655553,33.361451],[-111.658967,33.359451],[-111.656294,33.358451],[-111.65785,33.358095],[-111.658107,33.356707],[-111.659664,33.355264],[-111.66185,33.357288],[-111.663552,33.355451],[-111.662337,33.354451],[-111.663343,33.353451],[-111.66264,33.351241],[-111.670127,33.351174],[-111.670338,33.353451],[-111.668981,33.355451],[-111.669693,33.357451],[-111.668819,33.358451],[-111.670458,33.359843],[-111.67085,33.362371],[-111.671331,33.359451],[-111.672165,33.358451],[-111.671308,33.356451],[-111.672281,33.351881],[-111.67285,33.351498],[-111.67485,33.351851],[-111.67585,33.350702],[-111.68085,33.35162],[-111.684977,33.350451],[-111.68185,33.349877],[-111.671562,33.349739],[-111.671633,33.340233],[-111.67585,33.339333],[-111.677725,33.337451],[-111.680449,33.336451],[-111.67985,33.335852],[-111.67085,33.335722],[-111.670686,33.333287],[-111.675059,33.332659],[-111.674946,33.330451],[-111.677065,33.328665],[-111.68585,33.328265],[-111.686223,33.329823],[-111.685042,33.330451],[-111.686239,33.333451],[-111.685416,33.336451],[-111.686344,33.336957],[-111.68685,33.33822],[-111.687163,33.336763],[-111.688614,33.336451],[-111.688036,33.335451],[-111.688958,33.334451],[-111.687914,33.333451],[-111.690043,33.332451],[-111.688282,33.331451],[-111.688967,33.330451],[-111.688451,33.329451],[-111.692067,33.328451],[-111.68785,33.327721],[-111.687689,33.327289],[-111.69085,33.324555],[-111.69185,33.325711],[-111.693112,33.325451],[-111.692242,33.324451],[-111.692573,33.322173],[-111.694186,33.322451],[-111.69585,33.325258],[-111.69685,33.322048],[-111.699241,33.32206],[-111.699465,33.323065],[-111.698779,33.323451],[-111.699675,33.323626],[-111.700698,33.323451],[-111.70085,33.322062],[-111.703412,33.321889],[-111.70385,33.323156],[-111.704253,33.321853],[-111.705844,33.321451],[-111.70385,33.320664],[-111.701474,33.320827],[-111.700065,33.320236],[-111.69985,33.319445],[-111.699135,33.320735],[-111.696549,33.320752],[-111.691549,33.318752],[-111.69085,33.317618],[-111.68985,33.318364],[-111.689372,33.317929],[-111.689424,33.317024],[-111.69085,33.317029],[-111.692129,33.315451],[-111.690324,33.313977],[-111.68985,33.312552],[-111.68885,33.313076],[-111.687613,33.311451],[-111.688705,33.310451],[-111.688354,33.308954],[-111.690348,33.307451],[-111.68885,33.305698],[-111.686566,33.310166],[-111.686615,33.312215],[-111.685686,33.313451],[-111.685494,33.315451],[-111.684376,33.316451],[-111.683313,33.319451],[-111.68085,33.321717],[-111.679535,33.319451],[-111.679238,33.313063],[-111.677234,33.311451],[-111.6764,33.309451],[-111.674964,33.309564],[-111.67385,33.311556],[-111.673182,33.310119],[-111.671533,33.309768],[-111.671103,33.307451],[-111.670241,33.30706],[-111.66985,33.305583],[-111.669351,33.309451],[-111.670399,33.311451],[-111.672513,33.312788],[-111.674203,33.313098],[-111.67485,33.314598],[-111.67585,33.314722],[-111.67685,33.313895],[-111.677573,33.314451],[-111.677266,33.318451],[-111.678082,33.319219],[-111.678073,33.320673],[-111.675137,33.321451],[-111.677333,33.322451],[-111.67685,33.323545],[-111.674848,33.323448],[-111.674654,33.324451],[-111.67385,33.324733],[-111.66585,33.324709],[-111.663535,33.322451],[-111.660366,33.321935],[-111.65985,33.320718],[-111.65785,33.320664],[-111.657315,33.321915],[-111.65585,33.322623],[-111.65385,33.322619],[-111.653628,33.320451],[-111.65285,33.319673],[-111.652072,33.320451],[-111.65185,33.322613],[-111.64485,33.322602],[-111.644264,33.321037],[-111.642779,33.320522],[-111.642078,33.318223],[-111.638691,33.31661],[-111.63675,33.314551],[-111.636709,33.313451],[-111.640345,33.312945],[-111.640547,33.311451],[-111.638648,33.309451],[-111.640612,33.308451],[-111.638666,33.307451],[-111.638673,33.306451],[-111.639676,33.305451],[-111.639446,33.302855],[-111.63785,33.30264],[-111.63685,33.301635],[-111.635689,33.302451],[-111.63566,33.291451],[-111.636644,33.290451],[-111.635653,33.289451],[-111.63571,33.28631],[-111.65185,33.286133],[-111.65285,33.288253],[-111.65361,33.286211],[-111.65585,33.286091],[-111.65685,33.288623],[-111.65785,33.287492],[-111.65885,33.28828],[-111.65985,33.28604],[-111.661171,33.28613],[-111.66185,33.287623],[-111.66385,33.285968],[-111.66485,33.287151],[-111.66585,33.285917],[-111.66885,33.285832],[-111.669596,33.286451],[-111.66985,33.289673],[-111.67038,33.28598],[-111.673701,33.2856],[-111.673822,33.286479],[-111.674345,33.286451],[-111.67385,33.285336],[-111.670386,33.284915],[-111.66985,33.281615],[-111.669424,33.283024],[-111.668661,33.283451],[-111.669499,33.283802],[-111.669295,33.284895],[-111.668429,33.284872],[-111.66785,33.283543],[-111.66685,33.284908],[-111.663522,33.284779],[-111.66085,33.279454],[-111.659942,33.281451],[-111.660249,33.282849],[-111.658658,33.283258],[-111.65685,33.281995],[-111.65585,33.283881],[-111.654736,33.282451],[-111.65485,33.281351],[-111.65285,33.280033],[-111.651518,33.280118],[-111.65085,33.282947],[-111.64785,33.28269],[-111.64685,33.282047],[-111.64585,33.282449],[-111.644553,33.281748],[-111.64485,33.280885],[-111.646794,33.280451],[-111.64485,33.280016],[-111.64485,33.279021],[-111.648185,33.279116],[-111.648274,33.279874],[-111.646926,33.280451],[-111.648342,33.280959],[-111.64885,33.28214],[-111.64985,33.277997],[-111.65285,33.277901],[-111.65385,33.278735],[-111.65585,33.277762],[-111.65685,33.2788],[-111.659831,33.277451],[-111.65685,33.276557],[-111.65285,33.277024],[-111.65185,33.275241],[-111.65085,33.276929],[-111.64985,33.276509],[-111.64685,33.276836],[-111.64585,33.275984],[-111.64485,33.276801],[-111.644482,33.275082],[-111.646076,33.274451],[-111.64385,33.271761],[-111.64185,33.274019],[-111.63885,33.273828],[-111.63785,33.272825],[-111.63685,33.273765],[-111.635658,33.272643],[-111.63585,33.271127],[-111.63885,33.271001],[-111.63985,33.271507],[-111.64314,33.270451],[-111.639805,33.269496],[-111.635619,33.269451],[-111.63585,33.268335],[-111.639706,33.269306],[-111.640017,33.268451],[-111.641916,33.267451],[-111.639236,33.266451],[-111.639225,33.260451],[-111.638285,33.259451],[-111.63885,33.258806],[-111.640767,33.260534],[-111.642854,33.260454],[-111.642847,33.260448],[-111.64196,33.260341],[-111.641354,33.259947],[-111.64047,33.258451],[-111.639365,33.257936],[-111.639252,33.255451],[-111.63785,33.253458],[-111.637387,33.255914],[-111.638006,33.256606],[-111.637307,33.255994],[-111.635108,33.256193],[-111.63485,33.255461],[-111.6344,33.258451],[-111.632971,33.259451],[-111.633525,33.260451],[-111.633149,33.262749],[-111.63185,33.261947],[-111.62685,33.262861],[-111.62585,33.262001],[-111.624546,33.263146],[-111.622714,33.263451],[-111.62785,33.264065],[-111.62885,33.265083],[-111.629619,33.264219],[-111.632191,33.26411],[-111.633092,33.265692],[-111.630796,33.265396],[-111.63048,33.268821],[-111.63285,33.269624],[-111.63385,33.269307],[-111.63385,33.270954],[-111.631406,33.270895],[-111.63085,33.269942],[-111.63011,33.27171],[-111.62885,33.271044],[-111.625492,33.274451],[-111.622357,33.274451],[-111.622664,33.275451],[-111.62185,33.276893],[-111.618455,33.276846],[-111.61785,33.272732],[-111.617266,33.276866],[-111.612022,33.277451],[-111.61485,33.278431],[-111.61685,33.277942],[-111.617775,33.279526],[-111.61985,33.277953],[-111.62085,33.278787],[-111.62185,33.278008],[-111.62285,33.278848],[-111.623546,33.278146],[-111.62485,33.278076],[-111.62585,33.28082],[-111.62685,33.278111],[-111.634015,33.278286],[-111.63385,33.281864],[-111.62985,33.281471],[-111.628111,33.283711],[-111.626256,33.284451],[-111.62685,33.285045],[-111.63185,33.285187],[-111.632336,33.285965],[-111.633993,33.286308],[-111.63385,33.287728],[-111.629495,33.288451],[-111.633997,33.289304],[-111.634044,33.290451],[-111.632987,33.291587],[-111.61885,33.291749],[-111.618514,33.289114],[-111.61966,33.288451],[-111.618471,33.28783],[-111.61785,33.2851],[-111.615063,33.290451],[-111.61385,33.289532],[-111.61118,33.29178],[-111.60985,33.291889],[-111.608626,33.291226],[-111.60785,33.291935],[-111.60585,33.292],[-111.60485,33.290664],[-111.60385,33.292073],[-111.601471,33.29083],[-111.60085,33.285004],[-111.600195,33.290795],[-111.592519,33.291451],[-111.59485,33.291659],[-111.59585,33.292665],[-111.59685,33.29179],[-111.600177,33.292124],[-111.59985,33.297782],[-111.58485,33.297986],[-111.58385,33.297047],[-111.58285,33.298182],[-111.571433,33.298451],[-111.58185,33.298698],[-111.58385,33.299678],[-111.600021,33.29928],[-111.600385,33.305451],[-111.59985,33.306093],[-111.59812,33.306451],[-111.59985,33.306976],[-111.600109,33.307709],[-111.596561,33.309451],[-111.597719,33.310451],[-111.595413,33.314013],[-111.59285,33.315687],[-111.592545,33.314146],[-111.593476,33.313451],[-111.59185,33.311265],[-111.591349,33.312949],[-111.590195,33.313451],[-111.591288,33.314013],[-111.591287,33.315887],[-111.58785,33.316448],[-111.587003,33.317451],[-111.589668,33.318451],[-111.58885,33.319767],[-111.587619,33.319682],[-111.58685,33.318872],[-111.58485,33.319051],[-111.58385,33.318],[-111.58285,33.319838],[-111.57585,33.319946],[-111.57485,33.320966],[-111.56485,33.321225],[-111.56419,33.321111],[-111.56385,33.319169],[-111.563538,33.321138],[-111.561653,33.321451],[-111.562607,33.321694],[-111.56285,33.324189],[-111.562989,33.321589],[-111.56885,33.321832],[-111.570068,33.323233],[-111.57185,33.322157],[-111.57385,33.322019],[-111.57485,33.323931],[-111.575753,33.322353],[-111.57785,33.323527],[-111.57885,33.321969],[-111.579949,33.323549],[-111.58076,33.321451],[-111.58285,33.321064],[-111.58385,33.325936],[-111.58585,33.325068],[-111.587821,33.32648],[-111.590219,33.326082],[-111.590622,33.326451],[-111.588748,33.329451],[-111.590921,33.33038],[-111.590358,33.331451],[-111.591542,33.333451],[-111.590816,33.335451],[-111.59185,33.336388],[-111.59285,33.336078],[-111.59485,33.33703],[-111.59785,33.33597],[-111.598269,33.336869],[-111.597203,33.337451],[-111.59928,33.338021],[-111.60032,33.338981],[-111.600037,33.342637],[-111.59885,33.342756],[-111.598262,33.343451],[-111.59885,33.344188],[-111.600046,33.344255],[-111.60005,33.348451],[-111.598739,33.348451],[-111.599749,33.347451],[-111.59785,33.346095],[-111.596003,33.348451],[-111.593528,33.348773],[-111.59285,33.345481],[-111.592224,33.348824],[-111.58985,33.34855],[-111.585219,33.349451],[-111.587367,33.349934],[-111.58785,33.350878],[-111.58885,33.349814],[-111.59085,33.350011],[-111.59185,33.351551],[-111.59285,33.349883],[-111.59385,33.350749],[-111.594468,33.350068],[-111.59585,33.349921],[-111.59785,33.351378],[-111.600155,33.351146],[-111.600322,33.352451],[-111.599569,33.353451],[-111.600389,33.354451],[-111.60085,33.361698],[-111.602,33.359451],[-111.601299,33.358451],[-111.602427,33.357451],[-111.601404,33.356897],[-111.601279,33.355451],[-111.60285,33.354501],[-111.603079,33.353451],[-111.602193,33.352451],[-111.60285,33.351644],[-111.60385,33.351713],[-111.605778,33.353523],[-111.60685,33.353368],[-111.60785,33.352244],[-111.61285,33.353636],[-111.614253,33.353048],[-111.61485,33.355514],[-111.616451,33.357451],[-111.61556,33.358451],[-111.615965,33.359451],[-111.61485,33.360173],[-111.614351,33.362451],[-111.615215,33.363451],[-111.61085,33.363609],[-111.610967,33.362451],[-111.60985,33.362003],[-111.60885,33.363533],[-111.60685,33.363999],[-111.60585,33.362923],[-111.60485,33.363759],[-111.601642,33.364451],[-111.60485,33.365021],[-111.60585,33.365935],[-111.606724,33.365324],[-111.60785,33.365722],[-111.60985,33.365054],[-111.61285,33.366613],[-111.614147,33.366451],[-111.6148,33.3654],[-111.617974,33.365327],[-111.618158,33.366758],[-111.615996,33.367451],[-111.61785,33.367697],[-111.618566,33.368451],[-111.61734,33.37094],[-111.616107,33.371451],[-111.618494,33.373451],[-111.618254,33.374854],[-111.617051,33.375451],[-111.618565,33.375736],[-111.61885,33.377546],[-111.61985,33.372074],[-111.62185,33.374071],[-111.622257,33.371858],[-111.624146,33.369746],[-111.628067,33.370234],[-111.627769,33.371532],[-111.63018,33.371121],[-111.630957,33.372557],[-111.629193,33.374451],[-111.62986,33.375451],[-111.628733,33.376333],[-111.628727,33.377574],[-111.62985,33.378106],[-111.63085,33.376735],[-111.632648,33.377451],[-111.62885,33.378797],[-111.625569,33.376451],[-111.62545,33.37905],[-111.620814,33.379451],[-111.62585,33.380385],[-111.62885,33.379898],[-111.635114,33.380187],[-111.632386,33.383451],[-111.632279,33.385879],[-111.629841,33.386451],[-111.632603,33.386698],[-111.63285,33.390193],[-111.633372,33.387973],[-111.634408,33.387451],[-111.63337,33.385931],[-111.633305,33.384451],[-111.636231,33.381831],[-111.636586,33.380186],[-111.64685,33.379732],[-111.647372,33.382451],[-111.64526,33.38486],[-111.64085,33.385197],[-111.64076,33.38636],[-111.635448,33.386451],[-111.64085,33.386554],[-111.64185,33.385659],[-111.64585,33.385706],[-111.647231,33.38507],[-111.647707,33.389307],[-111.646759,33.389451],[-111.646715,33.392316],[-111.645806,33.392406],[-111.645724,33.393324],[-111.644792,33.393451],[-111.644821,33.395421],[-111.64413,33.395451],[-111.64485,33.395453]]],"type":"Polygon"}},{"type":"Feature","properties":{"station_id":"221","status":"existing","strategy":"all","band":"4min"},"geometry":{"coordinates":[[[-111.63585,33.360176],[-111.636078,33.357451],[-111.637001,33.356451],[-111.63669,33.35529],[-111.638648,33.353451],[-111.638312,33.352451],[-111.63985,33.351297],[-111.64185,33.35085],[-111.64285,33.351212],[-111.644826,33.350451],[-111.63685,33.34999],[-111.636409,33.349451],[-111.636669,33.336269],[-111.645424,33.335451],[-111.64285,33.33504],[-111.64185,33.33413],[-111.64085,33.334352],[-111.639471,33.333451],[-111.639096,33.332451],[-111.641231,33.331451],[-111.63885,33.330924],[-111.638679,33.329279],[-111.645226,33.328826],[-111.645226,33.328075],[-111.641555,33.326451],[-111.64385,33.325925],[-111.64485,33.324834],[-111.645693,33.326608],[-111.64685,33.32757],[-111.647786,33.327515],[-111.64785,33.327897],[-111.647858,33.327443],[-111.646917,33.327384],[-111.646899,33.326402],[-111.64599,33.326311],[-111.646007,33.324607],[-111.64685,33.324046],[-111.652183,33.324118],[-111.65285,33.328155],[-111.65385,33.323936],[-111.65585,33.323896],[-111.65708,33.32468],[-111.65885,33.323829],[-111.659738,33.325451],[-111.661347,33.325954],[-111.66185,33.326708],[-111.663803,33.327498],[-111.666281,33.327451],[-111.664111,33.32719],[-111.663954,33.326347],[-111.662547,33.325754],[-111.661926,33.324451],[-111.65785,33.322124],[-111.65585,33.323005],[-111.65385,33.322965],[-111.65285,33.321276],[-111.65185,33.322917],[-111.64485,33.322837],[-111.642207,33.321094],[-111.641994,33.320307],[-111.640417,33.319884],[-111.63885,33.317806],[-111.636664,33.317637],[-111.637188,33.315788],[-111.636536,33.314451],[-111.636453,33.306451],[-111.63685,33.305974],[-111.637465,33.306451],[-111.63785,33.309253],[-111.638236,33.306451],[-111.639275,33.305451],[-111.638668,33.303451],[-111.63685,33.302147],[-111.63585,33.302921],[-111.635391,33.302451],[-111.63485,33.288473],[-111.63459,33.29119],[-111.633326,33.292451],[-111.634549,33.293451],[-111.634399,33.298451],[-111.63385,33.299077],[-111.63185,33.299234],[-111.631646,33.300246],[-111.630848,33.300453],[-111.63085,33.301257],[-111.630855,33.300455],[-111.63185,33.300558],[-111.63221,33.29981],[-111.63421,33.300091],[-111.634139,33.304739],[-111.63285,33.304946],[-111.631451,33.30385],[-111.63085,33.301452],[-111.629466,33.303066],[-111.62585,33.30333],[-111.62385,33.304153],[-111.622387,33.303914],[-111.62185,33.303183],[-111.620174,33.303127],[-111.61985,33.302344],[-111.618375,33.302451],[-111.619797,33.302504],[-111.619816,33.303485],[-111.621702,33.303599],[-111.621706,33.305306],[-111.619672,33.306451],[-111.622798,33.306503],[-111.625955,33.309346],[-111.628275,33.312451],[-111.62685,33.314074],[-111.62285,33.315384],[-111.62185,33.313649],[-111.621566,33.315166],[-111.62066,33.315451],[-111.620825,33.316476],[-111.62685,33.318279],[-111.62885,33.317481],[-111.630018,33.320618],[-111.627171,33.320451],[-111.62585,33.318926],[-111.624856,33.319456],[-111.62385,33.31906],[-111.62285,33.319691],[-111.62185,33.31944],[-111.62085,33.320939],[-111.618569,33.320732],[-111.61785,33.314394],[-111.617682,33.315282],[-111.616828,33.315451],[-111.617188,33.317451],[-111.616246,33.318451],[-111.616235,33.320835],[-111.615177,33.320451],[-111.614882,33.317451],[-111.613587,33.317187],[-111.612861,33.317451],[-111.613692,33.317609],[-111.614667,33.319451],[-111.613454,33.321054],[-111.607163,33.321451],[-111.608671,33.32163],[-111.60885,33.322272],[-111.60985,33.321874],[-111.61185,33.322537],[-111.614179,33.322122],[-111.614001,33.324451],[-111.61493,33.32553],[-111.61585,33.32231],[-111.616009,33.323451],[-111.617321,33.32398],[-111.6185,33.325801],[-111.620137,33.326164],[-111.620325,33.326925],[-111.61885,33.327101],[-111.617427,33.326874],[-111.61685,33.326206],[-111.616092,33.326451],[-111.616033,33.328633],[-111.61317,33.331771],[-111.61185,33.331786],[-111.611788,33.333388],[-111.610816,33.333451],[-111.612272,33.333451],[-111.614666,33.332635],[-111.61585,33.333041],[-111.61785,33.332154],[-111.619196,33.333105],[-111.620534,33.337767],[-111.62285,33.339096],[-111.625144,33.342451],[-111.62665,33.343451],[-111.626657,33.344257],[-111.625495,33.344451],[-111.626937,33.344451],[-111.626372,33.339972],[-111.62685,33.339703],[-111.62985,33.340833],[-111.63085,33.343531],[-111.631851,33.340451],[-111.634128,33.339451],[-111.631536,33.338765],[-111.631477,33.336451],[-111.635026,33.336275],[-111.635384,33.341451],[-111.634423,33.342451],[-111.635194,33.343451],[-111.63516,33.34976],[-111.63385,33.350307],[-111.630004,33.350297],[-111.628143,33.350158],[-111.62685,33.349365],[-111.626527,33.350127],[-111.624331,33.350451],[-111.62685,33.351096],[-111.62985,33.350797],[-111.63085,33.352345],[-111.63185,33.350871],[-111.635176,33.351125],[-111.63524,33.35284],[-111.632375,33.353451],[-111.635257,33.354044],[-111.635324,33.355924],[-111.633411,33.356451],[-111.635351,33.35695],[-111.63585,33.360176]]],"type":"Polygon"}},{"type":"Feature","properties":{"station_id":"222","status":"existing","strategy":"all","band":"8min"},"geometry":{"coordinates":[[[-111.684375,33.510886],[-111.685375,33.49313],[-111.688375,33.49481],[-111.689375,33.493105],[-111.690708,33.494167],[-111.694716,33.493835],[-111.691375,33.49355],[-111.690591,33.492619],[-111.688998,33.492212],[-111.687882,33.490835],[-111.689375,33.48931],[-111.690375,33.49006],[-111.691375,33.489168],[-111.691608,33.487835],[-111.690902,33.486835],[-111.69305,33.484509],[-111.697375,33.48486],[-111.698375,33.484501],[-111.698648,33.483107],[-111.701375,33.483224],[-111.702078,33.483835],[-111.702375,33.485801],[-111.703081,33.482835],[-111.701915,33.482295],[-111.701971,33.48143],[-111.703375,33.481223],[-111.705468,33.481927],[-111.706706,33.481165],[-111.709268,33.480835],[-111.706375,33.480616],[-111.704428,33.479782],[-111.702067,33.480143],[-111.703072,33.476531],[-111.705375,33.476379],[-111.706375,33.477253],[-111.708761,33.477221],[-111.708658,33.476552],[-111.706924,33.476286],[-111.706375,33.475301],[-111.704858,33.475352],[-111.704693,33.474152],[-111.706375,33.473384],[-111.707375,33.474344],[-111.715693,33.473835],[-111.711375,33.473482],[-111.710375,33.472536],[-111.708375,33.473381],[-111.707375,33.472316],[-111.705375,33.472254],[-111.703911,33.470835],[-111.704023,33.468482],[-111.712375,33.468271],[-111.713375,33.467426],[-111.717375,33.467328],[-111.717923,33.467835],[-111.717275,33.469835],[-111.718093,33.470835],[-111.717805,33.473835],[-111.718375,33.474438],[-111.719477,33.470835],[-111.718684,33.469526],[-111.718814,33.467273],[-111.726998,33.466835],[-111.724622,33.466588],[-111.724375,33.465731],[-111.719375,33.4658],[-111.719047,33.464506],[-111.720677,33.463136],[-111.721049,33.461508],[-111.722052,33.460511],[-111.723375,33.460689],[-111.725481,33.45794],[-111.727754,33.457213],[-111.729375,33.455279],[-111.732312,33.454835],[-111.73201,33.453469],[-111.733375,33.45331],[-111.734375,33.452359],[-111.73593,33.453835],[-111.736185,33.459644],[-111.73558,33.459835],[-111.736375,33.460726],[-111.737037,33.452496],[-111.739375,33.452265],[-111.740375,33.453126],[-111.741375,33.452199],[-111.744375,33.452568],[-111.747579,33.451835],[-111.743375,33.451519],[-111.741375,33.450794],[-111.737034,33.451176],[-111.736701,33.447835],[-111.738026,33.444485],[-111.740375,33.443927],[-111.741375,33.441909],[-111.743007,33.443835],[-111.742413,33.444835],[-111.744375,33.445299],[-111.746878,33.444835],[-111.744752,33.442835],[-111.745375,33.442282],[-111.746375,33.44289],[-111.748119,33.440835],[-111.746657,33.439835],[-111.747375,33.437399],[-111.748375,33.438307],[-111.749375,33.437904],[-111.751375,33.438306],[-111.751983,33.437442],[-111.752767,33.437443],[-111.753375,33.442673],[-111.754721,33.438181],[-111.757375,33.438363],[-111.758375,33.437974],[-111.75865,33.437109],[-111.760282,33.436835],[-111.755057,33.435835],[-111.754814,33.434835],[-111.753781,33.434429],[-111.753375,33.432483],[-111.753176,33.434635],[-111.752361,33.435835],[-111.747146,33.436064],[-111.745889,33.434835],[-111.746707,33.433835],[-111.745735,33.430835],[-111.747153,33.429835],[-111.741654,33.428556],[-111.738655,33.426835],[-111.738425,33.425835],[-111.739155,33.424835],[-111.737665,33.423835],[-111.738555,33.423015],[-111.740648,33.422835],[-111.737251,33.421959],[-111.736375,33.418921],[-111.736043,33.422502],[-111.735223,33.422682],[-111.731719,33.422491],[-111.729375,33.420822],[-111.727375,33.421803],[-111.725375,33.42193],[-111.723911,33.421299],[-111.723375,33.420167],[-111.720504,33.417835],[-111.721727,33.417187],[-111.731114,33.415835],[-111.727375,33.41454],[-111.725375,33.414688],[-111.724375,33.415603],[-111.723375,33.414426],[-111.722375,33.415484],[-111.720346,33.414864],[-111.719747,33.409206],[-111.724901,33.408835],[-111.719985,33.407225],[-111.719375,33.404352],[-111.717674,33.408133],[-111.716375,33.407465],[-111.715122,33.408088],[-111.71466,33.405835],[-111.715201,33.404835],[-111.714375,33.402304],[-111.713375,33.40284],[-111.712486,33.404835],[-111.712256,33.406715],[-111.713067,33.407835],[-111.712375,33.408262],[-111.697066,33.408144],[-111.696,33.406459],[-111.696822,33.406388],[-111.697375,33.407198],[-111.698375,33.406147],[-111.699565,33.407024],[-111.700335,33.404875],[-111.698375,33.404332],[-111.694329,33.401788],[-111.693121,33.401835],[-111.692932,33.403391],[-111.690995,33.404454],[-111.689569,33.406835],[-111.690951,33.407835],[-111.688375,33.408005],[-111.687999,33.406211],[-111.685375,33.406163],[-111.685375,33.401773],[-111.68649,33.401835],[-111.685558,33.402835],[-111.687375,33.404364],[-111.690828,33.400835],[-111.689348,33.399835],[-111.690039,33.398499],[-111.691646,33.397835],[-111.689927,33.397283],[-111.689691,33.394835],[-111.697375,33.394226],[-111.701375,33.394512],[-111.702375,33.395381],[-111.703375,33.39425],[-111.708489,33.393835],[-111.700599,33.392611],[-111.697375,33.389496],[-111.694966,33.389425],[-111.694948,33.390835],[-111.69417,33.39104],[-111.694057,33.389516],[-111.695077,33.388835],[-111.693709,33.388501],[-111.693886,33.387345],[-111.698885,33.386835],[-111.693662,33.386548],[-111.69343,33.38478],[-111.691459,33.383751],[-111.689375,33.384443],[-111.687964,33.384246],[-111.687473,33.382835],[-111.689375,33.380516],[-111.693992,33.379835],[-111.691718,33.379492],[-111.691375,33.377877],[-111.689189,33.379021],[-111.689079,33.375835],[-111.688375,33.374353],[-111.688083,33.375542],[-111.687279,33.375835],[-111.686905,33.378364],[-111.684375,33.378664],[-111.683633,33.379835],[-111.686673,33.379537],[-111.68527,33.381835],[-111.681375,33.383595],[-111.68051,33.382835],[-111.680375,33.381106],[-111.680213,33.381672],[-111.678973,33.381835],[-111.677901,33.38636],[-111.673395,33.386835],[-111.674968,33.387242],[-111.675278,33.387835],[-111.672375,33.389397],[-111.671522,33.390835],[-111.672295,33.391835],[-111.670542,33.392002],[-111.670368,33.392835],[-111.670193,33.392017],[-111.66823,33.39098],[-111.667375,33.388715],[-111.666458,33.391835],[-111.666744,33.393203],[-111.665375,33.393422],[-111.664375,33.392768],[-111.664098,33.393557],[-111.662347,33.393835],[-111.666516,33.394694],[-111.666647,33.396106],[-111.664375,33.396671],[-111.664111,33.397835],[-111.665925,33.398835],[-111.664222,33.399835],[-111.666308,33.399902],[-111.667058,33.402152],[-111.666703,33.407162],[-111.660307,33.406903],[-111.659711,33.405835],[-111.66061,33.404835],[-111.659375,33.404385],[-111.658159,33.404618],[-111.655688,33.406835],[-111.65383,33.40729],[-111.651375,33.407521],[-111.650375,33.406281],[-111.649022,33.407481],[-111.645686,33.407835],[-111.648375,33.408748],[-111.649375,33.408504],[-111.650375,33.409316],[-111.651104,33.408563],[-111.651996,33.408835],[-111.649375,33.412086],[-111.648375,33.410908],[-111.646655,33.412835],[-111.647782,33.413428],[-111.647682,33.414141],[-111.646068,33.414142],[-111.645375,33.413561],[-111.643375,33.414221],[-111.642375,33.413002],[-111.640878,33.414337],[-111.639748,33.414462],[-111.639139,33.413835],[-111.641771,33.409439],[-111.640522,33.404688],[-111.640456,33.400915],[-111.64141,33.400835],[-111.641375,33.398834],[-111.641298,33.400757],[-111.640345,33.400835],[-111.639963,33.409835],[-111.638814,33.412273],[-111.635617,33.415076],[-111.635757,33.421216],[-111.634375,33.421527],[-111.633171,33.421039],[-111.632375,33.418833],[-111.631081,33.42254],[-111.628393,33.422835],[-111.631375,33.423053],[-111.632011,33.423835],[-111.63088,33.426835],[-111.631375,33.428404],[-111.630375,33.42781],[-111.628017,33.429835],[-111.629585,33.431835],[-111.631375,33.432149],[-111.631627,33.433086],[-111.625375,33.43375],[-111.624375,33.432637],[-111.623375,33.433078],[-111.622804,33.435263],[-111.620375,33.436332],[-111.619876,33.435336],[-111.620801,33.434835],[-111.619375,33.434041],[-111.617794,33.436253],[-111.616375,33.436457],[-111.615622,33.435835],[-111.616414,33.434835],[-111.615375,33.433082],[-111.614856,33.436315],[-111.611618,33.436835],[-111.615095,33.438115],[-111.615565,33.440024],[-111.6161,33.439835],[-111.615773,33.438835],[-111.616375,33.438043],[-111.61876,33.438219],[-111.619375,33.437743],[-111.620375,33.438237],[-111.621026,33.437485],[-111.623375,33.43728],[-111.623982,33.437835],[-111.624127,33.440835],[-111.625375,33.439378],[-111.627786,33.441424],[-111.629658,33.441552],[-111.629788,33.442247],[-111.628289,33.443835],[-111.630375,33.446007],[-111.631375,33.445286],[-111.632613,33.446597],[-111.63368,33.44653],[-111.634826,33.447384],[-111.634774,33.449233],[-111.631375,33.451387],[-111.629375,33.450662],[-111.628375,33.451384],[-111.627375,33.450598],[-111.626375,33.451528],[-111.625375,33.450779],[-111.623057,33.451835],[-111.632723,33.452487],[-111.631985,33.453835],[-111.632081,33.45854],[-111.631516,33.458835],[-111.632201,33.459009],[-111.632156,33.460835],[-111.632375,33.460905],[-111.632893,33.458835],[-111.632718,33.455177],[-111.633942,33.452835],[-111.637375,33.452487],[-111.637763,33.453222],[-111.63632,33.45489],[-111.637375,33.455474],[-111.638375,33.455167],[-111.639375,33.456256],[-111.643324,33.456886],[-111.644375,33.457666],[-111.64527,33.456729],[-111.646375,33.457033],[-111.647375,33.456433],[-111.649375,33.457124],[-111.649375,33.458],[-111.644599,33.458835],[-111.647653,33.459557],[-111.648366,33.460835],[-111.646746,33.461835],[-111.649731,33.462479],[-111.649789,33.463248],[-111.648567,33.463835],[-111.648771,33.46523],[-111.646375,33.465478],[-111.645375,33.46454],[-111.645038,33.465497],[-111.640695,33.465835],[-111.641375,33.466293],[-111.64145,33.465909],[-111.645375,33.466265],[-111.646375,33.46727],[-111.647061,33.46652],[-111.648722,33.466488],[-111.649299,33.470835],[-111.650292,33.470918],[-111.650375,33.471412],[-111.650514,33.469973],[-111.652888,33.467347],[-111.654375,33.46725],[-111.656375,33.468227],[-111.657375,33.466455],[-111.65951,33.4697],[-111.661639,33.470571],[-111.662608,33.472602],[-111.663375,33.472835],[-111.664216,33.470675],[-111.665708,33.470502],[-111.666949,33.471835],[-111.666675,33.472835],[-111.661101,33.47656],[-111.659334,33.479793],[-111.659375,33.481021],[-111.659478,33.479937],[-111.660429,33.479888],[-111.661967,33.477426],[-111.663797,33.477256],[-111.664375,33.476589],[-111.665375,33.477149],[-111.666375,33.475648],[-111.666564,33.476835],[-111.667961,33.477835],[-111.66683,33.478835],[-111.66718,33.481639],[-111.666363,33.481822],[-111.667437,33.481896],[-111.669122,33.476835],[-111.668139,33.476071],[-111.667828,33.474835],[-111.669932,33.472835],[-111.670211,33.47167],[-111.672283,33.471742],[-111.672375,33.470544],[-111.672952,33.470835],[-111.67244,33.471835],[-111.674272,33.471938],[-111.674375,33.473465],[-111.679627,33.479583],[-111.678903,33.481835],[-111.677853,33.483313],[-111.676218,33.482677],[-111.673375,33.484365],[-111.672375,33.48305],[-111.667106,33.483835],[-111.669375,33.484075],[-111.670375,33.485102],[-111.675375,33.486239],[-111.67839,33.48582],[-111.677329,33.486788],[-111.677519,33.489978],[-111.675375,33.491377],[-111.674375,33.491047],[-111.671375,33.491796],[-111.671374,33.491836],[-111.673239,33.491971],[-111.674375,33.49264],[-111.674702,33.492161],[-111.677602,33.492061],[-111.678738,33.491197],[-111.681426,33.487885],[-111.680298,33.485835],[-111.681771,33.484835],[-111.681726,33.481835],[-111.682375,33.481552],[-111.683562,33.482648],[-111.68369,33.485835],[-111.682704,33.486835],[-111.682808,33.494835],[-111.683823,33.495835],[-111.683944,33.501835],[-111.682942,33.502835],[-111.684121,33.504089],[-111.684274,33.510733],[-111.683732,33.510835],[-111.684375,33.510886]]],"type":"Polygon"}},{"type":"Feature","properties":{"station_id":"222","status":"existing","strategy":"all","band":"4min"},"geometry":{"coordinates":[[[-111.684375,33.470849],[-111.684751,33.467211],[-111.686375,33.466974],[-111.686641,33.4661],[-111.687857,33.465835],[-111.686531,33.465679],[-111.685559,33.464835],[-111.686731,33.463835],[-111.68655,33.462009],[-111.689205,33.459664],[-111.692375,33.459703],[-111.693506,33.458835],[-111.692878,33.457835],[-111.694375,33.452917],[-111.697375,33.453257],[-111.698375,33.452527],[-111.700086,33.453124],[-111.701375,33.455764],[-111.702834,33.452835],[-111.706742,33.451835],[-111.702461,33.450835],[-111.703003,33.447835],[-111.705115,33.445575],[-111.706375,33.445636],[-111.706757,33.444835],[-111.706375,33.443927],[-111.704375,33.444487],[-111.703617,33.443835],[-111.703864,33.439323],[-111.706461,33.438749],[-111.706375,33.44066],[-111.707375,33.441605],[-111.708375,33.440175],[-111.709375,33.440071],[-111.710375,33.43834],[-111.711819,33.438391],[-111.713375,33.43936],[-111.715375,33.438487],[-111.719375,33.43846],[-111.720265,33.437835],[-111.719375,33.43657],[-111.713375,33.437569],[-111.712547,33.436835],[-111.712375,33.434886],[-111.711824,33.436283],[-111.710941,33.436269],[-111.710329,33.434835],[-111.710918,33.431835],[-111.710375,33.430289],[-111.708314,33.431835],[-111.707375,33.433516],[-111.705375,33.433614],[-111.70457,33.432835],[-111.705628,33.431582],[-111.705208,33.430835],[-111.706375,33.431264],[-111.708323,33.429835],[-111.705084,33.429126],[-111.702932,33.426835],[-111.703185,33.425835],[-111.701792,33.423835],[-111.703354,33.422835],[-111.699522,33.421688],[-111.698375,33.422305],[-111.697375,33.420858],[-111.695979,33.421231],[-111.693375,33.417955],[-111.692476,33.418835],[-111.692375,33.420093],[-111.691375,33.418993],[-111.689376,33.420835],[-111.688375,33.42007],[-111.689035,33.417494],[-111.691375,33.417366],[-111.692375,33.416567],[-111.693375,33.417525],[-111.693957,33.416416],[-111.696102,33.415835],[-111.693375,33.414775],[-111.692375,33.41517],[-111.691375,33.414204],[-111.690375,33.415022],[-111.688375,33.414424],[-111.685999,33.411835],[-111.68795,33.410835],[-111.686009,33.410201],[-111.685917,33.409376],[-111.686891,33.408835],[-111.684493,33.407717],[-111.684375,33.406745],[-111.682522,33.411835],[-111.683084,33.412835],[-111.68251,33.413969],[-111.681375,33.41424],[-111.680375,33.413556],[-111.679375,33.4143],[-111.678375,33.414037],[-111.674301,33.414835],[-111.676029,33.415181],[-111.676375,33.415942],[-111.677375,33.415204],[-111.680375,33.41688],[-111.682752,33.416458],[-111.682688,33.418835],[-111.681195,33.419654],[-111.680825,33.422284],[-111.677375,33.422603],[-111.67565,33.42156],[-111.676375,33.417447],[-111.673999,33.419458],[-111.674003,33.421835],[-111.673375,33.422463],[-111.671995,33.422215],[-111.670418,33.420792],[-111.670032,33.422491],[-111.667473,33.422737],[-111.667375,33.421434],[-111.666123,33.422835],[-111.674375,33.423298],[-111.675375,33.423962],[-111.676375,33.42317],[-111.679375,33.424463],[-111.683375,33.423471],[-111.683591,33.42505],[-111.681117,33.425576],[-111.680174,33.426633],[-111.678963,33.426835],[-111.678374,33.427833],[-111.676327,33.427786],[-111.675375,33.428975],[-111.674375,33.427952],[-111.673375,33.429263],[-111.668375,33.429428],[-111.666375,33.428714],[-111.663053,33.429835],[-111.667005,33.430205],[-111.668375,33.431024],[-111.669375,33.430289],[-111.670708,33.430502],[-111.67083,33.431835],[-111.671754,33.432835],[-111.670013,33.434472],[-111.669636,33.436095],[-111.668563,33.434647],[-111.667375,33.43446],[-111.666658,33.436118],[-111.663375,33.436245],[-111.662375,33.434375],[-111.661684,33.436143],[-111.659029,33.436181],[-111.658375,33.430893],[-111.657375,33.434674],[-111.656055,33.435835],[-111.652375,33.436581],[-111.651375,33.435936],[-111.649313,33.436835],[-111.657375,33.43729],[-111.658375,33.438139],[-111.660375,33.437687],[-111.661375,33.438339],[-111.667738,33.437472],[-111.667552,33.442835],[-111.668116,33.443835],[-111.668375,33.444208],[-111.669375,33.442979],[-111.67144,33.443835],[-111.671251,33.446835],[-111.673375,33.447267],[-111.674993,33.448835],[-111.674375,33.449596],[-111.670375,33.450175],[-111.668467,33.448743],[-111.667273,33.448732],[-111.667039,33.448835],[-111.668262,33.448948],[-111.668152,33.451611],[-111.663143,33.451835],[-111.667375,33.452632],[-111.669375,33.452246],[-111.670375,33.452785],[-111.672967,33.452243],[-111.675375,33.453911],[-111.676375,33.453259],[-111.676828,33.454287],[-111.675866,33.454835],[-111.678488,33.456722],[-111.681693,33.457517],[-111.681375,33.458395],[-111.678795,33.458835],[-111.680149,33.459835],[-111.679503,33.460835],[-111.682507,33.462835],[-111.681821,33.46528],[-111.679834,33.465835],[-111.682141,33.466069],[-111.684375,33.470849]]],"type":"Polygon"}},{"type":"Feature","properties":{"station_id":"223","status":"committed","strategy":"all","band":"8min"},"geometry":{"coordinates":[[[-111.762966,33.510457],[-111.764023,33.510482],[-111.765159,33.509618],[-111.766966,33.509639],[-111.767966,33.508768],[-111.771966,33.508779],[-111.772966,33.50782],[-111.775966,33.507874],[-111.778163,33.506622],[-111.779966,33.50694],[-111.781266,33.505726],[-111.784966,33.505999],[-111.785966,33.50483],[-111.787311,33.505081],[-111.787966,33.506715],[-111.788966,33.506504],[-111.78863,33.505426],[-111.789896,33.504355],[-111.792996,33.504455],[-111.793044,33.503503],[-111.794022,33.503481],[-111.794145,33.502604],[-111.796966,33.501888],[-111.799966,33.499819],[-111.801211,33.49967],[-111.803966,33.496675],[-111.804966,33.497033],[-111.806195,33.494654],[-111.807999,33.494426],[-111.807966,33.493495],[-111.807948,33.494407],[-111.805858,33.494426],[-111.805652,33.495111],[-111.803959,33.495418],[-111.803802,33.496261],[-111.802886,33.496345],[-111.801627,33.498086],[-111.794642,33.501101],[-111.7943,33.501759],[-111.791966,33.501897],[-111.790966,33.502868],[-111.788691,33.502701],[-111.787616,33.501426],[-111.788475,33.500426],[-111.788405,33.496426],[-111.787665,33.495426],[-111.787817,33.481276],[-111.789683,33.482142],[-111.794966,33.481013],[-111.795966,33.481892],[-111.796966,33.480905],[-111.800341,33.480426],[-111.797966,33.479442],[-111.796619,33.479773],[-111.796457,33.477916],[-111.797798,33.477426],[-111.796513,33.476879],[-111.796482,33.475426],[-111.798966,33.473901],[-111.799966,33.474614],[-111.800966,33.473695],[-111.802461,33.473426],[-111.799966,33.472553],[-111.797966,33.472881],[-111.796659,33.471426],[-111.798428,33.470887],[-111.798966,33.47009],[-111.799966,33.472293],[-111.800712,33.470171],[-111.803791,33.46725],[-111.804325,33.469426],[-111.80344,33.470426],[-111.804433,33.471426],[-111.803374,33.473426],[-111.804966,33.474848],[-111.806058,33.473426],[-111.805673,33.471132],[-111.810455,33.470426],[-111.808966,33.46983],[-111.805966,33.469877],[-111.805779,33.467238],[-111.807176,33.467216],[-111.808966,33.469073],[-111.809618,33.468077],[-111.810966,33.468052],[-111.812228,33.467164],[-111.812407,33.469867],[-111.811245,33.470426],[-111.81249,33.470902],[-111.812966,33.472035],[-111.814334,33.469793],[-111.81559,33.469426],[-111.814702,33.467161],[-111.817284,33.467108],[-111.817373,33.468426],[-111.818204,33.468663],[-111.819072,33.468531],[-111.819966,33.466903],[-111.823966,33.466449],[-111.82444,33.464899],[-111.826124,33.463426],[-111.826113,33.461572],[-111.827063,33.461329],[-111.826966,33.460497],[-111.826859,33.461318],[-111.825896,33.461426],[-111.825883,33.463342],[-111.823966,33.464051],[-111.823821,33.46528],[-111.822166,33.465226],[-111.822056,33.463515],[-111.822752,33.463426],[-111.821966,33.461944],[-111.82068,33.466139],[-111.809966,33.466139],[-111.806966,33.465649],[-111.805966,33.466104],[-111.805271,33.465426],[-111.805638,33.462097],[-111.806399,33.461993],[-111.806966,33.46334],[-111.808788,33.461426],[-111.805929,33.460463],[-111.804966,33.458392],[-111.804356,33.460815],[-111.803039,33.461426],[-111.804166,33.463625],[-111.802666,33.463426],[-111.801966,33.461581],[-111.801422,33.462881],[-111.800251,33.463426],[-111.80091,33.465426],[-111.800441,33.4659],[-111.799525,33.465867],[-111.798966,33.464769],[-111.791575,33.464817],[-111.791529,33.463988],[-111.794106,33.463565],[-111.794187,33.462646],[-111.795966,33.462125],[-111.796611,33.46007],[-111.799168,33.459627],[-111.802107,33.455566],[-111.803787,33.454246],[-111.805026,33.454486],[-111.806193,33.452652],[-111.807966,33.452885],[-111.808966,33.451947],[-111.811172,33.45222],[-111.812127,33.454426],[-111.813966,33.45648],[-111.814432,33.453891],[-111.815785,33.452244],[-111.817966,33.452905],[-111.818966,33.451668],[-111.819966,33.451971],[-111.822267,33.451426],[-111.819966,33.451129],[-111.818966,33.450338],[-111.816966,33.450664],[-111.814966,33.449862],[-111.813966,33.446739],[-111.811843,33.450426],[-111.809124,33.450426],[-111.808395,33.448426],[-111.809045,33.447426],[-111.807341,33.446426],[-111.808308,33.445426],[-111.805826,33.442566],[-111.80657,33.441426],[-111.805288,33.440426],[-111.805505,33.438426],[-111.804966,33.437997],[-111.803705,33.443426],[-111.8026,33.444426],[-111.803576,33.445426],[-111.801966,33.446033],[-111.801499,33.446958],[-111.800557,33.446835],[-111.800182,33.445426],[-111.801254,33.444426],[-111.799237,33.443426],[-111.799626,33.441426],[-111.797928,33.438426],[-111.803133,33.437426],[-111.801219,33.437173],[-111.799966,33.435912],[-111.798804,33.436588],[-111.796966,33.433478],[-111.795612,33.43578],[-111.795972,33.436431],[-111.795301,33.436091],[-111.793966,33.436829],[-111.792966,33.436335],[-111.791966,33.433834],[-111.790966,33.434101],[-111.789439,33.432953],[-111.790657,33.430426],[-111.787966,33.425035],[-111.787387,33.428846],[-111.785501,33.42996],[-111.78397,33.430422],[-111.781966,33.4286],[-111.779747,33.429645],[-111.778429,33.428426],[-111.777966,33.425885],[-111.776859,33.426426],[-111.777565,33.426827],[-111.777252,33.429711],[-111.775692,33.4297],[-111.775617,33.426076],[-111.77677,33.424229],[-111.777966,33.424642],[-111.778966,33.423165],[-111.779966,33.422882],[-111.780966,33.423461],[-111.783354,33.422426],[-111.780966,33.421633],[-111.778966,33.421808],[-111.777966,33.421045],[-111.775751,33.421641],[-111.773241,33.419426],[-111.774095,33.418426],[-111.772126,33.416426],[-111.774692,33.415426],[-111.772296,33.415096],[-111.771283,33.414109],[-111.770966,33.412365],[-111.770817,33.414276],[-111.768516,33.415426],[-111.769539,33.415853],[-111.769584,33.417426],[-111.770765,33.417627],[-111.770643,33.421102],[-111.769474,33.421933],[-111.764966,33.422258],[-111.763268,33.421124],[-111.761966,33.421492],[-111.758966,33.420376],[-111.75765,33.421109],[-111.755541,33.420851],[-111.754636,33.419426],[-111.75551,33.417426],[-111.754718,33.416674],[-111.754966,33.416029],[-111.755966,33.416849],[-111.756966,33.415749],[-111.758966,33.416516],[-111.764045,33.415426],[-111.758966,33.414978],[-111.757966,33.414408],[-111.756966,33.414926],[-111.754629,33.414763],[-111.754367,33.409426],[-111.755424,33.408426],[-111.754493,33.407899],[-111.753966,33.406518],[-111.753399,33.407858],[-111.75237,33.408426],[-111.753325,33.410067],[-111.753105,33.411426],[-111.751302,33.412426],[-111.7511,33.414426],[-111.746966,33.414212],[-111.74432,33.415426],[-111.747727,33.415665],[-111.749065,33.416524],[-111.751111,33.416281],[-111.751884,33.417426],[-111.751101,33.418426],[-111.751444,33.419948],[-111.752856,33.421426],[-111.749966,33.421918],[-111.748966,33.421053],[-111.747966,33.421474],[-111.746966,33.421134],[-111.745966,33.422041],[-111.742966,33.42026],[-111.740502,33.421961],[-111.737966,33.422338],[-111.737225,33.422167],[-111.735966,33.420001],[-111.735769,33.422228],[-111.734175,33.422426],[-111.735294,33.423426],[-111.733963,33.425426],[-111.734966,33.425621],[-111.735511,33.426426],[-111.733717,33.427426],[-111.73465,33.428426],[-111.731966,33.429461],[-111.730966,33.428552],[-111.729966,33.429782],[-111.727966,33.430051],[-111.727507,33.431966],[-111.726392,33.432426],[-111.724189,33.435648],[-111.722966,33.436228],[-111.719966,33.436153],[-111.718966,33.432777],[-111.718043,33.434426],[-111.717975,33.436434],[-111.714468,33.437426],[-111.717749,33.438426],[-111.716853,33.439312],[-111.717772,33.43962],[-111.717794,33.441253],[-111.716371,33.442426],[-111.715481,33.44494],[-111.714515,33.445426],[-111.714882,33.44651],[-111.717388,33.446004],[-111.717932,33.446426],[-111.717271,33.44673],[-111.716343,33.449426],[-111.717065,33.450524],[-111.712309,33.450083],[-111.712294,33.448098],[-111.710966,33.448219],[-111.707966,33.447109],[-111.707296,33.447426],[-111.706879,33.449338],[-111.705966,33.449224],[-111.704966,33.450226],[-111.702966,33.450548],[-111.701966,33.447919],[-111.701496,33.450955],[-111.696345,33.451426],[-111.697966,33.451989],[-111.698966,33.45164],[-111.70059,33.452802],[-111.700296,33.456755],[-111.697604,33.457426],[-111.697411,33.458426],[-111.695966,33.458019],[-111.694966,33.45908],[-111.693966,33.4577],[-111.692759,33.457218],[-111.690981,33.459426],[-111.691399,33.460859],[-111.689948,33.461426],[-111.69145,33.461942],[-111.691057,33.463516],[-111.688966,33.463357],[-111.686966,33.465145],[-111.685168,33.464224],[-111.683966,33.461093],[-111.68274,33.465199],[-111.680966,33.466285],[-111.679189,33.464203],[-111.677169,33.459426],[-111.676342,33.45905],[-111.676041,33.457351],[-111.675157,33.457235],[-111.674966,33.456381],[-111.674,33.456426],[-111.674876,33.456516],[-111.67493,33.457462],[-111.675899,33.457493],[-111.675774,33.459426],[-111.67684,33.459552],[-111.676698,33.461426],[-111.677782,33.46161],[-111.677629,33.463426],[-111.678732,33.46366],[-111.678713,33.466426],[-111.68065,33.467742],[-111.680487,33.469426],[-111.681753,33.470639],[-111.682567,33.470426],[-111.682739,33.469426],[-111.68148,33.468912],[-111.681324,33.467783],[-111.681966,33.466845],[-111.683118,33.467426],[-111.683944,33.470426],[-111.682674,33.471133],[-111.682435,33.472426],[-111.683364,33.473426],[-111.683966,33.475928],[-111.684341,33.4748],[-111.684966,33.474701],[-111.686966,33.474821],[-111.687966,33.475723],[-111.699994,33.476398],[-111.699092,33.477426],[-111.700124,33.478268],[-111.699966,33.480098],[-111.700966,33.481733],[-111.701979,33.480439],[-111.703966,33.480657],[-111.704966,33.481943],[-111.706483,33.480942],[-111.707966,33.480811],[-111.709909,33.482483],[-111.712966,33.482912],[-111.713451,33.483426],[-111.712869,33.484523],[-111.71384,33.486552],[-111.714534,33.486426],[-111.714328,33.485426],[-111.714966,33.484737],[-111.716325,33.485067],[-111.716588,33.486047],[-111.715618,33.486426],[-111.718379,33.488013],[-111.718966,33.490035],[-111.719707,33.485166],[-111.721966,33.484899],[-111.722966,33.48576],[-111.724177,33.485426],[-111.721966,33.48352],[-111.719966,33.48383],[-111.719966,33.483073],[-111.721966,33.483369],[-111.723966,33.482995],[-111.724966,33.482203],[-111.730966,33.481827],[-111.732966,33.483031],[-111.735966,33.483211],[-111.736966,33.48221],[-111.739513,33.481972],[-111.739966,33.481236],[-111.746966,33.481247],[-111.746966,33.481718],[-111.744533,33.481992],[-111.744549,33.483843],[-111.750966,33.484217],[-111.751337,33.485055],[-111.752966,33.485261],[-111.753966,33.484262],[-111.761966,33.484229],[-111.762966,33.483227],[-111.766966,33.483219],[-111.767828,33.482287],[-111.770373,33.481832],[-111.770966,33.48118],[-111.77294,33.4814],[-111.773673,33.479132],[-111.775394,33.478854],[-111.777302,33.47709],[-111.77791,33.477369],[-111.777696,33.476426],[-111.778332,33.476061],[-111.77887,33.476426],[-111.778009,33.477426],[-111.778978,33.478426],[-111.782966,33.478786],[-111.783966,33.48012],[-111.785966,33.478186],[-111.786183,33.479426],[-111.785227,33.480426],[-111.786191,33.481426],[-111.786205,33.500665],[-111.78175,33.501426],[-111.784592,33.502426],[-111.783277,33.504736],[-111.779966,33.504907],[-111.778966,33.50592],[-111.775966,33.505972],[-111.774966,33.506988],[-111.771966,33.507058],[-111.770966,33.50781],[-111.769966,33.507425],[-111.768966,33.508142],[-111.766966,33.508201],[-111.766552,33.509011],[-111.763966,33.509341],[-111.763831,33.51029],[-111.762487,33.510426],[-111.762966,33.510457]]],"type":"Polygon"}},{"type":"Feature","properties":{"station_id":"223","status":"committed","strategy":"all","band":"4min"},"geometry":{"coordinates":[[[-111.751966,33.48471],[-111.752966,33.484943],[-111.753966,33.483956],[-111.761966,33.4835],[-111.762089,33.482548],[-111.763644,33.482426],[-111.761925,33.482384],[-111.761828,33.483287],[-111.753611,33.482781],[-111.753966,33.481886],[-111.756966,33.481694],[-111.758725,33.480426],[-111.755966,33.480366],[-111.75509,33.478426],[-111.755966,33.477674],[-111.759129,33.477426],[-111.754966,33.476787],[-111.753672,33.474426],[-111.755491,33.473426],[-111.755627,33.470086],[-111.757719,33.471178],[-111.758597,33.470057],[-111.760966,33.470152],[-111.761163,33.470622],[-111.75921,33.471426],[-111.759604,33.472788],[-111.760966,33.47298],[-111.762773,33.471232],[-111.764385,33.470844],[-111.764966,33.4672],[-111.76816,33.467232],[-111.768191,33.468426],[-111.768966,33.468788],[-111.770966,33.467167],[-111.773966,33.467142],[-111.774966,33.468178],[-111.776966,33.468261],[-111.775736,33.469195],[-111.774965,33.471427],[-111.775712,33.47168],[-111.779734,33.468193],[-111.780966,33.468068],[-111.781347,33.468426],[-111.780409,33.469426],[-111.780326,33.470785],[-111.778902,33.472361],[-111.778966,33.474201],[-111.779319,33.472778],[-111.780966,33.471838],[-111.781637,33.470096],[-111.783693,33.468152],[-111.785343,33.468049],[-111.785859,33.468426],[-111.784889,33.469426],[-111.786966,33.474836],[-111.788156,33.472615],[-111.78744,33.471952],[-111.787515,33.470974],[-111.789465,33.470426],[-111.787534,33.469858],[-111.787627,33.467086],[-111.794842,33.466426],[-111.79126,33.466132],[-111.788484,33.464908],[-111.788122,33.462581],[-111.789141,33.462426],[-111.788966,33.462001],[-111.78793,33.462389],[-111.787642,33.464101],[-111.786704,33.464426],[-111.786395,33.465854],[-111.784966,33.465883],[-111.783966,33.466948],[-111.778966,33.466756],[-111.778397,33.464995],[-111.775664,33.464728],[-111.775457,33.461426],[-111.775966,33.460912],[-111.778174,33.461218],[-111.778966,33.463703],[-111.780966,33.460636],[-111.78517,33.459426],[-111.783966,33.458574],[-111.782966,33.459079],[-111.781178,33.458426],[-111.779383,33.456426],[-111.779752,33.455426],[-111.778789,33.455426],[-111.777966,33.457824],[-111.776085,33.456426],[-111.776288,33.455426],[-111.775269,33.453728],[-111.778966,33.452717],[-111.779966,33.451642],[-111.781161,33.451426],[-111.773116,33.450426],[-111.771353,33.446426],[-111.770966,33.443283],[-111.769266,33.446426],[-111.770633,33.447426],[-111.768652,33.448426],[-111.768156,33.449426],[-111.77036,33.450032],[-111.769966,33.450969],[-111.767966,33.450543],[-111.766966,33.450961],[-111.762637,33.449755],[-111.762151,33.446426],[-111.762231,33.44569],[-111.763087,33.445305],[-111.761966,33.444596],[-111.761156,33.450615],[-111.759123,33.450426],[-111.757966,33.449635],[-111.756966,33.450861],[-111.753758,33.450634],[-111.753555,33.445014],[-111.755966,33.444808],[-111.756966,33.445548],[-111.757966,33.444705],[-111.759761,33.444426],[-111.755966,33.4441],[-111.754504,33.442888],[-111.753966,33.437521],[-111.753304,33.439426],[-111.753715,33.440426],[-111.752132,33.441426],[-111.752863,33.442426],[-111.752256,33.443715],[-111.747786,33.444426],[-111.749966,33.445504],[-111.750966,33.444733],[-111.752334,33.446058],[-111.751729,33.450188],[-111.748923,33.450469],[-111.746966,33.448854],[-111.746484,33.449943],[-111.743966,33.451011],[-111.737371,33.451426],[-111.739945,33.452447],[-111.740966,33.451725],[-111.743966,33.451841],[-111.745894,33.454498],[-111.746966,33.451926],[-111.747966,33.453386],[-111.748966,33.452348],[-111.749966,33.453607],[-111.752219,33.452173],[-111.752175,33.456634],[-111.750688,33.456704],[-111.749966,33.455838],[-111.745509,33.456426],[-111.746966,33.456693],[-111.747548,33.457426],[-111.74435,33.459426],[-111.748528,33.460426],[-111.747693,33.461426],[-111.748067,33.462526],[-111.743702,33.463161],[-111.744729,33.464426],[-111.744431,33.46589],[-111.743494,33.465898],[-111.742577,33.464426],[-111.743102,33.46229],[-111.741966,33.462008],[-111.740966,33.462919],[-111.739966,33.462031],[-111.737824,33.462283],[-111.737355,33.465426],[-111.736724,33.465668],[-111.736473,33.460426],[-111.737642,33.459426],[-111.736412,33.458426],[-111.735966,33.451549],[-111.735521,33.458426],[-111.731897,33.462426],[-111.731966,33.463439],[-111.732254,33.462713],[-111.734436,33.462895],[-111.734566,33.462025],[-111.735282,33.46211],[-111.734285,33.463426],[-111.73537,33.464426],[-111.734229,33.465688],[-111.732966,33.464886],[-111.729966,33.465882],[-111.722966,33.466343],[-111.719246,33.466146],[-111.718966,33.465349],[-111.718732,33.466191],[-111.717837,33.466426],[-111.723966,33.467197],[-111.731966,33.46666],[-111.732966,33.467795],[-111.735196,33.467196],[-111.73433,33.469062],[-111.735413,33.471426],[-111.735586,33.475426],[-111.733631,33.477426],[-111.735384,33.478426],[-111.734762,33.480426],[-111.735935,33.480457],[-111.735966,33.480868],[-111.748966,33.480852],[-111.749966,33.482068],[-111.75231,33.482082],[-111.752375,33.482834],[-111.751377,33.483426],[-111.751966,33.48471]]],"type":"Polygon"}},{"type":"Feature","properties":{"station_id":"224","status":"committed","strategy":"all","band":"8min"},"geometry":{"coordinates":[[[-111.639822,33.410718],[-111.639981,33.402384],[-111.640907,33.401468],[-111.641202,33.398764],[-111.646232,33.394384],[-111.647083,33.391384],[-111.648086,33.390384],[-111.648427,33.386988],[-111.64923,33.386976],[-111.649822,33.387724],[-111.658822,33.387771],[-111.660822,33.387724],[-111.661822,33.38662],[-111.663239,33.386967],[-111.663931,33.390384],[-111.663443,33.391004],[-111.661128,33.392689],[-111.657948,33.393384],[-111.663587,33.393619],[-111.663822,33.395167],[-111.664822,33.394572],[-111.666202,33.395384],[-111.666932,33.396493],[-111.665413,33.397384],[-111.665944,33.398384],[-111.667324,33.398882],[-111.667085,33.400384],[-111.667822,33.401542],[-111.668797,33.398384],[-111.66847,33.397384],[-111.669945,33.396384],[-111.668828,33.395384],[-111.676598,33.393384],[-111.6724,33.392384],[-111.672545,33.391106],[-111.675566,33.389384],[-111.672822,33.389064],[-111.670822,33.390741],[-111.668742,33.388303],[-111.673822,33.387903],[-111.674822,33.38671],[-111.677822,33.386638],[-111.678593,33.387384],[-111.678547,33.388109],[-111.67781,33.388396],[-111.678822,33.38938],[-111.679009,33.387571],[-111.679822,33.386805],[-111.683054,33.386615],[-111.684287,33.386919],[-111.684822,33.389309],[-111.68509,33.387651],[-111.685715,33.387384],[-111.685619,33.38518],[-111.68864,33.384566],[-111.688822,33.38503],[-111.688928,33.384384],[-111.686664,33.383542],[-111.687422,33.381983],[-111.689372,33.381384],[-111.689822,33.380701],[-111.690822,33.381038],[-111.692822,33.379798],[-111.693822,33.380377],[-111.699538,33.379384],[-111.691469,33.378737],[-111.691822,33.377876],[-111.694081,33.377384],[-111.691511,33.375695],[-111.690822,33.37319],[-111.689644,33.372562],[-111.689815,33.368376],[-111.690736,33.36947],[-111.691694,33.369512],[-111.692066,33.368627],[-111.693822,33.36831],[-111.698822,33.368444],[-111.700822,33.369015],[-111.702822,33.368231],[-111.702242,33.369384],[-111.703822,33.369676],[-111.704467,33.370384],[-111.703514,33.372384],[-111.704611,33.373595],[-111.704822,33.375087],[-111.70523,33.372791],[-111.706105,33.372384],[-111.705334,33.371872],[-111.705336,33.370384],[-111.707086,33.369384],[-111.705592,33.368614],[-111.705591,33.366152],[-111.707732,33.366384],[-111.708822,33.367122],[-111.710822,33.365952],[-111.715881,33.365384],[-111.712822,33.364101],[-111.711822,33.364455],[-111.710822,33.363465],[-111.710283,33.364844],[-111.708936,33.364384],[-111.707163,33.361384],[-111.70942,33.360384],[-111.709013,33.359384],[-111.709665,33.358384],[-111.708464,33.357742],[-111.70845,33.357011],[-111.712822,33.354787],[-111.714822,33.356232],[-111.717822,33.354052],[-111.719185,33.355021],[-111.721822,33.360891],[-111.722822,33.355082],[-111.723763,33.354324],[-111.724822,33.354514],[-111.727958,33.353384],[-111.726511,33.352695],[-111.726989,33.351384],[-111.728073,33.351133],[-111.728822,33.352194],[-111.729822,33.350989],[-111.73418,33.350384],[-111.730822,33.349417],[-111.729822,33.350133],[-111.728822,33.34877],[-111.727585,33.349621],[-111.725822,33.347508],[-111.724243,33.349384],[-111.72272,33.349486],[-111.724082,33.348643],[-111.723782,33.347343],[-111.724822,33.346842],[-111.725822,33.347225],[-111.726779,33.346384],[-111.722545,33.345661],[-111.721822,33.340812],[-111.720822,33.345836],[-111.718822,33.346147],[-111.717822,33.34529],[-111.716725,33.345481],[-111.715822,33.343986],[-111.713822,33.345129],[-111.712079,33.342384],[-111.712385,33.340384],[-111.71573,33.339384],[-111.713128,33.339078],[-111.711365,33.337384],[-111.7165,33.336384],[-111.715822,33.335844],[-111.713822,33.335821],[-111.709822,33.333939],[-111.706399,33.335384],[-111.705804,33.333365],[-111.706426,33.331384],[-111.704843,33.330363],[-111.703822,33.327066],[-111.703697,33.328258],[-111.703084,33.328384],[-111.703624,33.329384],[-111.703045,33.331606],[-111.702369,33.332384],[-111.701721,33.332485],[-111.699822,33.330872],[-111.696822,33.332741],[-111.694822,33.331218],[-111.693822,33.331215],[-111.692822,33.329988],[-111.689597,33.331609],[-111.689537,33.330099],[-111.691822,33.329188],[-111.694822,33.328558],[-111.701856,33.328384],[-111.692822,33.328133],[-111.689464,33.327384],[-111.690094,33.324655],[-111.690822,33.324337],[-111.691822,33.325549],[-111.692799,33.325384],[-111.692181,33.325025],[-111.692536,33.322097],[-111.694289,33.322384],[-111.695822,33.324855],[-111.696822,33.32192],[-111.699239,33.321967],[-111.699288,33.323384],[-111.699907,33.323468],[-111.700822,33.321904],[-111.703544,33.321662],[-111.703822,33.322464],[-111.704791,33.321384],[-111.701822,33.320967],[-111.699822,33.319848],[-111.699171,33.320733],[-111.696467,33.320739],[-111.691412,33.318794],[-111.690822,33.317923],[-111.689879,33.318384],[-111.690474,33.318732],[-111.690196,33.319757],[-111.689184,33.319384],[-111.689808,33.318384],[-111.68904,33.317384],[-111.691765,33.315384],[-111.690081,33.314125],[-111.689822,33.312883],[-111.688822,33.313047],[-111.687328,33.311384],[-111.688496,33.310384],[-111.688197,33.308758],[-111.6895,33.307384],[-111.688822,33.306554],[-111.686583,33.310145],[-111.686622,33.312183],[-111.685737,33.313384],[-111.685513,33.315384],[-111.684378,33.316384],[-111.683309,33.319384],[-111.680822,33.321656],[-111.679496,33.319384],[-111.679186,33.31302],[-111.677622,33.312584],[-111.676886,33.31032],[-111.675852,33.309354],[-111.673677,33.311529],[-111.67301,33.310196],[-111.671442,33.309764],[-111.669822,33.30651],[-111.669442,33.309384],[-111.670353,33.311384],[-111.674195,33.313011],[-111.674822,33.314448],[-111.675822,33.314596],[-111.676822,33.313927],[-111.677575,33.314384],[-111.677257,33.318384],[-111.678149,33.319384],[-111.678067,33.321628],[-111.675339,33.322384],[-111.67691,33.323471],[-111.675206,33.323767],[-111.673822,33.324745],[-111.665822,33.324708],[-111.663188,33.322384],[-111.660001,33.322205],[-111.659822,33.320966],[-111.658404,33.320802],[-111.657822,33.320759],[-111.657467,33.322028],[-111.653822,33.322686],[-111.652822,33.319945],[-111.651822,33.322703],[-111.645822,33.322754],[-111.643995,33.322211],[-111.643062,33.321384],[-111.642941,33.320265],[-111.64112,33.320086],[-111.640957,33.319249],[-111.640149,33.319057],[-111.638822,33.317306],[-111.63663,33.316576],[-111.635822,33.312039],[-111.635564,33.315384],[-111.634822,33.316016],[-111.631307,33.313899],[-111.629932,33.312274],[-111.629084,33.312122],[-111.628891,33.311315],[-111.627923,33.311283],[-111.627844,33.310362],[-111.627305,33.310384],[-111.627804,33.310402],[-111.627812,33.311394],[-111.628747,33.311459],[-111.62878,33.312426],[-111.629628,33.312578],[-111.631651,33.315555],[-111.633402,33.315804],[-111.633667,33.316539],[-111.634822,33.316613],[-111.635572,33.317384],[-111.634822,33.318477],[-111.632822,33.318948],[-111.631352,33.318854],[-111.630822,33.318087],[-111.630548,33.321109],[-111.625206,33.321384],[-111.627822,33.322015],[-111.629822,33.321783],[-111.630788,33.322418],[-111.632142,33.322064],[-111.632354,33.323915],[-111.630822,33.325079],[-111.629822,33.325127],[-111.629441,33.326003],[-111.625944,33.326262],[-111.624665,33.325226],[-111.624061,33.325384],[-111.624264,33.326384],[-111.623532,33.327093],[-111.622091,33.327115],[-111.621422,33.326384],[-111.621494,33.329384],[-111.622136,33.328697],[-111.623256,33.32895],[-111.622799,33.330384],[-111.62496,33.332246],[-111.624999,33.33356],[-111.623323,33.336384],[-111.622739,33.336467],[-111.622611,33.335384],[-111.620822,33.333097],[-111.619822,33.333307],[-111.620385,33.336384],[-111.619822,33.337097],[-111.617822,33.336929],[-111.616822,33.335704],[-111.612822,33.334008],[-111.612822,33.334457],[-111.613642,33.334564],[-111.614448,33.336758],[-111.615444,33.337384],[-111.615042,33.340384],[-111.618113,33.341093],[-111.618211,33.342384],[-111.610562,33.343384],[-111.612046,33.344384],[-111.615251,33.344955],[-111.615258,33.345819],[-111.613871,33.346384],[-111.618035,33.347171],[-111.618002,33.349563],[-111.608822,33.349742],[-111.607822,33.348767],[-111.605822,33.348416],[-111.601518,33.348688],[-111.602166,33.347384],[-111.601016,33.345384],[-111.601966,33.34424],[-111.600822,33.341755],[-111.600164,33.343384],[-111.600145,33.348706],[-111.598475,33.348731],[-111.597822,33.347779],[-111.596296,33.348857],[-111.592822,33.348853],[-111.591279,33.349384],[-111.593607,33.349599],[-111.593822,33.350421],[-111.595822,33.350072],[-111.597822,33.350805],[-111.599822,33.350636],[-111.600421,33.351384],[-111.600822,33.356852],[-111.601175,33.354736],[-111.601915,33.354291],[-111.601747,33.352308],[-111.602822,33.350985],[-111.604164,33.351042],[-111.605822,33.352739],[-111.607822,33.351335],[-111.60898,33.352226],[-111.612822,33.353027],[-111.613822,33.352416],[-111.616029,33.353384],[-111.615336,33.354384],[-111.618183,33.359384],[-111.617051,33.360384],[-111.617366,33.361384],[-111.61644,33.362384],[-111.617901,33.363462],[-111.609029,33.364384],[-111.611822,33.364794],[-111.612822,33.365473],[-111.614822,33.3648],[-111.618186,33.36502],[-111.618525,33.366384],[-111.61745,33.367384],[-111.618562,33.367644],[-111.618665,33.369226],[-111.618149,33.369384],[-111.618822,33.37167],[-111.619126,33.367384],[-111.620822,33.364926],[-111.623518,33.365384],[-111.623657,33.366384],[-111.621693,33.368384],[-111.621822,33.370094],[-111.623647,33.368208],[-111.624822,33.368424],[-111.625822,33.367828],[-111.627822,33.369091],[-111.628822,33.368693],[-111.630493,33.369384],[-111.629495,33.370384],[-111.629758,33.371384],[-111.630959,33.371247],[-111.632346,33.373384],[-111.630822,33.375248],[-111.630949,33.376257],[-111.633539,33.377384],[-111.630494,33.379055],[-111.627873,33.379384],[-111.635188,33.380018],[-111.635235,33.380796],[-111.63269,33.383384],[-111.632822,33.385277],[-111.633084,33.383645],[-111.635875,33.382436],[-111.636822,33.379801],[-111.647052,33.380154],[-111.647159,33.382384],[-111.645071,33.384632],[-111.641822,33.384792],[-111.640822,33.386089],[-111.633822,33.385894],[-111.632822,33.385399],[-111.627822,33.386237],[-111.616149,33.386384],[-111.631822,33.386574],[-111.632822,33.387123],[-111.641501,33.386705],[-111.642822,33.385777],[-111.645822,33.38579],[-111.64706,33.385146],[-111.647455,33.389384],[-111.646565,33.390126],[-111.645185,33.393746],[-111.640711,33.398272],[-111.640599,33.40116],[-111.639699,33.401384],[-111.639822,33.410718]]],"type":"Polygon"}},{"type":"Feature","properties":{"station_id":"224","status":"committed","strategy":"all","band":"4min"},"geometry":{"coordinates":[[[-111.670822,33.370551],[-111.67167,33.368384],[-111.671343,33.367384],[-111.672315,33.365876],[-111.676615,33.365384],[-111.674822,33.365073],[-111.673822,33.364019],[-111.673075,33.364636],[-111.672572,33.364384],[-111.675424,33.358384],[-111.671993,33.356384],[-111.672523,33.352084],[-111.674822,33.35201],[-111.675508,33.351069],[-111.676822,33.35098],[-111.680153,33.352053],[-111.680822,33.353174],[-111.683917,33.352478],[-111.683264,33.351384],[-111.683822,33.350916],[-111.686822,33.350837],[-111.687433,33.351384],[-111.687822,33.356656],[-111.688943,33.353384],[-111.688349,33.352384],[-111.688675,33.351236],[-111.690822,33.352447],[-111.691309,33.35087],[-111.693625,33.350581],[-111.693822,33.35095],[-111.694723,33.350384],[-111.688413,33.349793],[-111.687822,33.344648],[-111.686144,33.348705],[-111.683822,33.348886],[-111.682822,33.348096],[-111.681822,33.34981],[-111.671622,33.349584],[-111.671386,33.341384],[-111.672401,33.340384],[-111.672338,33.338384],[-111.671359,33.337384],[-111.671822,33.336776],[-111.674915,33.336384],[-111.670409,33.335797],[-111.670075,33.333384],[-111.670641,33.332384],[-111.669822,33.330334],[-111.669456,33.335384],[-111.6678,33.336384],[-111.669285,33.337921],[-111.669389,33.339384],[-111.670288,33.340384],[-111.667817,33.341384],[-111.669846,33.34236],[-111.670201,33.344384],[-111.668178,33.347739],[-111.666484,33.347722],[-111.665977,33.343384],[-111.664822,33.343295],[-111.662822,33.34471],[-111.659822,33.344294],[-111.658367,33.345384],[-111.660216,33.347384],[-111.662822,33.347695],[-111.662986,33.349547],[-111.653822,33.34967],[-111.653574,33.348135],[-111.655196,33.347384],[-111.654706,33.346267],[-111.656955,33.345384],[-111.655464,33.344742],[-111.655126,33.343384],[-111.653822,33.34367],[-111.651822,33.343136],[-111.650397,33.343384],[-111.651822,33.343631],[-111.652349,33.344384],[-111.651822,33.349688],[-111.647822,33.35008],[-111.645561,33.349645],[-111.645175,33.346384],[-111.643822,33.344386],[-111.643532,33.346384],[-111.644516,33.34669],[-111.644616,33.347384],[-111.64451,33.349384],[-111.643822,33.350058],[-111.636407,33.349799],[-111.635822,33.345134],[-111.635263,33.349824],[-111.634746,33.350307],[-111.630307,33.350384],[-111.635283,33.350923],[-111.635822,33.353739],[-111.636594,33.351155],[-111.637446,33.35176],[-111.637822,33.353214],[-111.638822,33.352033],[-111.641822,33.351114],[-111.643471,33.352384],[-111.643822,33.354952],[-111.644499,33.35106],[-111.651822,33.352012],[-111.651822,33.352813],[-111.649434,33.353384],[-111.652191,33.354384],[-111.652148,33.35671],[-111.650708,33.357384],[-111.651354,33.357852],[-111.651371,33.360835],[-111.652822,33.365158],[-111.654035,33.362384],[-111.653562,33.361384],[-111.656062,33.359384],[-111.653822,33.358512],[-111.653791,33.357353],[-111.660822,33.358065],[-111.661092,33.359653],[-111.65953,33.359384],[-111.658796,33.362384],[-111.660822,33.363178],[-111.66172,33.362384],[-111.661672,33.361233],[-111.662822,33.362042],[-111.666822,33.360855],[-111.668752,33.363384],[-111.664326,33.364384],[-111.670229,33.364977],[-111.670822,33.370551]]],"type":"Polygon"}},{"type":"Feature","properties":{"station_id":"225","status":"proposed-2028","strategy":"mesa","band":"8min"},"geometry":{"coordinates":[[[-111.717673,33.491514],[-111.718785,33.49137],[-111.719063,33.490648],[-111.719673,33.484974],[-111.72192,33.485012],[-111.722673,33.485866],[-111.723991,33.485941],[-111.725673,33.487604],[-111.726996,33.487259],[-111.725006,33.484926],[-111.723513,33.484419],[-111.722899,33.483259],[-111.724673,33.482941],[-111.725673,33.481948],[-111.731673,33.481962],[-111.732673,33.483038],[-111.733673,33.482864],[-111.734198,33.483734],[-111.735673,33.483996],[-111.736673,33.482007],[-111.740673,33.481972],[-111.741673,33.48096],[-111.746673,33.480922],[-111.747673,33.481786],[-111.749889,33.482043],[-111.752673,33.484736],[-111.753673,33.483868],[-111.762673,33.48379],[-111.763673,33.482777],[-111.767673,33.482723],[-111.768673,33.481706],[-111.769673,33.481692],[-111.770015,33.480601],[-111.771758,33.480344],[-111.771874,33.479459],[-111.773727,33.479313],[-111.774779,33.477365],[-111.776673,33.477509],[-111.776779,33.476365],[-111.777707,33.476292],[-111.777758,33.475343],[-111.778697,33.475282],[-111.778726,33.474311],[-111.779755,33.474259],[-111.779673,33.472356],[-111.779549,33.474134],[-111.778673,33.474159],[-111.778451,33.475036],[-111.777673,33.475125],[-111.777387,33.475973],[-111.776673,33.476097],[-111.776332,33.476917],[-111.774391,33.477259],[-111.773673,33.477933],[-111.773521,33.479107],[-111.771583,33.479168],[-111.769673,33.47984],[-111.769163,33.480748],[-111.767501,33.481087],[-111.766673,33.481966],[-111.762673,33.481796],[-111.761673,33.482788],[-111.754673,33.482912],[-111.754029,33.482259],[-111.754673,33.481499],[-111.757939,33.481259],[-111.756843,33.481089],[-111.756673,33.480115],[-111.755673,33.480615],[-111.755165,33.480259],[-111.755091,33.477677],[-111.758808,33.477259],[-111.754437,33.476495],[-111.755332,33.469918],[-111.756673,33.470735],[-111.757458,33.469044],[-111.759136,33.468796],[-111.760214,33.471718],[-111.761673,33.471939],[-111.762363,33.470949],[-111.764254,33.470259],[-111.762962,33.46897],[-111.762505,33.46709],[-111.763673,33.467728],[-111.764673,33.466809],[-111.768673,33.466874],[-111.769673,33.467662],[-111.770673,33.466876],[-111.774673,33.466777],[-111.778457,33.468475],[-111.78126,33.468672],[-111.781673,33.469523],[-111.783673,33.467921],[-111.781734,33.468198],[-111.779673,33.466736],[-111.778283,33.466649],[-111.777673,33.465497],[-111.775184,33.464748],[-111.775451,33.462036],[-111.777673,33.462405],[-111.778518,33.464414],[-111.779673,33.464965],[-111.780562,33.464259],[-111.780358,33.462944],[-111.781737,33.462259],[-111.782172,33.460757],[-111.784673,33.459853],[-111.787003,33.461929],[-111.787673,33.46547],[-111.788215,33.4628],[-111.790673,33.462309],[-111.790614,33.4602],[-111.791866,33.459259],[-111.789673,33.458208],[-111.789041,33.457259],[-111.791867,33.456259],[-111.789754,33.455259],[-111.790275,33.453861],[-111.792493,33.453259],[-111.792466,33.452052],[-111.793662,33.453259],[-111.795135,33.452797],[-111.796426,33.455259],[-111.796366,33.455951],[-111.795473,33.456259],[-111.796673,33.457374],[-111.798673,33.453159],[-111.799673,33.453465],[-111.800673,33.452445],[-111.801673,33.452759],[-111.805672,33.451259],[-111.800673,33.45083],[-111.797673,33.449381],[-111.797797,33.448259],[-111.796673,33.446171],[-111.79526,33.448259],[-111.796348,33.449259],[-111.79502,33.450605],[-111.794136,33.450259],[-111.793761,33.448171],[-111.792966,33.450552],[-111.788519,33.450413],[-111.788673,33.449302],[-111.789673,33.450008],[-111.792186,33.448259],[-111.790799,33.447259],[-111.790673,33.445812],[-111.789136,33.445259],[-111.790875,33.444259],[-111.789075,33.443259],[-111.789984,33.442259],[-111.789769,33.441259],[-111.787673,33.437046],[-111.787243,33.440259],[-111.785778,33.442259],[-111.787261,33.443259],[-111.786673,33.443941],[-111.78495,33.444259],[-111.785034,33.44762],[-111.784388,33.447544],[-111.783742,33.44619],[-111.782673,33.447467],[-111.780788,33.447259],[-111.780941,33.445991],[-111.779673,33.444398],[-111.77908,33.446665],[-111.776522,33.447107],[-111.775673,33.447881],[-111.774188,33.447744],[-111.774433,33.447259],[-111.773364,33.445949],[-111.774673,33.446102],[-111.777879,33.444259],[-111.776032,33.4409],[-111.775018,33.442603],[-111.772444,33.442487],[-111.774154,33.438739],[-111.775573,33.438358],[-111.776673,33.439891],[-111.777673,33.438482],[-111.778673,33.439297],[-111.779673,33.438281],[-111.781673,33.438547],[-111.782673,33.437717],[-111.784836,33.437259],[-111.783673,33.436725],[-111.780673,33.43684],[-111.778971,33.435961],[-111.775114,33.436259],[-111.775648,33.435259],[-111.774181,33.434259],[-111.77455,33.433259],[-111.773555,33.432259],[-111.77495,33.430259],[-111.771294,33.427638],[-111.770673,33.425224],[-111.769476,33.428259],[-111.770139,33.429259],[-111.769673,33.429862],[-111.767673,33.428915],[-111.766463,33.429469],[-111.764673,33.427363],[-111.763865,33.42845],[-111.760384,33.429548],[-111.760292,33.428259],[-111.75805,33.425882],[-111.757723,33.424309],[-111.758673,33.42355],[-111.759673,33.424115],[-111.760673,33.423333],[-111.761673,33.424553],[-111.762074,33.423659],[-111.766708,33.422259],[-111.759673,33.42129],[-111.756673,33.422009],[-111.755174,33.421758],[-111.754088,33.419259],[-111.754899,33.418259],[-111.754253,33.416839],[-111.756732,33.415317],[-111.757784,33.415259],[-111.754005,33.414927],[-111.753673,33.41196],[-111.752588,33.414259],[-111.750673,33.414868],[-111.748568,33.414364],[-111.747673,33.413208],[-111.746797,33.414382],[-111.745673,33.414307],[-111.740673,33.411904],[-111.738152,33.41178],[-111.737924,33.410259],[-111.738673,33.409395],[-111.746293,33.408259],[-111.742673,33.407283],[-111.740673,33.407838],[-111.738957,33.407259],[-111.73955,33.406259],[-111.737289,33.404643],[-111.737343,33.402929],[-111.738274,33.402259],[-111.737158,33.401774],[-111.736673,33.399863],[-111.73642,33.401006],[-111.7347,33.402259],[-111.736042,33.403259],[-111.734673,33.405719],[-111.733673,33.406024],[-111.732673,33.407338],[-111.731673,33.406647],[-111.730673,33.40803],[-111.728673,33.407475],[-111.727673,33.407837],[-111.725008,33.406924],[-111.724673,33.406214],[-111.723673,33.406882],[-111.721748,33.406259],[-111.722462,33.405259],[-111.720938,33.403259],[-111.721337,33.402259],[-111.720023,33.400259],[-111.719673,33.397734],[-111.719234,33.39982],[-111.71797,33.400259],[-111.717673,33.401019],[-111.718086,33.402259],[-111.717018,33.403259],[-111.717893,33.405259],[-111.716673,33.406739],[-111.715673,33.407079],[-111.714673,33.404528],[-111.713673,33.404001],[-111.712912,33.407259],[-111.712209,33.407794],[-111.707738,33.408259],[-111.709391,33.408541],[-111.709367,33.411259],[-111.710287,33.412259],[-111.709385,33.413259],[-111.709779,33.414364],[-111.706673,33.414659],[-111.705673,33.413816],[-111.703673,33.41489],[-111.702077,33.413854],[-111.701673,33.412167],[-111.700963,33.414549],[-111.697844,33.415259],[-111.700361,33.416259],[-111.699981,33.417567],[-111.69845,33.418259],[-111.699958,33.419259],[-111.698673,33.420015],[-111.696673,33.419897],[-111.694673,33.422113],[-111.693673,33.419763],[-111.692999,33.420259],[-111.691318,33.422904],[-111.691985,33.424259],[-111.691546,33.427131],[-111.69062,33.427259],[-111.690129,33.429715],[-111.689112,33.42982],[-111.687673,33.428901],[-111.686673,33.429747],[-111.686046,33.429259],[-111.686966,33.428259],[-111.685239,33.426693],[-111.684673,33.42272],[-111.684239,33.425825],[-111.682598,33.427259],[-111.684081,33.428851],[-111.684034,33.42962],[-111.682214,33.429718],[-111.681732,33.428199],[-111.680456,33.429041],[-111.678325,33.429259],[-111.683182,33.43175],[-111.683813,33.436399],[-111.681673,33.435985],[-111.680673,33.434588],[-111.679673,33.435786],[-111.678673,33.434911],[-111.677673,33.436771],[-111.676673,33.435473],[-111.674673,33.436183],[-111.672673,33.436105],[-111.671673,33.434998],[-111.67136,33.436945],[-111.66865,33.437259],[-111.673026,33.437906],[-111.675673,33.439199],[-111.677673,33.438267],[-111.679673,33.439968],[-111.681673,33.439085],[-111.682616,33.440259],[-111.677434,33.441019],[-111.677081,33.443259],[-111.679673,33.443777],[-111.679944,33.444529],[-111.676185,33.444747],[-111.674845,33.443259],[-111.674673,33.441339],[-111.674347,33.441932],[-111.672673,33.441929],[-111.671673,33.440345],[-111.668896,33.440259],[-111.671157,33.443259],[-111.670883,33.445048],[-111.671679,33.445253],[-111.670187,33.446259],[-111.669184,33.448748],[-111.670115,33.448817],[-111.669673,33.449615],[-111.668038,33.447894],[-111.666316,33.447616],[-111.662865,33.444067],[-111.661176,33.443756],[-111.658751,33.44118],[-111.657852,33.44108],[-111.657697,33.440235],[-111.656338,33.440259],[-111.65765,33.440281],[-111.657648,33.441284],[-111.658599,33.441333],[-111.658618,33.442314],[-111.66051,33.444422],[-111.662476,33.444456],[-111.662579,33.445353],[-111.664417,33.446515],[-111.66538,33.448551],[-111.666673,33.448621],[-111.668159,33.449773],[-111.668145,33.45073],[-111.659673,33.45079],[-111.657445,33.450487],[-111.656673,33.449648],[-111.654383,33.450969],[-111.650265,33.451259],[-111.652379,33.451553],[-111.652673,33.452154],[-111.653095,33.451681],[-111.655269,33.451663],[-111.656673,33.452594],[-111.65722,33.451806],[-111.658216,33.451715],[-111.659673,33.453002],[-111.660604,33.452189],[-111.662673,33.451882],[-111.663673,33.455094],[-111.664904,33.453489],[-111.665673,33.453347],[-111.667673,33.456271],[-111.668158,33.453259],[-111.669673,33.452832],[-111.673853,33.456259],[-111.673838,33.455094],[-111.671094,33.452259],[-111.672896,33.452036],[-111.674154,33.453259],[-111.674341,33.454591],[-111.675673,33.454787],[-111.677673,33.456809],[-111.679908,33.457024],[-111.679673,33.457695],[-111.677246,33.458259],[-111.679134,33.459259],[-111.678243,33.460259],[-111.679185,33.461259],[-111.67878,33.462259],[-111.681421,33.463259],[-111.680673,33.464025],[-111.679048,33.463883],[-111.678673,33.462521],[-111.678427,33.464259],[-111.679138,33.465259],[-111.678673,33.465704],[-111.673673,33.466002],[-111.672673,33.465121],[-111.670596,33.466259],[-111.672673,33.466979],[-111.674304,33.466628],[-111.675673,33.467578],[-111.676268,33.466854],[-111.677673,33.466627],[-111.681673,33.467358],[-111.682274,33.468259],[-111.681986,33.470259],[-111.683251,33.473259],[-111.683673,33.479376],[-111.684506,33.477259],[-111.684207,33.475793],[-111.686106,33.475259],[-111.686673,33.474555],[-111.687615,33.475317],[-111.696088,33.475844],[-111.697009,33.476259],[-111.694922,33.477259],[-111.696394,33.478259],[-111.695766,33.479351],[-111.693673,33.480441],[-111.692673,33.479312],[-111.691089,33.480674],[-111.689673,33.480365],[-111.689498,33.481084],[-111.688522,33.481259],[-111.693197,33.481735],[-111.693987,33.483259],[-111.698673,33.482661],[-111.700673,33.484204],[-111.701903,33.484029],[-111.701673,33.484693],[-111.700673,33.484454],[-111.700469,33.485054],[-111.699543,33.485129],[-111.699583,33.488349],[-111.702093,33.487259],[-111.703993,33.485259],[-111.703088,33.484259],[-111.704475,33.483061],[-111.706857,33.483259],[-111.707394,33.482259],[-111.708673,33.48204],[-111.709673,33.482832],[-111.712673,33.482933],[-111.712276,33.485259],[-111.71331,33.486622],[-111.714673,33.487547],[-111.715673,33.486756],[-111.716344,33.487588],[-111.71793,33.488002],[-111.717326,33.490259],[-111.717673,33.491514]]],"type":"Polygon"}},{"type":"Feature","properties":{"station_id":"225","status":"proposed-2028","strategy":"mesa","band":"4min"},"geometry":{"coordinates":[[[-111.735673,33.474724],[-111.736966,33.471552],[-111.736673,33.470026],[-111.737673,33.469868],[-111.739809,33.467394],[-111.741673,33.466725],[-111.742673,33.467309],[-111.743011,33.466596],[-111.744708,33.466259],[-111.738673,33.464567],[-111.738138,33.465724],[-111.736335,33.465597],[-111.7363,33.460259],[-111.739316,33.459259],[-111.736434,33.458498],[-111.73649,33.453076],[-111.739893,33.453039],[-111.74083,33.455415],[-111.741449,33.453035],[-111.744921,33.453011],[-111.745289,33.455259],[-111.744241,33.456259],[-111.745673,33.457229],[-111.747444,33.455259],[-111.746271,33.454661],[-111.74642,33.453006],[-111.747212,33.453259],[-111.747673,33.455031],[-111.749673,33.453633],[-111.750673,33.453756],[-111.751329,33.452914],[-111.753002,33.45293],[-111.753249,33.454259],[-111.751801,33.457259],[-111.752429,33.457503],[-111.753673,33.46052],[-111.754462,33.453048],[-111.760673,33.45259],[-111.761673,33.45324],[-111.764243,33.452259],[-111.761673,33.450639],[-111.760673,33.451981],[-111.758673,33.451647],[-111.757673,33.450694],[-111.756673,33.451679],[-111.754315,33.451617],[-111.753757,33.444342],[-111.75429,33.444259],[-111.753673,33.443493],[-111.752505,33.444259],[-111.753253,33.446259],[-111.751638,33.448223],[-111.752373,33.449259],[-111.751977,33.450563],[-111.749673,33.450812],[-111.748673,33.448029],[-111.747673,33.447849],[-111.74712,33.448706],[-111.745472,33.449259],[-111.745465,33.451259],[-111.74496,33.451546],[-111.743433,33.451499],[-111.742673,33.449061],[-111.741955,33.45054],[-111.740673,33.449762],[-111.737673,33.450041],[-111.736492,33.45144],[-111.736346,33.447259],[-111.737922,33.445508],[-111.738037,33.443623],[-111.739673,33.442295],[-111.73987,33.441259],[-111.737924,33.440008],[-111.737936,33.438259],[-111.738673,33.437661],[-111.742673,33.437731],[-111.743751,33.437259],[-111.737298,33.436634],[-111.736673,33.430549],[-111.735534,33.432259],[-111.736389,33.432543],[-111.73646,33.433259],[-111.734949,33.434259],[-111.735883,33.436469],[-111.733673,33.436967],[-111.732673,33.436321],[-111.72894,33.437259],[-111.734558,33.438374],[-111.734307,33.440892],[-111.731227,33.442259],[-111.731641,33.443259],[-111.730673,33.444023],[-111.729673,33.443545],[-111.728673,33.44443],[-111.725673,33.444675],[-111.723987,33.446572],[-111.723349,33.446583],[-111.723087,33.444845],[-111.721547,33.444259],[-111.722762,33.44217],[-111.722491,33.440259],[-111.721283,33.438868],[-111.723673,33.43895],[-111.726129,33.437714],[-111.727673,33.437857],[-111.728588,33.437259],[-111.724673,33.436344],[-111.72228,33.436652],[-111.720683,33.435259],[-111.720585,33.434259],[-111.7191,33.433259],[-111.720322,33.432259],[-111.719886,33.430259],[-111.718673,33.429218],[-111.717925,33.433511],[-111.716673,33.435398],[-111.713342,33.436927],[-111.711673,33.436663],[-111.709777,33.437259],[-111.71632,33.438612],[-111.717978,33.440954],[-111.717953,33.441539],[-111.715526,33.443112],[-111.71508,33.444665],[-111.713098,33.446684],[-111.711507,33.447093],[-111.710673,33.447997],[-111.708799,33.446133],[-111.706673,33.445549],[-111.705875,33.447259],[-111.707082,33.448259],[-111.705897,33.449482],[-111.704673,33.449784],[-111.703212,33.44872],[-111.703557,33.447259],[-111.702224,33.445259],[-111.703138,33.444259],[-111.702159,33.443773],[-111.701673,33.442638],[-111.701418,33.444004],[-111.700546,33.444259],[-111.701426,33.445259],[-111.699386,33.448259],[-111.701108,33.448824],[-111.700956,33.450542],[-111.699511,33.451421],[-111.697852,33.45008],[-111.696673,33.44991],[-111.695715,33.4513],[-111.693673,33.451832],[-111.692673,33.450036],[-111.692045,33.45163],[-111.689797,33.452259],[-111.692673,33.453389],[-111.694005,33.45259],[-111.699674,33.453258],[-111.700316,33.454259],[-111.699968,33.459259],[-111.701208,33.459724],[-111.701673,33.46086],[-111.702351,33.459259],[-111.702018,33.456259],[-111.703135,33.455259],[-111.703673,33.453502],[-111.704939,33.454259],[-111.706673,33.457745],[-111.708673,33.456508],[-111.709099,33.456833],[-111.709161,33.458747],[-111.706328,33.459259],[-111.709288,33.459643],[-111.709821,33.460259],[-111.709673,33.462277],[-111.711904,33.46049],[-111.713878,33.461464],[-111.716958,33.460974],[-111.718076,33.462259],[-111.718006,33.465591],[-111.716673,33.465834],[-111.714673,33.464822],[-111.712367,33.465952],[-111.708995,33.466259],[-111.712673,33.467067],[-111.713673,33.466573],[-111.718022,33.46691],[-111.718301,33.469259],[-111.717225,33.470259],[-111.718148,33.471259],[-111.717953,33.472979],[-111.718673,33.474005],[-111.719352,33.471259],[-111.719065,33.466651],[-111.731592,33.46634],[-111.732493,33.466439],[-111.732673,33.467171],[-111.734673,33.466713],[-111.735221,33.467259],[-111.735673,33.474724]]],"type":"Polygon"}},{"type":"Feature","properties":{"station_id":"226","status":"proposed-2028","strategy":"mesa","band":"8min"},"geometry":{"coordinates":[[[-111.736142,33.483245],[-111.736613,33.481642],[-111.738655,33.481172],[-111.736439,33.480875],[-111.736777,33.477806],[-111.740205,33.477172],[-111.736914,33.4764],[-111.737459,33.475172],[-111.737028,33.474058],[-111.739754,33.473172],[-111.739949,33.471979],[-111.741873,33.470903],[-111.743142,33.470998],[-111.744972,33.470001],[-111.74481,33.466839],[-111.74747,33.468499],[-111.749825,33.466854],[-111.751428,33.466886],[-111.75277,33.467544],[-111.753142,33.469668],[-111.754484,33.466513],[-111.757233,33.466172],[-111.754142,33.465855],[-111.753537,33.464777],[-111.75378,33.46281],[-111.755056,33.462172],[-111.753754,33.46156],[-111.753756,33.459786],[-111.75794,33.459172],[-111.754354,33.458172],[-111.755142,33.456041],[-111.758889,33.453919],[-111.761142,33.454658],[-111.761583,33.456172],[-111.760934,33.457172],[-111.761796,33.458172],[-111.761278,33.459172],[-111.762142,33.460407],[-111.762492,33.458172],[-111.764142,33.456536],[-111.764981,33.454172],[-111.766142,33.454979],[-111.767142,33.454665],[-111.768142,33.453237],[-111.770142,33.453349],[-111.770966,33.454172],[-111.770552,33.455172],[-111.771142,33.455854],[-111.771596,33.452625],[-111.776208,33.452172],[-111.771627,33.450172],[-111.772777,33.448172],[-111.772178,33.446172],[-111.775906,33.443172],[-111.772788,33.442526],[-111.773453,33.441172],[-111.772314,33.439172],[-111.773423,33.438891],[-111.774964,33.44035],[-111.778142,33.44125],[-111.780142,33.44019],[-111.781142,33.440983],[-111.782142,33.439964],[-111.783142,33.440273],[-111.783487,33.439517],[-111.786142,33.438768],[-111.787546,33.439767],[-111.788142,33.441516],[-111.789272,33.438172],[-111.793048,33.437172],[-111.789026,33.436288],[-111.788142,33.433512],[-111.786793,33.435822],[-111.783845,33.436469],[-111.783694,33.435723],[-111.784685,33.435172],[-111.784142,33.434323],[-111.782083,33.436112],[-111.7811,33.436214],[-111.779142,33.43399],[-111.777988,33.435172],[-111.776827,33.434172],[-111.777056,33.433172],[-111.775788,33.432172],[-111.778142,33.431629],[-111.779142,33.432762],[-111.779721,33.431751],[-111.781142,33.431172],[-111.783142,33.432017],[-111.784142,33.430996],[-111.788142,33.430762],[-111.788952,33.428982],[-111.790825,33.428172],[-111.79141,33.427172],[-111.791182,33.426172],[-111.791934,33.425172],[-111.7913,33.424172],[-111.792142,33.423688],[-111.794142,33.425109],[-111.797213,33.424242],[-111.799194,33.423224],[-111.799476,33.422506],[-111.801548,33.422172],[-111.798587,33.421727],[-111.793142,33.419665],[-111.792142,33.419629],[-111.790939,33.421172],[-111.789968,33.421346],[-111.789114,33.420172],[-111.789566,33.418172],[-111.788768,33.416172],[-111.790524,33.415172],[-111.788142,33.414252],[-111.787142,33.414796],[-111.785142,33.413578],[-111.784356,33.414385],[-111.781822,33.413852],[-111.779142,33.414742],[-111.777796,33.413172],[-111.778296,33.412172],[-111.777142,33.411096],[-111.776142,33.412293],[-111.773417,33.411172],[-111.77541,33.410439],[-111.7758,33.40883],[-111.777142,33.408438],[-111.778227,33.409257],[-111.781393,33.408172],[-111.780142,33.407394],[-111.776142,33.40777],[-111.773557,33.406757],[-111.772142,33.405085],[-111.771142,33.39893],[-111.770659,33.401688],[-111.769271,33.402043],[-111.769142,33.401095],[-111.766142,33.399531],[-111.765142,33.399661],[-111.762493,33.396821],[-111.762616,33.395172],[-111.763867,33.393897],[-111.764456,33.393858],[-111.765142,33.394879],[-111.766142,33.393487],[-111.768712,33.394172],[-111.768789,33.393172],[-111.765142,33.392253],[-111.762765,33.392795],[-111.762142,33.393768],[-111.761541,33.393172],[-111.76237,33.392399],[-111.762142,33.389736],[-111.760142,33.389838],[-111.759351,33.388963],[-111.756499,33.388172],[-111.759299,33.386329],[-111.764418,33.386172],[-111.755142,33.385877],[-111.754361,33.385172],[-111.754142,33.38249],[-111.75385,33.385879],[-111.748076,33.385238],[-111.749199,33.384115],[-111.748169,33.381172],[-111.748548,33.380578],[-111.752054,33.379172],[-111.747142,33.378681],[-111.746142,33.378102],[-111.745142,33.378663],[-111.744142,33.376015],[-111.743375,33.375939],[-111.743142,33.37522],[-111.742699,33.376172],[-111.743142,33.377459],[-111.739835,33.376479],[-111.73987,33.3749],[-111.743499,33.373172],[-111.740081,33.373233],[-111.739713,33.371743],[-111.740984,33.371172],[-111.739774,33.37054],[-111.739142,33.368707],[-111.737278,33.374172],[-111.738676,33.375172],[-111.737142,33.377666],[-111.736142,33.378278],[-111.734917,33.377172],[-111.732788,33.378818],[-111.729297,33.379172],[-111.732142,33.379421],[-111.733288,33.380318],[-111.734282,33.380032],[-111.733486,33.382515],[-111.731974,33.383172],[-111.734142,33.383478],[-111.735378,33.385408],[-111.720142,33.385759],[-111.719379,33.385172],[-111.7195,33.38453],[-111.720481,33.384172],[-111.720142,33.383197],[-111.71893,33.38396],[-111.718928,33.385172],[-111.718142,33.385836],[-111.708651,33.386172],[-111.718912,33.386402],[-111.71892,33.38795],[-111.718142,33.388964],[-111.716142,33.38983],[-111.714142,33.389615],[-111.714002,33.390032],[-111.714142,33.390686],[-111.715142,33.3903],[-111.71755,33.390764],[-111.717425,33.392454],[-111.715142,33.393569],[-111.713142,33.391786],[-111.712755,33.392785],[-111.711443,33.393473],[-111.710142,33.393807],[-111.709142,33.39309],[-111.706636,33.394172],[-111.711142,33.394898],[-111.71229,33.396024],[-111.71012,33.40015],[-111.711028,33.400286],[-111.710981,33.405333],[-111.712344,33.407374],[-111.710142,33.4079],[-111.696142,33.40805],[-111.695338,33.407976],[-111.695142,33.406978],[-111.694142,33.407908],[-111.689376,33.408172],[-111.694327,33.409172],[-111.691734,33.410172],[-111.69284,33.412172],[-111.691142,33.412644],[-111.690142,33.413642],[-111.689142,33.413206],[-111.685142,33.414266],[-111.684142,33.413483],[-111.683142,33.415026],[-111.682131,33.415172],[-111.683274,33.41604],[-111.683391,33.419172],[-111.681105,33.420135],[-111.6807,33.42273],[-111.677412,33.422902],[-111.677237,33.422077],[-111.675061,33.421172],[-111.675142,33.419938],[-111.674142,33.42003],[-111.673142,33.421924],[-111.66966,33.422172],[-111.674142,33.422475],[-111.675142,33.423361],[-111.680142,33.424097],[-111.683562,33.423752],[-111.683611,33.42564],[-111.682554,33.426172],[-111.681418,33.428172],[-111.682142,33.428876],[-111.683142,33.428273],[-111.683592,33.429621],[-111.682383,33.429931],[-111.682142,33.429497],[-111.680945,33.430172],[-111.683142,33.430411],[-111.683858,33.431172],[-111.683978,33.436172],[-111.683142,33.437035],[-111.680205,33.437172],[-111.683419,33.437895],[-111.684142,33.439938],[-111.685142,33.438483],[-111.687142,33.439913],[-111.688142,33.439449],[-111.689171,33.440201],[-111.690142,33.439858],[-111.690337,33.441172],[-111.692282,33.442172],[-111.691451,33.443172],[-111.693142,33.445102],[-111.694142,33.444643],[-111.695142,33.445646],[-111.697142,33.445502],[-111.699671,33.447172],[-111.698412,33.448172],[-111.700142,33.448416],[-111.701063,33.449172],[-111.70061,33.451639],[-111.697142,33.45162],[-111.696327,33.452172],[-111.699731,33.452583],[-111.701142,33.455291],[-111.702724,33.452754],[-111.705865,33.453449],[-111.707142,33.452723],[-111.707846,33.453875],[-111.70718,33.455172],[-111.708128,33.456172],[-111.709142,33.456162],[-111.711142,33.458952],[-111.713911,33.460403],[-111.717504,33.46081],[-111.718505,33.464172],[-111.717609,33.465638],[-111.713386,33.466172],[-111.717623,33.466691],[-111.718142,33.469617],[-111.718393,33.467172],[-111.719142,33.466582],[-111.723142,33.466831],[-111.724142,33.467653],[-111.726142,33.466692],[-111.732622,33.466692],[-111.733142,33.468713],[-111.735533,33.472172],[-111.735594,33.475172],[-111.734142,33.476783],[-111.730685,33.477172],[-111.733794,33.47852],[-111.733657,33.479686],[-111.731708,33.480172],[-111.734872,33.480442],[-111.735142,33.482937],[-111.736142,33.483245]]],"type":"Polygon"}},{"type":"Feature","properties":{"station_id":"226","status":"proposed-2028","strategy":"mesa","band":"4min"},"geometry":{"coordinates":[[[-111.736142,33.451683],[-111.736565,33.446172],[-111.740389,33.441172],[-111.739508,33.439806],[-111.737559,33.439172],[-111.738494,33.43882],[-111.739745,33.439569],[-111.741142,33.439414],[-111.742142,33.440624],[-111.743142,33.439922],[-111.744142,33.442069],[-111.745142,33.44269],[-111.745918,33.441172],[-111.745416,33.440172],[-111.746816,33.437845],[-111.753586,33.437172],[-111.747672,33.436642],[-111.745778,33.433536],[-111.745907,33.430937],[-111.752142,33.43029],[-111.753142,33.430696],[-111.753749,33.430172],[-111.75366,33.42869],[-111.755256,33.428172],[-111.754522,33.427792],[-111.754665,33.426695],[-111.756494,33.426172],[-111.754804,33.42551],[-111.755142,33.424674],[-111.760142,33.423429],[-111.761142,33.424069],[-111.765306,33.423172],[-111.763534,33.42278],[-111.763142,33.422015],[-111.762142,33.422645],[-111.761142,33.421795],[-111.755493,33.421821],[-111.75441,33.420172],[-111.754486,33.416516],[-111.755438,33.415172],[-111.754232,33.415082],[-111.754142,33.414561],[-111.750549,33.414765],[-111.747318,33.412996],[-111.746142,33.414193],[-111.745142,33.41319],[-111.744142,33.413725],[-111.741142,33.412029],[-111.738643,33.411671],[-111.738448,33.410172],[-111.739142,33.409364],[-111.741142,33.40935],[-111.742142,33.408536],[-111.745142,33.409192],[-111.746267,33.408297],[-111.747525,33.408172],[-111.744142,33.407644],[-111.743142,33.406881],[-111.741547,33.407577],[-111.739318,33.407172],[-111.740074,33.406172],[-111.738567,33.405747],[-111.736603,33.404172],[-111.737142,33.402769],[-111.739187,33.402172],[-111.736704,33.40061],[-111.736142,33.399129],[-111.735829,33.400858],[-111.733916,33.402172],[-111.735142,33.402639],[-111.73528,33.404172],[-111.733327,33.407356],[-111.732142,33.406295],[-111.730429,33.407459],[-111.725961,33.408172],[-111.728032,33.408282],[-111.728142,33.408875],[-111.729142,33.409023],[-111.730295,33.408324],[-111.735142,33.408632],[-111.735602,33.409172],[-111.734961,33.41099],[-111.729914,33.413944],[-111.728662,33.413652],[-111.728142,33.412383],[-111.727847,33.413876],[-111.725747,33.414777],[-111.72026,33.415054],[-111.719142,33.41428],[-111.71838,33.415172],[-111.717999,33.418172],[-111.716791,33.419172],[-111.717936,33.420172],[-111.71721,33.421172],[-111.715142,33.420386],[-111.713261,33.42229],[-111.711959,33.422355],[-111.710142,33.421518],[-111.70825,33.423172],[-111.710358,33.423956],[-111.712565,33.423749],[-111.715142,33.424993],[-111.716142,33.424426],[-111.717646,33.425172],[-111.716515,33.426172],[-111.718402,33.429172],[-111.718191,33.430172],[-111.719142,33.431234],[-111.720142,33.430411],[-111.722443,33.430871],[-111.724495,33.433172],[-111.725331,33.435172],[-111.723544,33.436573],[-111.718931,33.437172],[-111.722142,33.438343],[-111.723142,33.43785],[-111.724142,33.438801],[-111.725371,33.438943],[-111.727142,33.442457],[-111.727574,33.440604],[-111.729142,33.439267],[-111.732344,33.441373],[-111.732652,33.438681],[-111.733677,33.438637],[-111.734564,33.440593],[-111.732018,33.443172],[-111.733359,33.445172],[-111.732813,33.445843],[-111.733142,33.446875],[-111.735038,33.448276],[-111.736142,33.451683]]],"type":"Polygon"}},{"type":"Feature","properties":{"station_id":"227","status":"proposed-buildout","strategy":"mesa","band":"8min"},"geometry":{"coordinates":[[[-111.686298,33.382912],[-111.686437,33.381963],[-111.687921,33.381824],[-111.689298,33.380042],[-111.691336,33.379824],[-111.691602,33.378128],[-111.692399,33.377824],[-111.692456,33.376824],[-111.690832,33.37629],[-111.690909,33.374824],[-111.689049,33.374824],[-111.688659,33.372824],[-111.689522,33.372048],[-111.689602,33.370824],[-111.688922,33.368824],[-111.689718,33.366824],[-111.690784,33.366824],[-111.691298,33.368057],[-111.693298,33.367281],[-111.696298,33.36778],[-111.698298,33.366604],[-111.700298,33.367077],[-111.703298,33.366117],[-111.704298,33.367234],[-111.704619,33.365145],[-111.707857,33.364824],[-111.706298,33.364554],[-111.705614,33.363824],[-111.705476,33.361003],[-111.706524,33.359824],[-111.705929,33.358455],[-111.706837,33.357824],[-111.704939,33.357182],[-111.705298,33.355176],[-111.707298,33.355651],[-111.711713,33.353824],[-111.713298,33.352336],[-111.714298,33.35365],[-111.717298,33.351739],[-111.719298,33.352255],[-111.720432,33.351689],[-111.721298,33.353055],[-111.721843,33.351369],[-111.724497,33.350824],[-111.721844,33.350278],[-111.721762,33.347824],[-111.722298,33.346046],[-111.723188,33.345714],[-111.723298,33.344113],[-111.725768,33.340824],[-111.72659,33.340532],[-111.728298,33.341186],[-111.729682,33.339824],[-111.72888,33.338824],[-111.730334,33.33786],[-111.731535,33.338062],[-111.732298,33.337571],[-111.733298,33.338182],[-111.733716,33.337242],[-111.735298,33.336398],[-111.738298,33.337099],[-111.738566,33.336092],[-111.739564,33.335824],[-111.738298,33.335143],[-111.738028,33.335554],[-111.735737,33.335385],[-111.735298,33.334212],[-111.734298,33.335227],[-111.730765,33.334356],[-111.728298,33.332339],[-111.726178,33.332704],[-111.723945,33.332177],[-111.72345,33.329824],[-111.724127,33.328654],[-111.730298,33.328372],[-111.731298,33.327325],[-111.733688,33.327214],[-111.735298,33.325537],[-111.737215,33.325742],[-111.737966,33.322492],[-111.741298,33.322371],[-111.741684,33.32321],[-111.740071,33.323597],[-111.738761,33.325287],[-111.737491,33.325824],[-111.738298,33.328438],[-111.738637,33.326163],[-111.742532,33.324059],[-111.743298,33.322418],[-111.745589,33.322533],[-111.746298,33.323629],[-111.746858,33.322384],[-111.747855,33.322267],[-111.748298,33.322833],[-111.749298,33.321535],[-111.750298,33.322341],[-111.753158,33.321824],[-111.751793,33.321328],[-111.751298,33.320319],[-111.748298,33.320436],[-111.747298,33.319428],[-111.744298,33.320102],[-111.743677,33.318824],[-111.744494,33.317824],[-111.743833,33.316824],[-111.744211,33.314824],[-111.743111,33.314824],[-111.741457,33.319984],[-111.740298,33.320269],[-111.739676,33.318824],[-111.739649,33.310824],[-111.740665,33.309824],[-111.741057,33.307583],[-111.745218,33.306824],[-111.744298,33.30637],[-111.740722,33.306399],[-111.739528,33.304824],[-111.739557,33.301824],[-111.740544,33.300824],[-111.740701,33.299227],[-111.742558,33.297824],[-111.7427,33.296226],[-111.743594,33.295121],[-111.745298,33.294922],[-111.745444,33.293971],[-111.746375,33.293824],[-111.746421,33.292947],[-111.748332,33.292858],[-111.748378,33.291904],[-111.750298,33.291467],[-111.748278,33.291804],[-111.748211,33.292737],[-111.746258,33.292784],[-111.746138,33.293664],[-111.745238,33.293764],[-111.745119,33.294646],[-111.743298,33.294529],[-111.742298,33.295491],[-111.74182,33.297346],[-111.738964,33.300824],[-111.738941,33.305824],[-111.738298,33.306722],[-111.730298,33.306377],[-111.729468,33.305824],[-111.729298,33.303722],[-111.728298,33.304149],[-111.727298,33.303513],[-111.726504,33.30403],[-111.725967,33.305824],[-111.725011,33.306111],[-111.725993,33.303824],[-111.723608,33.302824],[-111.724572,33.301824],[-111.723448,33.300824],[-111.724288,33.299824],[-111.722298,33.299471],[-111.721713,33.298824],[-111.723252,33.297824],[-111.721667,33.296824],[-111.722432,33.295824],[-111.721493,33.294629],[-111.721298,33.292813],[-111.72093,33.298456],[-111.720298,33.299423],[-111.718404,33.299824],[-111.718497,33.302824],[-111.717064,33.303058],[-111.716298,33.301749],[-111.715612,33.302138],[-111.714525,33.304824],[-111.715125,33.305824],[-111.714298,33.306466],[-111.713298,33.305095],[-111.712298,33.306081],[-111.708298,33.306057],[-111.708018,33.304824],[-111.708972,33.303824],[-111.707298,33.30159],[-111.711605,33.299824],[-111.708674,33.296447],[-111.706298,33.296634],[-111.705087,33.296034],[-111.704336,33.293824],[-111.705298,33.293405],[-111.708298,33.294046],[-111.709298,33.293146],[-111.710298,33.294187],[-111.712559,33.293085],[-111.715074,33.292824],[-111.710032,33.292089],[-111.708298,33.288826],[-111.707289,33.290824],[-111.707494,33.29202],[-111.704298,33.292282],[-111.703298,33.290567],[-111.702584,33.29211],[-111.70103,33.292091],[-111.701685,33.290436],[-111.701017,33.289824],[-111.70123,33.288824],[-111.699845,33.288277],[-111.698971,33.286824],[-111.700298,33.285547],[-111.701298,33.286683],[-111.703156,33.285682],[-111.703504,33.283824],[-111.702933,33.282824],[-111.704514,33.282041],[-111.704649,33.280175],[-111.705651,33.279824],[-111.705298,33.278922],[-111.703298,33.2806],[-111.702046,33.280572],[-111.701489,33.282015],[-111.699298,33.282063],[-111.697781,33.282824],[-111.697274,33.283824],[-111.698687,33.284435],[-111.698298,33.285239],[-111.696298,33.285443],[-111.693001,33.28412],[-111.692024,33.282824],[-111.693547,33.281824],[-111.692165,33.280824],[-111.692581,33.279824],[-111.694298,33.279472],[-111.697083,33.281038],[-111.698384,33.280911],[-111.698298,33.279385],[-111.700544,33.27907],[-111.701298,33.278087],[-111.704429,33.277824],[-111.700298,33.277492],[-111.699298,33.278225],[-111.697298,33.277262],[-111.696298,33.278076],[-111.693298,33.278439],[-111.691298,33.277286],[-111.689068,33.277053],[-111.688298,33.276019],[-111.687278,33.275843],[-111.686879,33.271406],[-111.687298,33.271162],[-111.688298,33.272247],[-111.689712,33.27241],[-111.690298,33.273274],[-111.692298,33.272157],[-111.693557,33.270564],[-111.693298,33.269914],[-111.691298,33.271144],[-111.68968,33.270441],[-111.689298,33.269543],[-111.688733,33.270259],[-111.687077,33.270045],[-111.686746,33.268824],[-111.687641,33.266167],[-111.69112,33.265824],[-111.686363,33.264759],[-111.686298,33.262119],[-111.685961,33.264488],[-111.684884,33.26541],[-111.682296,33.265824],[-111.683926,33.266196],[-111.685459,33.267985],[-111.684597,33.269123],[-111.681298,33.270784],[-111.68078,33.272306],[-111.679529,33.272824],[-111.681298,33.273631],[-111.682083,33.272609],[-111.683298,33.272889],[-111.685298,33.272131],[-111.685298,33.2741],[-111.684298,33.274711],[-111.683298,33.274133],[-111.681638,33.274164],[-111.682206,33.276824],[-111.679194,33.276928],[-111.679466,33.274824],[-111.678298,33.272867],[-111.678075,33.273601],[-111.676595,33.273526],[-111.676298,33.272348],[-111.676606,33.274824],[-111.676053,33.276579],[-111.675145,33.276977],[-111.674048,33.276074],[-111.673736,33.274824],[-111.669892,33.274229],[-111.669298,33.271433],[-111.668819,33.274345],[-111.666579,33.274824],[-111.668298,33.27497],[-111.66873,33.276257],[-111.667298,33.277235],[-111.66396,33.277824],[-111.668673,33.278449],[-111.668754,33.280824],[-111.666898,33.281824],[-111.667141,33.282824],[-111.666361,33.283888],[-111.662924,33.284197],[-111.661298,33.281379],[-111.659462,33.283988],[-111.651906,33.284824],[-111.655298,33.285054],[-111.656298,33.28619],[-111.657298,33.285497],[-111.658298,33.286519],[-111.660298,33.286054],[-111.662298,33.287059],[-111.663298,33.286263],[-111.665298,33.287588],[-111.665987,33.285514],[-111.668548,33.285573],[-111.668556,33.295824],[-111.667601,33.296824],[-111.668675,33.297824],[-111.668319,33.298824],[-111.666298,33.299248],[-111.663736,33.302262],[-111.66211,33.302824],[-111.663298,33.303906],[-111.665773,33.303299],[-111.667298,33.302077],[-111.667614,33.303824],[-111.668514,33.304824],[-111.668683,33.310438],[-111.671717,33.313404],[-111.673413,33.313709],[-111.673714,33.315408],[-111.675298,33.315625],[-111.676298,33.314635],[-111.677475,33.314824],[-111.675548,33.316824],[-111.676626,33.318496],[-111.677399,33.318723],[-111.677398,33.320924],[-111.667085,33.321824],[-111.672298,33.32255],[-111.673425,33.324952],[-111.666298,33.325009],[-111.664875,33.323246],[-111.663757,33.322365],[-111.662028,33.322093],[-111.661298,33.321044],[-111.657298,33.321021],[-111.656298,33.322365],[-111.654298,33.322415],[-111.653298,33.320066],[-111.651798,33.320324],[-111.652015,33.321824],[-111.651298,33.322487],[-111.644298,33.322034],[-111.642987,33.321513],[-111.642244,33.321877],[-111.642482,33.320824],[-111.641466,33.320656],[-111.640373,33.318749],[-111.638298,33.317533],[-111.636712,33.317409],[-111.636086,33.316036],[-111.636728,33.313824],[-111.635559,33.312824],[-111.635593,33.307824],[-111.636491,33.306631],[-111.635636,33.305485],[-111.635298,33.302875],[-111.634961,33.305487],[-111.63431,33.305824],[-111.635045,33.306824],[-111.634629,33.315155],[-111.631832,33.314289],[-111.630202,33.312728],[-111.630797,33.315323],[-111.628642,33.315824],[-111.629708,33.316413],[-111.63083,33.319824],[-111.630566,33.320824],[-111.626749,33.321372],[-111.625015,33.321107],[-111.624298,33.320434],[-111.621943,33.321469],[-111.617385,33.321824],[-111.622436,33.322686],[-111.624298,33.324825],[-111.624932,33.322459],[-111.627298,33.322309],[-111.628298,33.323257],[-111.630624,33.322498],[-111.630666,33.325192],[-111.62914,33.325666],[-111.628298,33.326654],[-111.62758,33.326542],[-111.627298,33.325561],[-111.626298,33.32655],[-111.624298,33.326303],[-111.624133,33.327824],[-111.624331,33.327824],[-111.624908,33.327434],[-111.62576,33.327286],[-111.628298,33.327266],[-111.631609,33.329512],[-111.632298,33.329701],[-111.633642,33.328479],[-111.634298,33.329199],[-111.634751,33.330824],[-111.634298,33.333615],[-111.631741,33.335824],[-111.634761,33.336361],[-111.635298,33.34036],[-111.635592,33.336824],[-111.637214,33.335824],[-111.635901,33.33522],[-111.636616,33.332824],[-111.635789,33.331824],[-111.637864,33.32939],[-111.641323,33.328824],[-111.641221,33.327824],[-111.642298,33.326414],[-111.645298,33.325328],[-111.646607,33.326515],[-111.646732,33.327824],[-111.647927,33.329195],[-111.649748,33.329274],[-111.64959,33.328531],[-111.64783,33.327291],[-111.647641,33.325481],[-111.645733,33.323824],[-111.651298,33.323633],[-111.652503,33.324824],[-111.652481,33.329008],[-111.649845,33.329371],[-111.649575,33.331101],[-111.644816,33.335342],[-111.644475,33.337001],[-111.643567,33.337824],[-111.643573,33.339824],[-111.642583,33.340824],[-111.642546,33.349073],[-111.637298,33.349486],[-111.635498,33.348624],[-111.635298,33.347518],[-111.635234,33.349761],[-111.63303,33.349824],[-111.634975,33.350147],[-111.635298,33.35137],[-111.635823,33.35035],[-111.636734,33.350388],[-111.638298,33.351984],[-111.639056,33.350582],[-111.640298,33.351649],[-111.642494,33.350627],[-111.643981,33.358824],[-111.642951,33.359824],[-111.643016,33.363542],[-111.642298,33.364655],[-111.641298,33.364217],[-111.639535,33.364824],[-111.642934,33.365188],[-111.645146,33.370824],[-111.646051,33.371071],[-111.646224,33.372897],[-111.647076,33.373046],[-111.647277,33.375844],[-111.648111,33.376011],[-111.648298,33.379869],[-111.648352,33.374769],[-111.647557,33.374565],[-111.647376,33.372746],[-111.646612,33.37251],[-111.646422,33.370824],[-111.645565,33.370557],[-111.645517,33.368824],[-111.644553,33.367824],[-111.644748,33.365274],[-111.645709,33.364824],[-111.644743,33.363379],[-111.644922,33.354824],[-111.644565,33.352556],[-111.643781,33.351824],[-111.645298,33.350132],[-111.646761,33.350361],[-111.647298,33.35103],[-111.649298,33.351111],[-111.650298,33.350388],[-111.651313,33.350808],[-111.652112,33.351824],[-111.651978,33.353824],[-111.653036,33.354824],[-111.653298,33.356958],[-111.653871,33.354397],[-111.654705,33.353824],[-111.653743,33.351824],[-111.653985,33.350511],[-111.658298,33.350445],[-111.658909,33.353213],[-111.660298,33.353743],[-111.660746,33.353375],[-111.660659,33.354824],[-111.662298,33.356259],[-111.663473,33.352999],[-111.663069,33.351595],[-111.669567,33.351824],[-111.669298,33.353779],[-111.667203,33.353729],[-111.666146,33.354672],[-111.667029,33.356093],[-111.668866,33.356824],[-111.667633,33.358159],[-111.665897,33.358824],[-111.66669,33.363824],[-111.665994,33.364128],[-111.664298,33.36328],[-111.662298,33.364376],[-111.659663,33.364824],[-111.660298,33.365295],[-111.669774,33.365347],[-111.669891,33.368824],[-111.671023,33.369098],[-111.671171,33.369824],[-111.671251,33.373777],[-111.67028,33.373807],[-111.670291,33.374831],[-111.670304,33.374818],[-111.670478,33.374005],[-111.671721,33.373824],[-111.672681,33.369824],[-111.672457,33.367664],[-111.67127,33.366824],[-111.673298,33.365581],[-111.674277,33.365824],[-111.673007,33.366533],[-111.673154,33.366968],[-111.674595,33.367526],[-111.675038,33.369084],[-111.678178,33.370824],[-111.679298,33.372862],[-111.680274,33.3708],[-111.682304,33.370818],[-111.686298,33.374278],[-111.686298,33.375127],[-111.684665,33.375824],[-111.685254,33.376868],[-111.686731,33.377391],[-111.686758,33.378285],[-111.684298,33.378549],[-111.682802,33.379824],[-111.686601,33.379521],[-111.686885,33.380824],[-111.68574,33.382824],[-111.686298,33.382912]]],"type":"Polygon"}},{"type":"Feature","properties":{"station_id":"227","status":"proposed-buildout","strategy":"mesa","band":"4min"},"geometry":{"coordinates":[[[-111.687298,33.349995],[-111.687656,33.344824],[-111.688605,33.343516],[-111.688589,33.341824],[-111.687802,33.340824],[-111.688027,33.336554],[-111.694298,33.336251],[-111.695298,33.338122],[-111.696525,33.337051],[-111.701713,33.335824],[-111.696298,33.335478],[-111.695298,33.334177],[-111.694726,33.335253],[-111.693903,33.335218],[-111.693481,33.333824],[-111.69473,33.332824],[-111.694372,33.331824],[-111.692298,33.330985],[-111.689998,33.332124],[-111.690028,33.329554],[-111.703298,33.329166],[-111.703935,33.329824],[-111.703489,33.331824],[-111.704298,33.332642],[-111.704657,33.330183],[-111.705565,33.329092],[-111.709342,33.328824],[-111.704543,33.328578],[-111.704621,33.327147],[-111.706136,33.326824],[-111.705931,33.324457],[-111.708442,33.323824],[-111.709298,33.322569],[-111.710298,33.323723],[-111.711298,33.322956],[-111.712298,33.323078],[-111.713298,33.32211],[-111.716706,33.321824],[-111.713298,33.321617],[-111.712298,33.32031],[-111.709266,33.320856],[-111.708298,33.319414],[-111.707205,33.319917],[-111.706298,33.319069],[-111.705298,33.319954],[-111.70569,33.315824],[-111.705063,33.314824],[-111.705312,33.313824],[-111.704501,33.31362],[-111.704298,33.311554],[-111.703015,33.313824],[-111.704024,33.314097],[-111.703509,33.317035],[-111.701383,33.317738],[-111.700298,33.316678],[-111.698298,33.317102],[-111.697361,33.317824],[-111.697591,33.318824],[-111.696806,33.318824],[-111.694592,33.314824],[-111.693033,33.313824],[-111.692298,33.311844],[-111.691298,33.312305],[-111.68988,33.311242],[-111.689605,33.308824],[-111.691298,33.307347],[-111.694298,33.307268],[-111.694964,33.307824],[-111.694594,33.308824],[-111.695298,33.309887],[-111.696656,33.307182],[-111.699012,33.307109],[-111.699298,33.307721],[-111.701921,33.306824],[-111.69584,33.306281],[-111.695298,33.303777],[-111.694713,33.306239],[-111.69191,33.306212],[-111.687717,33.301824],[-111.687566,33.297556],[-111.686298,33.295728],[-111.686179,33.298824],[-111.686809,33.299824],[-111.687007,33.303824],[-111.688585,33.304537],[-111.688577,33.305104],[-111.687298,33.30639],[-111.680298,33.306222],[-111.680298,33.308176],[-111.681298,33.307303],[-111.683298,33.308503],[-111.684298,33.307932],[-111.685298,33.308176],[-111.686672,33.309824],[-111.685683,33.313209],[-111.684687,33.313824],[-111.684816,33.315306],[-111.685503,33.315824],[-111.684598,33.316124],[-111.683856,33.317824],[-111.6829,33.318426],[-111.682468,33.320994],[-111.681105,33.321017],[-111.68009,33.320031],[-111.679834,33.313824],[-111.677716,33.311824],[-111.677673,33.310449],[-111.675621,33.3095],[-111.674461,33.309824],[-111.674298,33.311054],[-111.673862,33.309824],[-111.671298,33.309044],[-111.671676,33.307824],[-111.670726,33.306824],[-111.670298,33.304317],[-111.669141,33.309824],[-111.674532,33.31459],[-111.675298,33.314843],[-111.676298,33.314056],[-111.677905,33.314824],[-111.676888,33.315824],[-111.676776,33.317824],[-111.678266,33.319824],[-111.677298,33.321279],[-111.67497,33.321824],[-111.678298,33.322446],[-111.67849,33.323016],[-111.67684,33.323366],[-111.675264,33.324824],[-111.673298,33.325556],[-111.667298,33.325592],[-111.664895,33.325227],[-111.663842,33.32428],[-111.661567,33.323554],[-111.661298,33.322656],[-111.657298,33.321746],[-111.657171,33.322697],[-111.65337,33.322751],[-111.653298,33.322127],[-111.652249,33.322776],[-111.647879,33.322824],[-111.651298,33.32302],[-111.652463,33.32399],[-111.654298,33.323155],[-111.656298,33.323209],[-111.657298,33.324451],[-111.659359,33.324763],[-111.662488,33.328633],[-111.664298,33.328762],[-111.665298,33.328087],[-111.66978,33.328341],[-111.669875,33.334824],[-111.668194,33.335824],[-111.669228,33.336893],[-111.670298,33.341305],[-111.670925,33.336452],[-111.673298,33.336469],[-111.674274,33.335824],[-111.670884,33.335238],[-111.670786,33.332824],[-111.672143,33.331824],[-111.67084,33.330824],[-111.672584,33.329824],[-111.67076,33.329361],[-111.670818,33.328344],[-111.675405,33.327932],[-111.686733,33.328388],[-111.686748,33.329274],[-111.685298,33.330248],[-111.683042,33.330824],[-111.683298,33.333068],[-111.684955,33.334824],[-111.682156,33.335824],[-111.682232,33.337824],[-111.683239,33.337883],[-111.683298,33.338954],[-111.684408,33.339824],[-111.683189,33.340824],[-111.686298,33.341266],[-111.686823,33.341824],[-111.685991,33.342824],[-111.686863,33.343824],[-111.686136,33.344824],[-111.687298,33.349995]]],"type":"Polygon"}},{"type":"Feature","properties":{"station_id":"228","status":"proposed-buildout","strategy":"mesa","band":"8min"},"geometry":{"coordinates":[[[-111.563629,33.385706],[-111.563859,33.382399],[-111.564842,33.38217],[-111.564236,33.38117],[-111.565138,33.379678],[-111.573912,33.37917],[-111.564629,33.378756],[-111.564094,33.37817],[-111.564155,33.37417],[-111.56326,33.37317],[-111.562904,33.36917],[-111.564246,33.36817],[-111.564384,33.365924],[-111.572692,33.36517],[-111.564287,33.36417],[-111.564489,33.33703],[-111.568629,33.336879],[-111.569629,33.33585],[-111.572629,33.335742],[-111.573629,33.334729],[-111.575629,33.335816],[-111.582766,33.336033],[-111.583018,33.35517],[-111.583629,33.35765],[-111.586971,33.35717],[-111.587629,33.356591],[-111.588629,33.356789],[-111.589629,33.355809],[-111.591629,33.356587],[-111.593271,33.353811],[-111.593474,33.352014],[-111.597629,33.352743],[-111.599782,33.351017],[-111.598945,33.35417],[-111.599897,33.35517],[-111.600343,33.358456],[-111.601264,33.35917],[-111.600941,33.363482],[-111.597423,33.363376],[-111.595629,33.360798],[-111.593231,33.361771],[-111.593049,33.36317],[-111.593629,33.363968],[-111.595629,33.363704],[-111.599388,33.366411],[-111.599629,33.37043],[-111.600988,33.37217],[-111.600597,33.373202],[-111.601439,33.37336],[-111.601629,33.378121],[-111.601958,33.375498],[-111.602861,33.37417],[-111.602284,33.372824],[-111.604629,33.373056],[-111.60553,33.37217],[-111.604629,33.370911],[-111.603943,33.371483],[-111.602348,33.371451],[-111.602559,33.369099],[-111.604629,33.368893],[-111.605442,33.36817],[-111.603629,33.367073],[-111.605629,33.366554],[-111.606629,33.367202],[-111.607472,33.366012],[-111.609629,33.364821],[-111.611629,33.36472],[-111.612629,33.36547],[-111.613972,33.364512],[-111.616241,33.36417],[-111.611193,33.363606],[-111.609629,33.362688],[-111.608919,33.363459],[-111.607369,33.36343],[-111.607021,33.36117],[-111.607535,33.35917],[-111.605629,33.358343],[-111.606167,33.35717],[-111.604629,33.354841],[-111.608343,33.352884],[-111.609629,33.353521],[-111.610629,33.352266],[-111.612629,33.352993],[-111.614163,33.35217],[-111.613291,33.351508],[-111.613629,33.350837],[-111.616629,33.350801],[-111.61714,33.35117],[-111.616557,33.35217],[-111.618629,33.355947],[-111.619629,33.350749],[-111.625629,33.350589],[-111.626629,33.352515],[-111.627629,33.350508],[-111.630288,33.350511],[-111.630629,33.351293],[-111.630924,33.350464],[-111.632974,33.35017],[-111.629714,33.350085],[-111.626629,33.349124],[-111.625629,33.34975],[-111.623285,33.349514],[-111.623132,33.345672],[-111.624629,33.345514],[-111.625217,33.344757],[-111.627085,33.34417],[-111.627152,33.34117],[-111.625282,33.339517],[-111.625283,33.338823],[-111.628629,33.336657],[-111.630629,33.33712],[-111.632629,33.335944],[-111.634967,33.336832],[-111.635629,33.34501],[-111.636105,33.33717],[-111.636629,33.336584],[-111.639042,33.33617],[-111.636475,33.335324],[-111.637088,33.33317],[-111.63633,33.33187],[-111.637629,33.331147],[-111.638629,33.328701],[-111.643774,33.32817],[-111.640373,33.32717],[-111.641821,33.325361],[-111.641295,33.323835],[-111.642026,33.323773],[-111.642381,33.324418],[-111.64551,33.324289],[-111.645629,33.325055],[-111.645647,33.324187],[-111.646629,33.323533],[-111.651629,33.323364],[-111.652629,33.324053],[-111.652866,33.323406],[-111.654339,33.32317],[-111.644629,33.322756],[-111.641843,33.320956],[-111.641629,33.320011],[-111.640091,33.319708],[-111.639629,33.318837],[-111.636609,33.317191],[-111.637215,33.31417],[-111.636165,33.312634],[-111.636131,33.30617],[-111.637089,33.30571],[-111.637629,33.307103],[-111.638874,33.30517],[-111.637629,33.303379],[-111.637088,33.304628],[-111.636082,33.30417],[-111.637526,33.30317],[-111.636138,33.301661],[-111.635818,33.29717],[-111.634937,33.296862],[-111.634629,33.294181],[-111.634481,33.29717],[-111.635195,33.297603],[-111.63534,33.29917],[-111.633377,33.30017],[-111.634285,33.300514],[-111.635177,33.30417],[-111.634629,33.304743],[-111.632629,33.304824],[-111.631629,33.30429],[-111.63124,33.30478],[-111.631629,33.305446],[-111.634629,33.305597],[-111.635127,33.30617],[-111.634629,33.31554],[-111.632991,33.313808],[-111.631297,33.313502],[-111.626248,33.308551],[-111.624839,33.30617],[-111.625211,33.304751],[-111.626803,33.304343],[-111.626629,33.303624],[-111.624629,33.303798],[-111.623629,33.304711],[-111.621629,33.304331],[-111.619629,33.302533],[-111.618408,33.302391],[-111.61698,33.300819],[-111.614629,33.30059],[-111.613629,33.29958],[-111.610629,33.299601],[-111.608629,33.298506],[-111.601325,33.298474],[-111.601629,33.292761],[-111.604072,33.293727],[-111.604629,33.295332],[-111.605629,33.292648],[-111.609629,33.292794],[-111.613705,33.29217],[-111.610629,33.29191],[-111.609629,33.290703],[-111.608629,33.291808],[-111.605629,33.291691],[-111.604629,33.2904],[-111.603629,33.291635],[-111.601364,33.291435],[-111.600629,33.28171],[-111.599898,33.291438],[-111.595629,33.291705],[-111.594984,33.29217],[-111.599887,33.292912],[-111.599629,33.297466],[-111.596629,33.297496],[-111.595629,33.298395],[-111.594258,33.297541],[-111.594633,33.29517],[-111.593189,33.29361],[-111.592629,33.291906],[-111.591316,33.292856],[-111.591122,33.29417],[-111.59213,33.29517],[-111.590947,33.29617],[-111.591873,33.298413],[-111.588629,33.298535],[-111.587629,33.297583],[-111.584371,33.297428],[-111.584381,33.292921],[-111.590621,33.29217],[-111.584267,33.291532],[-111.583629,33.285312],[-111.583058,33.289599],[-111.580996,33.29017],[-111.583032,33.290767],[-111.583136,33.29217],[-111.581629,33.292781],[-111.580629,33.292072],[-111.580367,33.29317],[-111.580629,33.293964],[-111.582948,33.293851],[-111.582876,33.297416],[-111.564629,33.297824],[-111.564376,33.278916],[-111.57715,33.27817],[-111.574629,33.277537],[-111.573629,33.276678],[-111.571629,33.277776],[-111.56437,33.277429],[-111.564164,33.27217],[-111.566114,33.27117],[-111.564114,33.27017],[-111.563943,33.264483],[-111.564871,33.26317],[-111.563732,33.263067],[-111.563629,33.261972],[-111.563462,33.263002],[-111.562821,33.26317],[-111.563527,33.263272],[-111.563546,33.26417],[-111.562247,33.27017],[-111.561629,33.270878],[-111.560032,33.27117],[-111.562926,33.271873],[-111.562172,33.27517],[-111.562844,33.275955],[-111.562629,33.277106],[-111.561629,33.276608],[-111.558629,33.277725],[-111.557629,33.277073],[-111.556629,33.277738],[-111.555629,33.275938],[-111.554629,33.277595],[-111.553629,33.27654],[-111.553385,33.277925],[-111.549996,33.27817],[-111.550629,33.278571],[-111.562629,33.278771],[-111.562996,33.27917],[-111.562893,33.292434],[-111.559617,33.292182],[-111.558629,33.290921],[-111.557629,33.292532],[-111.555321,33.292478],[-111.554629,33.291358],[-111.554001,33.292541],[-111.553102,33.292697],[-111.551496,33.292303],[-111.550629,33.29102],[-111.55033,33.29317],[-111.557629,33.293807],[-111.558629,33.294828],[-111.562879,33.29517],[-111.562797,33.32117],[-111.546629,33.321412],[-111.545872,33.32217],[-111.546629,33.322927],[-111.551886,33.32317],[-111.550919,33.32417],[-111.550984,33.32817],[-111.552029,33.32917],[-111.55232,33.331479],[-111.554629,33.331527],[-111.555216,33.330756],[-111.556629,33.330538],[-111.557999,33.3308],[-111.557902,33.33217],[-111.559629,33.332492],[-111.560629,33.331403],[-111.561629,33.331286],[-111.562822,33.33217],[-111.562885,33.35017],[-111.562409,33.35039],[-111.561629,33.349567],[-111.558614,33.35017],[-111.562895,33.35217],[-111.562972,33.36417],[-111.562412,33.364952],[-111.563002,33.36717],[-111.562449,33.36817],[-111.562326,33.37417],[-111.563108,33.37517],[-111.563165,33.37817],[-111.562629,33.378764],[-111.561629,33.377764],[-111.560629,33.378855],[-111.555366,33.37917],[-111.563241,33.379558],[-111.562906,33.38417],[-111.563629,33.385706]]],"type":"Polygon"}},{"type":"Feature","properties":{"station_id":"228","status":"proposed-buildout","strategy":"mesa","band":"4min"},"geometry":{"coordinates":[[[-111.591629,33.35035],[-111.594118,33.35017],[-111.592886,33.349913],[-111.593147,33.34717],[-111.593919,33.346459],[-111.593302,33.343842],[-111.594629,33.344108],[-111.596813,33.34217],[-111.593568,33.341231],[-111.593629,33.338602],[-111.594629,33.338014],[-111.596629,33.337971],[-111.600116,33.338683],[-111.600629,33.345533],[-111.601644,33.34317],[-111.60115,33.34217],[-111.602149,33.34117],[-111.601178,33.340621],[-111.601231,33.339771],[-111.604355,33.33917],[-111.603073,33.338726],[-111.602629,33.337939],[-111.605221,33.33717],[-111.606291,33.335832],[-111.607923,33.335463],[-111.609645,33.334185],[-111.609629,33.333764],[-111.607629,33.333592],[-111.606629,33.334527],[-111.60459,33.334209],[-111.603629,33.333324],[-111.601471,33.334328],[-111.601629,33.330383],[-111.603629,33.331749],[-111.605055,33.33017],[-111.604406,33.32817],[-111.604986,33.32717],[-111.604169,33.32663],[-111.604309,33.32585],[-111.605629,33.325126],[-111.606629,33.325909],[-111.605939,33.32817],[-111.609906,33.330446],[-111.610638,33.330179],[-111.609361,33.328438],[-111.609083,33.32617],[-111.609629,33.325725],[-111.613629,33.32474],[-111.615951,33.326491],[-111.615346,33.32417],[-111.616155,33.322695],[-111.617092,33.322707],[-111.61772,33.32517],[-111.618629,33.322398],[-111.620629,33.321766],[-111.621629,33.322216],[-111.622004,33.321544],[-111.623482,33.32117],[-111.618105,33.320694],[-111.617629,33.318105],[-111.617367,33.32017],[-111.615629,33.320756],[-111.614968,33.32017],[-111.615295,33.31817],[-111.613443,33.316983],[-111.612362,33.31717],[-111.614341,33.318458],[-111.614424,33.32017],[-111.613629,33.320856],[-111.601192,33.320607],[-111.601188,33.312728],[-111.603629,33.312477],[-111.605629,33.313865],[-111.605746,33.313286],[-111.604629,33.311359],[-111.603287,33.311827],[-111.601217,33.311582],[-111.600629,33.306535],[-111.600168,33.30917],[-111.59908,33.31017],[-111.600072,33.31217],[-111.599629,33.314678],[-111.598629,33.313727],[-111.597629,33.313646],[-111.59698,33.31452],[-111.593629,33.315459],[-111.59236,33.31417],[-111.594821,33.313361],[-111.59409,33.31217],[-111.594746,33.311053],[-111.591629,33.307527],[-111.590046,33.31017],[-111.59093,33.31247],[-111.588732,33.312272],[-111.58698,33.31317],[-111.587563,33.31417],[-111.588629,33.314081],[-111.589629,33.314933],[-111.590629,33.313679],[-111.59088,33.31542],[-111.588629,33.31564],[-111.587629,33.316632],[-111.584755,33.316295],[-111.583467,33.317007],[-111.582826,33.320366],[-111.569629,33.320583],[-111.568629,33.321596],[-111.564629,33.321649],[-111.564122,33.32117],[-111.564348,33.31417],[-111.563629,33.308022],[-111.562966,33.321506],[-111.554395,33.32217],[-111.558629,33.322836],[-111.559629,33.32388],[-111.560629,33.32258],[-111.562971,33.322828],[-111.563629,33.334742],[-111.564297,33.322837],[-111.567845,33.322954],[-111.568435,33.32317],[-111.568133,33.32417],[-111.569216,33.324583],[-111.570629,33.323681],[-111.571629,33.324659],[-111.573629,33.324452],[-111.575629,33.326293],[-111.576204,33.324745],[-111.578342,33.322882],[-111.57892,33.322879],[-111.579302,33.324497],[-111.580629,33.325362],[-111.582629,33.323347],[-111.582915,33.325455],[-111.581431,33.32617],[-111.583053,33.326746],[-111.583629,33.328827],[-111.584427,33.329372],[-111.585045,33.329585],[-111.584783,33.32917],[-111.585629,33.328645],[-111.586098,33.32917],[-111.58492,33.33017],[-111.585405,33.33117],[-111.584707,33.33217],[-111.585629,33.333541],[-111.583366,33.33517],[-111.587856,33.33617],[-111.586404,33.33817],[-111.588637,33.33917],[-111.586988,33.34017],[-111.588387,33.34117],[-111.587504,33.34217],[-111.5901,33.34317],[-111.588689,33.34517],[-111.591095,33.345704],[-111.592356,33.34717],[-111.592305,33.349845],[-111.590634,33.35017],[-111.591629,33.35035]]],"type":"Polygon"}},{"type":"Feature","properties":{"station_id":"229","status":"proposed-buildout","strategy":"mesa","band":"8min"},"geometry":{"coordinates":[[[-111.719169,33.443347],[-111.71994,33.44139],[-111.719821,33.438041],[-111.722169,33.438354],[-111.725375,33.43739],[-111.721568,33.436991],[-111.721009,33.43639],[-111.721194,33.433414],[-111.722233,33.433453],[-111.722856,33.432076],[-111.724253,33.432473],[-111.725115,33.431335],[-111.727169,33.430696],[-111.728169,33.431912],[-111.728702,33.430922],[-111.730217,33.43039],[-111.728351,33.430208],[-111.72823,33.429329],[-111.727171,33.429388],[-111.725845,33.42839],[-111.726169,33.425706],[-111.733339,33.425559],[-111.733978,33.424198],[-111.735169,33.424082],[-111.736169,33.427898],[-111.736549,33.425769],[-111.737651,33.42539],[-111.737762,33.423982],[-111.742631,33.42239],[-111.737858,33.421701],[-111.738729,33.41739],[-111.741169,33.416982],[-111.742169,33.415922],[-111.743169,33.416693],[-111.744458,33.416101],[-111.745169,33.417477],[-111.746359,33.416579],[-111.750828,33.41539],[-111.747169,33.414423],[-111.746169,33.414828],[-111.741996,33.414563],[-111.742495,33.41239],[-111.741372,33.41139],[-111.74214,33.40939],[-111.743169,33.410805],[-111.744624,33.410935],[-111.745169,33.413373],[-111.747581,33.410801],[-111.747649,33.408869],[-111.749861,33.408698],[-111.752236,33.409323],[-111.75321,33.41139],[-111.753049,33.41451],[-111.754169,33.415409],[-111.754871,33.409091],[-111.761387,33.40839],[-111.759169,33.408029],[-111.758169,33.407006],[-111.757169,33.40814],[-111.755049,33.40751],[-111.756169,33.406622],[-111.757864,33.40639],[-111.758832,33.402053],[-111.76126,33.402299],[-111.762169,33.405533],[-111.764143,33.40339],[-111.765169,33.400917],[-111.766169,33.400745],[-111.765847,33.39839],[-111.767279,33.39639],[-111.769169,33.395393],[-111.769698,33.395861],[-111.771169,33.400847],[-111.772687,33.39739],[-111.771702,33.39639],[-111.772169,33.395128],[-111.780169,33.393782],[-111.780169,33.393337],[-111.772933,33.392626],[-111.77264,33.38939],[-111.771403,33.38739],[-111.778169,33.386874],[-111.785169,33.386888],[-111.787135,33.38739],[-111.786612,33.38839],[-111.786959,33.38939],[-111.785693,33.39039],[-111.78702,33.39139],[-111.787379,33.392599],[-111.786541,33.39339],[-111.788169,33.395126],[-111.789122,33.39339],[-111.788805,33.392025],[-111.790352,33.39039],[-111.789169,33.387349],[-111.794472,33.386693],[-111.803169,33.386755],[-111.80459,33.386969],[-111.805169,33.388173],[-111.805771,33.386991],[-111.807432,33.386652],[-111.820798,33.38639],[-111.807396,33.386163],[-111.806169,33.385502],[-111.801169,33.386182],[-111.789169,33.385688],[-111.788797,33.385017],[-111.790263,33.38339],[-111.788912,33.38239],[-111.789646,33.38139],[-111.788169,33.379311],[-111.787414,33.383635],[-111.78548,33.3857],[-111.762966,33.385593],[-111.762708,33.384928],[-111.764077,33.38439],[-111.762341,33.38339],[-111.764535,33.38139],[-111.76367,33.380889],[-111.763774,33.379994],[-111.771275,33.37939],[-111.766169,33.378104],[-111.765169,33.377301],[-111.764524,33.378744],[-111.763857,33.378702],[-111.762674,33.37739],[-111.763328,33.37639],[-111.761606,33.37539],[-111.762077,33.37439],[-111.761627,33.37339],[-111.760383,33.372176],[-111.757938,33.371621],[-111.757288,33.37039],[-111.759401,33.36939],[-111.757746,33.368813],[-111.756169,33.366589],[-111.75555,33.36877],[-111.754573,33.36939],[-111.755815,33.37039],[-111.75548,33.372701],[-111.753169,33.37153],[-111.752898,33.372118],[-111.751382,33.372177],[-111.750169,33.371121],[-111.747763,33.371796],[-111.746786,33.36939],[-111.747024,33.368244],[-111.748169,33.367611],[-111.750956,33.36739],[-111.75017,33.366389],[-111.749169,33.366877],[-111.747427,33.36539],[-111.748169,33.364535],[-111.749503,33.36439],[-111.746169,33.363614],[-111.745169,33.364079],[-111.744169,33.362863],[-111.743169,33.364001],[-111.742169,33.363172],[-111.74054,33.363019],[-111.739849,33.36139],[-111.740649,33.36039],[-111.739599,33.35839],[-111.738601,33.357958],[-111.738324,33.356544],[-111.738971,33.35639],[-111.738169,33.355602],[-111.737726,33.35839],[-111.738889,33.35939],[-111.73877,33.36139],[-111.737491,33.363711],[-111.729739,33.36382],[-111.723939,33.36262],[-111.724169,33.362052],[-111.730385,33.36139],[-111.72962,33.35739],[-111.728198,33.35639],[-111.72829,33.35539],[-111.7305,33.35339],[-111.72892,33.35139],[-111.733973,33.35039],[-111.731169,33.349462],[-111.729169,33.350069],[-111.728169,33.348801],[-111.727069,33.34949],[-111.72542,33.34739],[-111.727502,33.34639],[-111.722071,33.345488],[-111.722487,33.343072],[-111.721566,33.34139],[-111.721907,33.34039],[-111.721169,33.339818],[-111.720572,33.345792],[-111.715966,33.34639],[-111.718513,33.347046],[-111.718604,33.347824],[-111.716169,33.349692],[-111.715169,33.348862],[-111.713169,33.350011],[-111.710266,33.35039],[-111.714848,33.35139],[-111.713456,33.352676],[-111.710389,33.35339],[-111.715585,33.354974],[-111.715922,33.35639],[-111.712469,33.35939],[-111.71258,33.3608],[-111.711715,33.360844],[-111.711169,33.359206],[-111.710008,33.36039],[-111.710686,33.36139],[-111.710169,33.361914],[-111.708726,33.361833],[-111.707169,33.3605],[-111.706169,33.361054],[-111.70509,33.360469],[-111.705872,33.35839],[-111.704466,33.35739],[-111.704169,33.353909],[-111.703565,33.35739],[-111.702564,33.35839],[-111.703422,33.360137],[-111.703183,33.361403],[-111.699169,33.36473],[-111.698169,33.364223],[-111.697742,33.364962],[-111.696505,33.365054],[-111.696169,33.36386],[-111.693272,33.36539],[-111.699169,33.366365],[-111.700169,33.367046],[-111.701257,33.36639],[-111.699378,33.37139],[-111.697444,33.37239],[-111.69867,33.372889],[-111.698851,33.374071],[-111.694358,33.373578],[-111.694097,33.37439],[-111.695606,33.376953],[-111.695402,33.378622],[-111.691915,33.378644],[-111.692169,33.377907],[-111.693464,33.377684],[-111.693411,33.376148],[-111.691804,33.375755],[-111.691169,33.374171],[-111.689169,33.373787],[-111.689455,33.371104],[-111.688261,33.366481],[-111.688479,33.365699],[-111.689715,33.36539],[-111.688509,33.36505],[-111.688169,33.362963],[-111.687613,33.364833],[-111.686543,33.36539],[-111.687436,33.36639],[-111.686501,33.367721],[-111.683793,33.36839],[-111.686169,33.369345],[-111.687169,33.369021],[-111.68749,33.37039],[-111.685696,33.370916],[-111.685204,33.37239],[-111.686343,33.373216],[-111.686169,33.373996],[-111.683309,33.37539],[-111.683446,33.377666],[-111.681866,33.37739],[-111.681836,33.376056],[-111.682826,33.37539],[-111.68004,33.375519],[-111.679169,33.373594],[-111.678105,33.37439],[-111.67842,33.37564],[-111.675946,33.376167],[-111.678304,33.377524],[-111.675169,33.378967],[-111.672169,33.378419],[-111.669225,33.37939],[-111.672169,33.380187],[-111.676169,33.379713],[-111.67785,33.380709],[-111.679169,33.380761],[-111.679467,33.381687],[-111.678169,33.381923],[-111.677169,33.380484],[-111.676964,33.382595],[-111.677848,33.38439],[-111.6772,33.38542],[-111.673877,33.385682],[-111.668725,33.384834],[-111.668317,33.381242],[-111.667169,33.378945],[-111.666111,33.383331],[-111.666375,33.385595],[-111.650564,33.385995],[-111.649349,33.38439],[-111.649252,33.37639],[-111.648351,33.376208],[-111.6482,33.37339],[-111.647215,33.373344],[-111.647169,33.371801],[-111.647156,33.373403],[-111.648108,33.373451],[-111.648122,33.376437],[-111.649019,33.37654],[-111.648808,33.386028],[-111.64647,33.386089],[-111.646241,33.385318],[-111.645169,33.385055],[-111.638169,33.386101],[-111.630877,33.38639],[-111.647867,33.386692],[-111.647911,33.388131],[-111.647036,33.38839],[-111.64695,33.390171],[-111.645924,33.39039],[-111.645665,33.392885],[-111.644689,33.39339],[-111.645047,33.394512],[-111.645381,33.393601],[-111.647047,33.39339],[-111.646306,33.393253],[-111.64638,33.3906],[-111.647243,33.390463],[-111.647431,33.388651],[-111.648258,33.388478],[-111.649515,33.386735],[-111.658169,33.386611],[-111.666186,33.387373],[-111.666169,33.38852],[-111.665169,33.389014],[-111.664169,33.388194],[-111.663169,33.39002],[-111.661169,33.389793],[-111.660169,33.39027],[-111.659169,33.389654],[-111.658169,33.392812],[-111.657169,33.392474],[-111.651169,33.393171],[-111.650169,33.392227],[-111.649814,33.393034],[-111.647683,33.39339],[-111.650169,33.394096],[-111.650245,33.393465],[-111.651169,33.39344],[-111.663617,33.393942],[-111.663948,33.398611],[-111.666303,33.399256],[-111.665591,33.40039],[-111.666837,33.400722],[-111.666995,33.40139],[-111.667004,33.408224],[-111.665578,33.40839],[-111.667031,33.408528],[-111.667169,33.409495],[-111.668169,33.408774],[-111.671169,33.409618],[-111.67188,33.4091],[-111.674169,33.409028],[-111.675169,33.410486],[-111.676169,33.409628],[-111.676617,33.409942],[-111.678169,33.411912],[-111.679169,33.409727],[-111.680126,33.41239],[-111.679609,33.413829],[-111.679169,33.414132],[-111.678169,33.413617],[-111.672855,33.41539],[-111.674915,33.415644],[-111.676169,33.416678],[-111.677169,33.415669],[-111.679169,33.415755],[-111.680315,33.416535],[-111.682545,33.416014],[-111.683733,33.41939],[-111.682962,33.42139],[-111.683619,33.422839],[-111.682565,33.42339],[-111.684061,33.423498],[-111.684169,33.424968],[-111.686044,33.421264],[-111.68614,33.42039],[-111.685136,33.41939],[-111.686582,33.418802],[-111.68781,33.41703],[-111.689169,33.417443],[-111.690169,33.416804],[-111.693155,33.416404],[-111.695169,33.419453],[-111.696169,33.41675],[-111.697169,33.416558],[-111.698923,33.41739],[-111.698159,33.41839],[-111.700367,33.42039],[-111.698918,33.422138],[-111.69797,33.42239],[-111.701169,33.423824],[-111.702169,33.426444],[-111.702979,33.424199],[-111.705066,33.42439],[-111.704795,33.42539],[-111.707169,33.426229],[-111.708769,33.42939],[-111.707353,33.43039],[-111.709471,33.431088],[-111.710169,33.432212],[-111.710351,33.431571],[-111.711865,33.431085],[-111.715169,33.431748],[-111.717453,33.431106],[-111.717581,33.432801],[-111.716659,33.43339],[-111.715489,33.43639],[-111.712027,33.43739],[-111.71627,33.43849],[-111.717357,33.438202],[-111.718984,33.44139],[-111.71861,33.44239],[-111.719169,33.443347]]],"type":"Polygon"}},{"type":"Feature","properties":{"station_id":"229","status":"proposed-buildout","strategy":"mesa","band":"4min"},"geometry":{"coordinates":[[[-111.719169,33.411933],[-111.719425,33.408645],[-111.722595,33.40839],[-111.721169,33.408157],[-111.720478,33.40739],[-111.722154,33.40539],[-111.72378,33.40039],[-111.724923,33.39939],[-111.722719,33.39784],[-111.722812,33.397032],[-111.724169,33.396729],[-111.725486,33.39739],[-111.726169,33.394805],[-111.727169,33.398245],[-111.728151,33.39739],[-111.728169,33.396093],[-111.728205,33.397354],[-111.729583,33.39739],[-111.734169,33.393963],[-111.735994,33.39539],[-111.736169,33.397833],[-111.737814,33.39439],[-111.739169,33.394866],[-111.7395,33.39372],[-111.741694,33.39339],[-111.737505,33.393054],[-111.737169,33.389961],[-111.736169,33.390219],[-111.7353,33.39252],[-111.734343,33.392216],[-111.734169,33.391354],[-111.732169,33.392607],[-111.731169,33.392056],[-111.729127,33.392432],[-111.728916,33.389136],[-111.731768,33.38939],[-111.732482,33.388077],[-111.730821,33.38739],[-111.732169,33.386973],[-111.733169,33.388103],[-111.73949,33.386711],[-111.746335,33.38639],[-111.728659,33.3859],[-111.728462,33.383682],[-111.729475,33.38339],[-111.727564,33.38139],[-111.727571,33.38039],[-111.730958,33.37939],[-111.729169,33.37878],[-111.728169,33.379109],[-111.727169,33.377977],[-111.725169,33.37892],[-111.724189,33.37839],[-111.722691,33.37539],[-111.723025,33.37439],[-111.722169,33.372128],[-111.721931,33.374151],[-111.720681,33.37539],[-111.721382,33.376177],[-111.721169,33.377932],[-111.720089,33.377309],[-111.719169,33.377616],[-111.718169,33.379047],[-111.716169,33.378828],[-111.713637,33.37939],[-111.71327,33.38039],[-111.713893,33.38139],[-111.712864,33.383084],[-111.710264,33.383295],[-111.710169,33.38166],[-111.710035,33.38339],[-111.711169,33.384018],[-111.712169,33.383524],[-111.714169,33.38393],[-111.716169,33.382882],[-111.716811,33.383748],[-111.718437,33.384122],[-111.718403,33.385623],[-111.704882,33.38639],[-111.709169,33.386575],[-111.709549,33.38739],[-111.704169,33.388272],[-111.703245,33.391465],[-111.702169,33.391849],[-111.700169,33.390562],[-111.699169,33.391995],[-111.698697,33.390917],[-111.699892,33.39039],[-111.699064,33.38939],[-111.695085,33.388474],[-111.694169,33.387715],[-111.693549,33.38939],[-111.695448,33.390111],[-111.695065,33.391286],[-111.694169,33.391651],[-111.693169,33.390926],[-111.691304,33.392524],[-111.688169,33.392807],[-111.685736,33.39439],[-111.700966,33.394593],[-111.702169,33.395061],[-111.704169,33.394349],[-111.705169,33.395075],[-111.707456,33.395103],[-111.710094,33.400465],[-111.711169,33.399856],[-111.711696,33.40039],[-111.710977,33.401197],[-111.711169,33.405345],[-111.71203,33.405529],[-111.713594,33.407965],[-111.717849,33.40871],[-111.719169,33.411933]]],"type":"Polygon"}},{"type":"Feature","properties":{"station_id":"230","status":"proposed-buildout","strategy":"mesa","band":"8min"},"geometry":{"coordinates":[[[-111.839779,33.41173],[-111.840039,33.40895],[-111.841444,33.40695],[-111.842158,33.403328],[-111.843276,33.40295],[-111.843779,33.402041],[-111.845779,33.401803],[-111.848779,33.40663],[-111.849766,33.40395],[-111.849201,33.40195],[-111.851779,33.400664],[-111.852779,33.402484],[-111.854493,33.403236],[-111.855378,33.40495],[-111.854979,33.407149],[-111.853388,33.40795],[-111.855992,33.408737],[-111.856779,33.41044],[-111.857421,33.408591],[-111.859402,33.40795],[-111.858207,33.407522],[-111.857601,33.40595],[-111.858382,33.404552],[-111.859958,33.40395],[-111.860722,33.40195],[-111.861779,33.40257],[-111.863364,33.401534],[-111.86582,33.40095],[-111.866946,33.398783],[-111.866743,33.39495],[-111.868779,33.394304],[-111.870393,33.39495],[-111.871039,33.394209],[-111.873779,33.393532],[-111.874779,33.394872],[-111.875806,33.39295],[-111.875395,33.39195],[-111.876444,33.38895],[-111.875371,33.388358],[-111.875379,33.386549],[-111.887641,33.38595],[-111.880882,33.385847],[-111.878421,33.385308],[-111.877887,33.38495],[-111.880529,33.38395],[-111.87893,33.38295],[-111.879779,33.382244],[-111.880779,33.382761],[-111.881779,33.382378],[-111.883779,33.380308],[-111.884779,33.381179],[-111.887779,33.38136],[-111.888875,33.379854],[-111.889779,33.380857],[-111.891064,33.38095],[-111.889736,33.383993],[-111.890779,33.385642],[-111.89113,33.3833],[-111.891779,33.383168],[-111.892092,33.381262],[-111.893012,33.38095],[-111.893286,33.379456],[-111.897289,33.37895],[-111.89522,33.378509],[-111.893779,33.376043],[-111.894779,33.366211],[-111.895679,33.36695],[-111.894803,33.36795],[-111.896779,33.368616],[-111.898779,33.368181],[-111.899779,33.369187],[-111.900779,33.368472],[-111.901779,33.369156],[-111.904779,33.368342],[-111.905806,33.368976],[-111.90537,33.36495],[-111.906076,33.36495],[-111.906075,33.36595],[-111.906779,33.366312],[-111.907872,33.365042],[-111.910074,33.364655],[-111.910779,33.366215],[-111.91229,33.36446],[-111.914408,33.36395],[-111.912348,33.363381],[-111.910779,33.361884],[-111.909779,33.36297],[-111.906955,33.361774],[-111.905779,33.361976],[-111.904779,33.360816],[-111.903779,33.362049],[-111.902368,33.361361],[-111.901779,33.360175],[-111.900779,33.360674],[-111.899799,33.35993],[-111.89648,33.36165],[-111.8964,33.36295],[-111.895461,33.363268],[-111.895447,33.360617],[-111.896343,33.35895],[-111.895455,33.358273],[-111.895318,33.35695],[-111.8968,33.35595],[-111.895512,33.35495],[-111.895972,33.35295],[-111.895322,33.35095],[-111.898143,33.349313],[-111.900462,33.34895],[-111.897779,33.348164],[-111.896779,33.348667],[-111.895302,33.348427],[-111.894079,33.34765],[-111.893779,33.344886],[-111.892659,33.347829],[-111.888896,33.346833],[-111.887779,33.345059],[-111.887251,33.346421],[-111.885819,33.34695],[-111.887192,33.347537],[-111.886779,33.348343],[-111.885291,33.34795],[-111.885765,33.34695],[-111.884779,33.344468],[-111.883881,33.345051],[-111.882779,33.344591],[-111.880779,33.345668],[-111.878437,33.345292],[-111.878407,33.344577],[-111.880948,33.344119],[-111.882431,33.342601],[-111.884412,33.34195],[-111.881779,33.341447],[-111.880779,33.340651],[-111.877496,33.341233],[-111.877275,33.339445],[-111.878017,33.338187],[-111.87889,33.33795],[-111.87754,33.33695],[-111.877779,33.335219],[-111.878376,33.33495],[-111.876779,33.333624],[-111.875779,33.334096],[-111.874177,33.333552],[-111.873779,33.331024],[-111.872548,33.331181],[-111.870779,33.328316],[-111.868779,33.327831],[-111.867513,33.328684],[-111.865779,33.328732],[-111.864779,33.327763],[-111.860863,33.32695],[-111.861359,33.32395],[-111.859779,33.320765],[-111.858586,33.320756],[-111.858283,33.322453],[-111.857241,33.323411],[-111.85448,33.32395],[-111.856638,33.32695],[-111.856037,33.328207],[-111.854425,33.328595],[-111.855121,33.33095],[-111.8542,33.33195],[-111.85435,33.33295],[-111.850779,33.333387],[-111.850079,33.33195],[-111.850517,33.330687],[-111.852067,33.32995],[-111.851436,33.32795],[-111.848779,33.32704],[-111.846779,33.327482],[-111.845779,33.325698],[-111.844779,33.326483],[-111.844561,33.32495],[-111.843446,33.32395],[-111.843858,33.32295],[-111.842756,33.32195],[-111.843883,33.32095],[-111.842489,33.32024],[-111.841779,33.31843],[-111.840779,33.320574],[-111.839874,33.32095],[-111.841409,33.32295],[-111.840353,33.324523],[-111.839995,33.327165],[-111.838779,33.326469],[-111.837779,33.327288],[-111.834779,33.326972],[-111.832826,33.32795],[-111.836779,33.328343],[-111.838779,33.329371],[-111.84001,33.328719],[-111.838779,33.330086],[-111.836544,33.32995],[-111.835779,33.333182],[-111.833457,33.333627],[-111.832779,33.334275],[-111.831219,33.33351],[-111.827645,33.334084],[-111.826779,33.3333],[-111.825779,33.334385],[-111.825071,33.33395],[-111.824779,33.332488],[-111.824248,33.334418],[-111.821199,33.33495],[-111.822986,33.335743],[-111.823573,33.33795],[-111.822779,33.339181],[-111.82166,33.339069],[-111.820779,33.337388],[-111.820525,33.33995],[-111.819312,33.341483],[-111.817338,33.341391],[-111.816779,33.340723],[-111.815685,33.34095],[-111.816236,33.341493],[-111.816067,33.34295],[-111.81696,33.34395],[-111.815002,33.34595],[-111.814779,33.347484],[-111.813838,33.344891],[-111.812779,33.344625],[-111.812714,33.345015],[-111.813601,33.345128],[-111.813549,33.34595],[-111.8113,33.34847],[-111.807779,33.348631],[-111.806779,33.346282],[-111.805985,33.349155],[-111.803547,33.34995],[-111.805779,33.35019],[-111.806321,33.35095],[-111.806115,33.352285],[-111.804213,33.35295],[-111.806158,33.354571],[-111.806109,33.356279],[-111.802551,33.35795],[-111.802708,33.35895],[-111.804726,33.35995],[-111.804246,33.36095],[-111.805099,33.362269],[-111.799935,33.359794],[-111.798779,33.357811],[-111.798231,33.359401],[-111.796715,33.35995],[-111.795616,33.361786],[-111.793763,33.362933],[-111.790596,33.363133],[-111.789779,33.360996],[-111.789173,33.363343],[-111.786405,33.36395],[-111.786085,33.36495],[-111.788758,33.364971],[-111.789779,33.36658],[-111.790779,33.364963],[-111.792779,33.366725],[-111.794779,33.364922],[-111.797206,33.366523],[-111.797277,33.367447],[-111.796086,33.36795],[-111.798366,33.370363],[-111.798367,33.37195],[-111.800779,33.372758],[-111.803011,33.372718],[-111.805779,33.375205],[-111.805993,33.376163],[-111.804711,33.377881],[-111.801561,33.37895],[-111.806054,33.379675],[-111.806393,33.38095],[-111.805779,33.382125],[-111.80682,33.38199],[-111.807635,33.379805],[-111.811233,33.37995],[-111.810127,33.38095],[-111.812534,33.38195],[-111.812278,33.38395],[-111.813001,33.385172],[-111.801185,33.38595],[-111.812779,33.386336],[-111.813779,33.386852],[-111.817779,33.38623],[-111.821356,33.38695],[-111.819621,33.38795],[-111.8202,33.38995],[-111.821815,33.39195],[-111.820888,33.39295],[-111.822183,33.393546],[-111.822779,33.395126],[-111.82354,33.39371],[-111.824779,33.394854],[-111.825779,33.393878],[-111.828779,33.396697],[-111.829779,33.395973],[-111.830779,33.397118],[-111.832779,33.397448],[-111.832954,33.399124],[-111.830872,33.40095],[-111.83297,33.401759],[-111.833779,33.403052],[-111.834891,33.402062],[-111.8374,33.40195],[-111.837631,33.404098],[-111.839256,33.40595],[-111.839779,33.41173]]],"type":"Polygon"}},{"type":"Feature","properties":{"station_id":"230","status":"proposed-buildout","strategy":"mesa","band":"4min"},"geometry":{"coordinates":[[[-111.848779,33.381873],[-111.849348,33.379518],[-111.852667,33.37895],[-111.85155,33.37772],[-111.854779,33.37405],[-111.857059,33.37467],[-111.858395,33.37595],[-111.858865,33.378035],[-111.857304,33.37895],[-111.859158,33.379571],[-111.859779,33.380444],[-111.861522,33.37695],[-111.860779,33.375378],[-111.863573,33.37495],[-111.862674,33.374055],[-111.862952,33.37295],[-111.862341,33.37195],[-111.864248,33.37095],[-111.863779,33.370185],[-111.863538,33.370709],[-111.862779,33.370646],[-111.862135,33.36995],[-111.862779,33.369265],[-111.863779,33.369818],[-111.86464,33.36895],[-111.864722,33.366892],[-111.866779,33.366521],[-111.867779,33.367559],[-111.870597,33.365767],[-111.871779,33.366242],[-111.873372,33.364542],[-111.876528,33.364201],[-111.876779,33.365183],[-111.877678,33.36395],[-111.872779,33.36254],[-111.872236,33.363406],[-111.870779,33.363502],[-111.869779,33.362601],[-111.868779,33.362896],[-111.865998,33.362168],[-111.865623,33.36295],[-111.863502,33.363227],[-111.863401,33.360571],[-111.865664,33.35995],[-111.863779,33.358056],[-111.862779,33.358567],[-111.86134,33.358389],[-111.861323,33.355494],[-111.862532,33.354703],[-111.865955,33.35395],[-111.863044,33.35295],[-111.862687,33.352042],[-111.859882,33.35195],[-111.861315,33.350485],[-111.864149,33.34995],[-111.860599,33.34913],[-111.859779,33.347261],[-111.858903,33.346826],[-111.858779,33.345673],[-111.858,33.349171],[-111.855805,33.34995],[-111.857779,33.351112],[-111.855359,33.35295],[-111.854779,33.354178],[-111.851932,33.35495],[-111.852779,33.355626],[-111.857779,33.35617],[-111.858024,33.357194],[-111.84723,33.357499],[-111.846779,33.356411],[-111.844883,33.35595],[-111.844143,33.353586],[-111.84273,33.352999],[-111.842735,33.34995],[-111.841779,33.348352],[-111.840938,33.34995],[-111.841534,33.35095],[-111.840779,33.352767],[-111.83885,33.35395],[-111.840177,33.354552],[-111.840021,33.35595],[-111.841272,33.35695],[-111.840779,33.357507],[-111.837945,33.35795],[-111.838518,33.35895],[-111.837428,33.360598],[-111.835779,33.361889],[-111.834779,33.361644],[-111.833779,33.362265],[-111.832779,33.360554],[-111.831779,33.362416],[-111.829465,33.36295],[-111.830346,33.36395],[-111.829779,33.364558],[-111.828286,33.364443],[-111.827779,33.363675],[-111.826779,33.363973],[-111.824779,33.363432],[-111.824045,33.36395],[-111.826779,33.366068],[-111.827779,33.365253],[-111.829779,33.366049],[-111.831779,33.364412],[-111.833126,33.364603],[-111.833501,33.36695],[-111.834468,33.36795],[-111.834779,33.370914],[-111.835779,33.369373],[-111.840964,33.369765],[-111.841187,33.371358],[-111.839779,33.372004],[-111.838563,33.37395],[-111.839779,33.375373],[-111.840821,33.37395],[-111.841364,33.37695],[-111.840779,33.378668],[-111.842039,33.378209],[-111.842331,33.376501],[-111.844099,33.375269],[-111.842306,33.37195],[-111.842474,33.369644],[-111.845779,33.369594],[-111.84853,33.37095],[-111.84569,33.37186],[-111.847941,33.37495],[-111.846435,33.37595],[-111.846187,33.37695],[-111.847007,33.37795],[-111.843995,33.37895],[-111.848171,33.379558],[-111.848779,33.381873]]],"type":"Polygon"}},{"type":"Feature","properties":{"station_id":"225","status":"proposed-2028","strategy":"aid","band":"8min"},"geometry":{"coordinates":[[[-111.717673,33.491514],[-111.718785,33.49137],[-111.719063,33.490648],[-111.719673,33.484974],[-111.72192,33.485012],[-111.722673,33.485866],[-111.723991,33.485941],[-111.725673,33.487604],[-111.726996,33.487259],[-111.725006,33.484926],[-111.723513,33.484419],[-111.722899,33.483259],[-111.724673,33.482941],[-111.725673,33.481948],[-111.731673,33.481962],[-111.732673,33.483038],[-111.733673,33.482864],[-111.734198,33.483734],[-111.735673,33.483996],[-111.736673,33.482007],[-111.740673,33.481972],[-111.741673,33.48096],[-111.746673,33.480922],[-111.747673,33.481786],[-111.749889,33.482043],[-111.752673,33.484736],[-111.753673,33.483868],[-111.762673,33.48379],[-111.763673,33.482777],[-111.767673,33.482723],[-111.768673,33.481706],[-111.769673,33.481692],[-111.770015,33.480601],[-111.771758,33.480344],[-111.771874,33.479459],[-111.773727,33.479313],[-111.774779,33.477365],[-111.776673,33.477509],[-111.776779,33.476365],[-111.777707,33.476292],[-111.777758,33.475343],[-111.778697,33.475282],[-111.778726,33.474311],[-111.779755,33.474259],[-111.779673,33.472356],[-111.779549,33.474134],[-111.778673,33.474159],[-111.778451,33.475036],[-111.777673,33.475125],[-111.777387,33.475973],[-111.776673,33.476097],[-111.776332,33.476917],[-111.774391,33.477259],[-111.773673,33.477933],[-111.773521,33.479107],[-111.771583,33.479168],[-111.769673,33.47984],[-111.769163,33.480748],[-111.767501,33.481087],[-111.766673,33.481966],[-111.762673,33.481796],[-111.761673,33.482788],[-111.754673,33.482912],[-111.754029,33.482259],[-111.754673,33.481499],[-111.757939,33.481259],[-111.756843,33.481089],[-111.756673,33.480115],[-111.755673,33.480615],[-111.755165,33.480259],[-111.755091,33.477677],[-111.758808,33.477259],[-111.754437,33.476495],[-111.755332,33.469918],[-111.756673,33.470735],[-111.757458,33.469044],[-111.759136,33.468796],[-111.760214,33.471718],[-111.761673,33.471939],[-111.762363,33.470949],[-111.764254,33.470259],[-111.762962,33.46897],[-111.762505,33.46709],[-111.763673,33.467728],[-111.764673,33.466809],[-111.768673,33.466874],[-111.769673,33.467662],[-111.770673,33.466876],[-111.774673,33.466777],[-111.778457,33.468475],[-111.78126,33.468672],[-111.781673,33.469523],[-111.783673,33.467921],[-111.781734,33.468198],[-111.779673,33.466736],[-111.778283,33.466649],[-111.777673,33.465497],[-111.775184,33.464748],[-111.775451,33.462036],[-111.777673,33.462405],[-111.778518,33.464414],[-111.779673,33.464965],[-111.780562,33.464259],[-111.780358,33.462944],[-111.781737,33.462259],[-111.782172,33.460757],[-111.784673,33.459853],[-111.787003,33.461929],[-111.787673,33.46547],[-111.788215,33.4628],[-111.790673,33.462309],[-111.790614,33.4602],[-111.791866,33.459259],[-111.789673,33.458208],[-111.789041,33.457259],[-111.791867,33.456259],[-111.789754,33.455259],[-111.790275,33.453861],[-111.792493,33.453259],[-111.792466,33.452052],[-111.793662,33.453259],[-111.795135,33.452797],[-111.796426,33.455259],[-111.796366,33.455951],[-111.795473,33.456259],[-111.796673,33.457374],[-111.798673,33.453159],[-111.799673,33.453465],[-111.800673,33.452445],[-111.801673,33.452759],[-111.805672,33.451259],[-111.800673,33.45083],[-111.797673,33.449381],[-111.797797,33.448259],[-111.796673,33.446171],[-111.79526,33.448259],[-111.796348,33.449259],[-111.79502,33.450605],[-111.794136,33.450259],[-111.793761,33.448171],[-111.792966,33.450552],[-111.788519,33.450413],[-111.788673,33.449302],[-111.789673,33.450008],[-111.792186,33.448259],[-111.790799,33.447259],[-111.790673,33.445812],[-111.789136,33.445259],[-111.790875,33.444259],[-111.789075,33.443259],[-111.789984,33.442259],[-111.789769,33.441259],[-111.787673,33.437046],[-111.787243,33.440259],[-111.785778,33.442259],[-111.787261,33.443259],[-111.786673,33.443941],[-111.78495,33.444259],[-111.785034,33.44762],[-111.784388,33.447544],[-111.783742,33.44619],[-111.782673,33.447467],[-111.780788,33.447259],[-111.780941,33.445991],[-111.779673,33.444398],[-111.77908,33.446665],[-111.776522,33.447107],[-111.775673,33.447881],[-111.774188,33.447744],[-111.774433,33.447259],[-111.773364,33.445949],[-111.774673,33.446102],[-111.777879,33.444259],[-111.776032,33.4409],[-111.775018,33.442603],[-111.772444,33.442487],[-111.774154,33.438739],[-111.775573,33.438358],[-111.776673,33.439891],[-111.777673,33.438482],[-111.778673,33.439297],[-111.779673,33.438281],[-111.781673,33.438547],[-111.782673,33.437717],[-111.784836,33.437259],[-111.783673,33.436725],[-111.780673,33.43684],[-111.778971,33.435961],[-111.775114,33.436259],[-111.775648,33.435259],[-111.774181,33.434259],[-111.77455,33.433259],[-111.773555,33.432259],[-111.77495,33.430259],[-111.771294,33.427638],[-111.770673,33.425224],[-111.769476,33.428259],[-111.770139,33.429259],[-111.769673,33.429862],[-111.767673,33.428915],[-111.766463,33.429469],[-111.764673,33.427363],[-111.763865,33.42845],[-111.760384,33.429548],[-111.760292,33.428259],[-111.75805,33.425882],[-111.757723,33.424309],[-111.758673,33.42355],[-111.759673,33.424115],[-111.760673,33.423333],[-111.761673,33.424553],[-111.762074,33.423659],[-111.766708,33.422259],[-111.759673,33.42129],[-111.756673,33.422009],[-111.755174,33.421758],[-111.754088,33.419259],[-111.754899,33.418259],[-111.754253,33.416839],[-111.756732,33.415317],[-111.757784,33.415259],[-111.754005,33.414927],[-111.753673,33.41196],[-111.752588,33.414259],[-111.750673,33.414868],[-111.748568,33.414364],[-111.747673,33.413208],[-111.746797,33.414382],[-111.745673,33.414307],[-111.740673,33.411904],[-111.738152,33.41178],[-111.737924,33.410259],[-111.738673,33.409395],[-111.746293,33.408259],[-111.742673,33.407283],[-111.740673,33.407838],[-111.738957,33.407259],[-111.73955,33.406259],[-111.737289,33.404643],[-111.737343,33.402929],[-111.738274,33.402259],[-111.737158,33.401774],[-111.736673,33.399863],[-111.73642,33.401006],[-111.7347,33.402259],[-111.736042,33.403259],[-111.734673,33.405719],[-111.733673,33.406024],[-111.732673,33.407338],[-111.731673,33.406647],[-111.730673,33.40803],[-111.728673,33.407475],[-111.727673,33.407837],[-111.725008,33.406924],[-111.724673,33.406214],[-111.723673,33.406882],[-111.721748,33.406259],[-111.722462,33.405259],[-111.720938,33.403259],[-111.721337,33.402259],[-111.720023,33.400259],[-111.719673,33.397734],[-111.719234,33.39982],[-111.71797,33.400259],[-111.717673,33.401019],[-111.718086,33.402259],[-111.717018,33.403259],[-111.717893,33.405259],[-111.716673,33.406739],[-111.715673,33.407079],[-111.714673,33.404528],[-111.713673,33.404001],[-111.712912,33.407259],[-111.712209,33.407794],[-111.707738,33.408259],[-111.709391,33.408541],[-111.709367,33.411259],[-111.710287,33.412259],[-111.709385,33.413259],[-111.709779,33.414364],[-111.706673,33.414659],[-111.705673,33.413816],[-111.703673,33.41489],[-111.702077,33.413854],[-111.701673,33.412167],[-111.700963,33.414549],[-111.697844,33.415259],[-111.700361,33.416259],[-111.699981,33.417567],[-111.69845,33.418259],[-111.699958,33.419259],[-111.698673,33.420015],[-111.696673,33.419897],[-111.694673,33.422113],[-111.693673,33.419763],[-111.692999,33.420259],[-111.691318,33.422904],[-111.691985,33.424259],[-111.691546,33.427131],[-111.69062,33.427259],[-111.690129,33.429715],[-111.689112,33.42982],[-111.687673,33.428901],[-111.686673,33.429747],[-111.686046,33.429259],[-111.686966,33.428259],[-111.685239,33.426693],[-111.684673,33.42272],[-111.684239,33.425825],[-111.682598,33.427259],[-111.684081,33.428851],[-111.684034,33.42962],[-111.682214,33.429718],[-111.681732,33.428199],[-111.680456,33.429041],[-111.678325,33.429259],[-111.683182,33.43175],[-111.683813,33.436399],[-111.681673,33.435985],[-111.680673,33.434588],[-111.679673,33.435786],[-111.678673,33.434911],[-111.677673,33.436771],[-111.676673,33.435473],[-111.674673,33.436183],[-111.672673,33.436105],[-111.671673,33.434998],[-111.67136,33.436945],[-111.66865,33.437259],[-111.673026,33.437906],[-111.675673,33.439199],[-111.677673,33.438267],[-111.679673,33.439968],[-111.681673,33.439085],[-111.682616,33.440259],[-111.677434,33.441019],[-111.677081,33.443259],[-111.679673,33.443777],[-111.679944,33.444529],[-111.676185,33.444747],[-111.674845,33.443259],[-111.674673,33.441339],[-111.674347,33.441932],[-111.672673,33.441929],[-111.671673,33.440345],[-111.668896,33.440259],[-111.671157,33.443259],[-111.670883,33.445048],[-111.671679,33.445253],[-111.670187,33.446259],[-111.669184,33.448748],[-111.670115,33.448817],[-111.669673,33.449615],[-111.668038,33.447894],[-111.666316,33.447616],[-111.662865,33.444067],[-111.661176,33.443756],[-111.658751,33.44118],[-111.657852,33.44108],[-111.657697,33.440235],[-111.656338,33.440259],[-111.65765,33.440281],[-111.657648,33.441284],[-111.658599,33.441333],[-111.658618,33.442314],[-111.66051,33.444422],[-111.662476,33.444456],[-111.662579,33.445353],[-111.664417,33.446515],[-111.66538,33.448551],[-111.666673,33.448621],[-111.668159,33.449773],[-111.668145,33.45073],[-111.659673,33.45079],[-111.657445,33.450487],[-111.656673,33.449648],[-111.654383,33.450969],[-111.650265,33.451259],[-111.652379,33.451553],[-111.652673,33.452154],[-111.653095,33.451681],[-111.655269,33.451663],[-111.656673,33.452594],[-111.65722,33.451806],[-111.658216,33.451715],[-111.659673,33.453002],[-111.660604,33.452189],[-111.662673,33.451882],[-111.663673,33.455094],[-111.664904,33.453489],[-111.665673,33.453347],[-111.667673,33.456271],[-111.668158,33.453259],[-111.669673,33.452832],[-111.673853,33.456259],[-111.673838,33.455094],[-111.671094,33.452259],[-111.672896,33.452036],[-111.674154,33.453259],[-111.674341,33.454591],[-111.675673,33.454787],[-111.677673,33.456809],[-111.679908,33.457024],[-111.679673,33.457695],[-111.677246,33.458259],[-111.679134,33.459259],[-111.678243,33.460259],[-111.679185,33.461259],[-111.67878,33.462259],[-111.681421,33.463259],[-111.680673,33.464025],[-111.679048,33.463883],[-111.678673,33.462521],[-111.678427,33.464259],[-111.679138,33.465259],[-111.678673,33.465704],[-111.673673,33.466002],[-111.672673,33.465121],[-111.670596,33.466259],[-111.672673,33.466979],[-111.674304,33.466628],[-111.675673,33.467578],[-111.676268,33.466854],[-111.677673,33.466627],[-111.681673,33.467358],[-111.682274,33.468259],[-111.681986,33.470259],[-111.683251,33.473259],[-111.683673,33.479376],[-111.684506,33.477259],[-111.684207,33.475793],[-111.686106,33.475259],[-111.686673,33.474555],[-111.687615,33.475317],[-111.696088,33.475844],[-111.697009,33.476259],[-111.694922,33.477259],[-111.696394,33.478259],[-111.695766,33.479351],[-111.693673,33.480441],[-111.692673,33.479312],[-111.691089,33.480674],[-111.689673,33.480365],[-111.689498,33.481084],[-111.688522,33.481259],[-111.693197,33.481735],[-111.693987,33.483259],[-111.698673,33.482661],[-111.700673,33.484204],[-111.701903,33.484029],[-111.701673,33.484693],[-111.700673,33.484454],[-111.700469,33.485054],[-111.699543,33.485129],[-111.699583,33.488349],[-111.702093,33.487259],[-111.703993,33.485259],[-111.703088,33.484259],[-111.704475,33.483061],[-111.706857,33.483259],[-111.707394,33.482259],[-111.708673,33.48204],[-111.709673,33.482832],[-111.712673,33.482933],[-111.712276,33.485259],[-111.71331,33.486622],[-111.714673,33.487547],[-111.715673,33.486756],[-111.716344,33.487588],[-111.71793,33.488002],[-111.717326,33.490259],[-111.717673,33.491514]]],"type":"Polygon"}},{"type":"Feature","properties":{"station_id":"225","status":"proposed-2028","strategy":"aid","band":"4min"},"geometry":{"coordinates":[[[-111.735673,33.474724],[-111.736966,33.471552],[-111.736673,33.470026],[-111.737673,33.469868],[-111.739809,33.467394],[-111.741673,33.466725],[-111.742673,33.467309],[-111.743011,33.466596],[-111.744708,33.466259],[-111.738673,33.464567],[-111.738138,33.465724],[-111.736335,33.465597],[-111.7363,33.460259],[-111.739316,33.459259],[-111.736434,33.458498],[-111.73649,33.453076],[-111.739893,33.453039],[-111.74083,33.455415],[-111.741449,33.453035],[-111.744921,33.453011],[-111.745289,33.455259],[-111.744241,33.456259],[-111.745673,33.457229],[-111.747444,33.455259],[-111.746271,33.454661],[-111.74642,33.453006],[-111.747212,33.453259],[-111.747673,33.455031],[-111.749673,33.453633],[-111.750673,33.453756],[-111.751329,33.452914],[-111.753002,33.45293],[-111.753249,33.454259],[-111.751801,33.457259],[-111.752429,33.457503],[-111.753673,33.46052],[-111.754462,33.453048],[-111.760673,33.45259],[-111.761673,33.45324],[-111.764243,33.452259],[-111.761673,33.450639],[-111.760673,33.451981],[-111.758673,33.451647],[-111.757673,33.450694],[-111.756673,33.451679],[-111.754315,33.451617],[-111.753757,33.444342],[-111.75429,33.444259],[-111.753673,33.443493],[-111.752505,33.444259],[-111.753253,33.446259],[-111.751638,33.448223],[-111.752373,33.449259],[-111.751977,33.450563],[-111.749673,33.450812],[-111.748673,33.448029],[-111.747673,33.447849],[-111.74712,33.448706],[-111.745472,33.449259],[-111.745465,33.451259],[-111.74496,33.451546],[-111.743433,33.451499],[-111.742673,33.449061],[-111.741955,33.45054],[-111.740673,33.449762],[-111.737673,33.450041],[-111.736492,33.45144],[-111.736346,33.447259],[-111.737922,33.445508],[-111.738037,33.443623],[-111.739673,33.442295],[-111.73987,33.441259],[-111.737924,33.440008],[-111.737936,33.438259],[-111.738673,33.437661],[-111.742673,33.437731],[-111.743751,33.437259],[-111.737298,33.436634],[-111.736673,33.430549],[-111.735534,33.432259],[-111.736389,33.432543],[-111.73646,33.433259],[-111.734949,33.434259],[-111.735883,33.436469],[-111.733673,33.436967],[-111.732673,33.436321],[-111.72894,33.437259],[-111.734558,33.438374],[-111.734307,33.440892],[-111.731227,33.442259],[-111.731641,33.443259],[-111.730673,33.444023],[-111.729673,33.443545],[-111.728673,33.44443],[-111.725673,33.444675],[-111.723987,33.446572],[-111.723349,33.446583],[-111.723087,33.444845],[-111.721547,33.444259],[-111.722762,33.44217],[-111.722491,33.440259],[-111.721283,33.438868],[-111.723673,33.43895],[-111.726129,33.437714],[-111.727673,33.437857],[-111.728588,33.437259],[-111.724673,33.436344],[-111.72228,33.436652],[-111.720683,33.435259],[-111.720585,33.434259],[-111.7191,33.433259],[-111.720322,33.432259],[-111.719886,33.430259],[-111.718673,33.429218],[-111.717925,33.433511],[-111.716673,33.435398],[-111.713342,33.436927],[-111.711673,33.436663],[-111.709777,33.437259],[-111.71632,33.438612],[-111.717978,33.440954],[-111.717953,33.441539],[-111.715526,33.443112],[-111.71508,33.444665],[-111.713098,33.446684],[-111.711507,33.447093],[-111.710673,33.447997],[-111.708799,33.446133],[-111.706673,33.445549],[-111.705875,33.447259],[-111.707082,33.448259],[-111.705897,33.449482],[-111.704673,33.449784],[-111.703212,33.44872],[-111.703557,33.447259],[-111.702224,33.445259],[-111.703138,33.444259],[-111.702159,33.443773],[-111.701673,33.442638],[-111.701418,33.444004],[-111.700546,33.444259],[-111.701426,33.445259],[-111.699386,33.448259],[-111.701108,33.448824],[-111.700956,33.450542],[-111.699511,33.451421],[-111.697852,33.45008],[-111.696673,33.44991],[-111.695715,33.4513],[-111.693673,33.451832],[-111.692673,33.450036],[-111.692045,33.45163],[-111.689797,33.452259],[-111.692673,33.453389],[-111.694005,33.45259],[-111.699674,33.453258],[-111.700316,33.454259],[-111.699968,33.459259],[-111.701208,33.459724],[-111.701673,33.46086],[-111.702351,33.459259],[-111.702018,33.456259],[-111.703135,33.455259],[-111.703673,33.453502],[-111.704939,33.454259],[-111.706673,33.457745],[-111.708673,33.456508],[-111.709099,33.456833],[-111.709161,33.458747],[-111.706328,33.459259],[-111.709288,33.459643],[-111.709821,33.460259],[-111.709673,33.462277],[-111.711904,33.46049],[-111.713878,33.461464],[-111.716958,33.460974],[-111.718076,33.462259],[-111.718006,33.465591],[-111.716673,33.465834],[-111.714673,33.464822],[-111.712367,33.465952],[-111.708995,33.466259],[-111.712673,33.467067],[-111.713673,33.466573],[-111.718022,33.46691],[-111.718301,33.469259],[-111.717225,33.470259],[-111.718148,33.471259],[-111.717953,33.472979],[-111.718673,33.474005],[-111.719352,33.471259],[-111.719065,33.466651],[-111.731592,33.46634],[-111.732493,33.466439],[-111.732673,33.467171],[-111.734673,33.466713],[-111.735221,33.467259],[-111.735673,33.474724]]],"type":"Polygon"}},{"type":"Feature","properties":{"station_id":"226","status":"proposed-2028","strategy":"aid","band":"8min"},"geometry":{"coordinates":[[[-111.736142,33.483245],[-111.736613,33.481642],[-111.738655,33.481172],[-111.736439,33.480875],[-111.736777,33.477806],[-111.740205,33.477172],[-111.736914,33.4764],[-111.737459,33.475172],[-111.737028,33.474058],[-111.739754,33.473172],[-111.739949,33.471979],[-111.741873,33.470903],[-111.743142,33.470998],[-111.744972,33.470001],[-111.74481,33.466839],[-111.74747,33.468499],[-111.749825,33.466854],[-111.751428,33.466886],[-111.75277,33.467544],[-111.753142,33.469668],[-111.754484,33.466513],[-111.757233,33.466172],[-111.754142,33.465855],[-111.753537,33.464777],[-111.75378,33.46281],[-111.755056,33.462172],[-111.753754,33.46156],[-111.753756,33.459786],[-111.75794,33.459172],[-111.754354,33.458172],[-111.755142,33.456041],[-111.758889,33.453919],[-111.761142,33.454658],[-111.761583,33.456172],[-111.760934,33.457172],[-111.761796,33.458172],[-111.761278,33.459172],[-111.762142,33.460407],[-111.762492,33.458172],[-111.764142,33.456536],[-111.764981,33.454172],[-111.766142,33.454979],[-111.767142,33.454665],[-111.768142,33.453237],[-111.770142,33.453349],[-111.770966,33.454172],[-111.770552,33.455172],[-111.771142,33.455854],[-111.771596,33.452625],[-111.776208,33.452172],[-111.771627,33.450172],[-111.772777,33.448172],[-111.772178,33.446172],[-111.775906,33.443172],[-111.772788,33.442526],[-111.773453,33.441172],[-111.772314,33.439172],[-111.773423,33.438891],[-111.774964,33.44035],[-111.778142,33.44125],[-111.780142,33.44019],[-111.781142,33.440983],[-111.782142,33.439964],[-111.783142,33.440273],[-111.783487,33.439517],[-111.786142,33.438768],[-111.787546,33.439767],[-111.788142,33.441516],[-111.789272,33.438172],[-111.793048,33.437172],[-111.789026,33.436288],[-111.788142,33.433512],[-111.786793,33.435822],[-111.783845,33.436469],[-111.783694,33.435723],[-111.784685,33.435172],[-111.784142,33.434323],[-111.782083,33.436112],[-111.7811,33.436214],[-111.779142,33.43399],[-111.777988,33.435172],[-111.776827,33.434172],[-111.777056,33.433172],[-111.775788,33.432172],[-111.778142,33.431629],[-111.779142,33.432762],[-111.779721,33.431751],[-111.781142,33.431172],[-111.783142,33.432017],[-111.784142,33.430996],[-111.788142,33.430762],[-111.788952,33.428982],[-111.790825,33.428172],[-111.79141,33.427172],[-111.791182,33.426172],[-111.791934,33.425172],[-111.7913,33.424172],[-111.792142,33.423688],[-111.794142,33.425109],[-111.797213,33.424242],[-111.799194,33.423224],[-111.799476,33.422506],[-111.801548,33.422172],[-111.798587,33.421727],[-111.793142,33.419665],[-111.792142,33.419629],[-111.790939,33.421172],[-111.789968,33.421346],[-111.789114,33.420172],[-111.789566,33.418172],[-111.788768,33.416172],[-111.790524,33.415172],[-111.788142,33.414252],[-111.787142,33.414796],[-111.785142,33.413578],[-111.784356,33.414385],[-111.781822,33.413852],[-111.779142,33.414742],[-111.777796,33.413172],[-111.778296,33.412172],[-111.777142,33.411096],[-111.776142,33.412293],[-111.773417,33.411172],[-111.77541,33.410439],[-111.7758,33.40883],[-111.777142,33.408438],[-111.778227,33.409257],[-111.781393,33.408172],[-111.780142,33.407394],[-111.776142,33.40777],[-111.773557,33.406757],[-111.772142,33.405085],[-111.771142,33.39893],[-111.770659,33.401688],[-111.769271,33.402043],[-111.769142,33.401095],[-111.766142,33.399531],[-111.765142,33.399661],[-111.762493,33.396821],[-111.762616,33.395172],[-111.763867,33.393897],[-111.764456,33.393858],[-111.765142,33.394879],[-111.766142,33.393487],[-111.768712,33.394172],[-111.768789,33.393172],[-111.765142,33.392253],[-111.762765,33.392795],[-111.762142,33.393768],[-111.761541,33.393172],[-111.76237,33.392399],[-111.762142,33.389736],[-111.760142,33.389838],[-111.759351,33.388963],[-111.756499,33.388172],[-111.759299,33.386329],[-111.764418,33.386172],[-111.755142,33.385877],[-111.754361,33.385172],[-111.754142,33.38249],[-111.75385,33.385879],[-111.748076,33.385238],[-111.749199,33.384115],[-111.748169,33.381172],[-111.748548,33.380578],[-111.752054,33.379172],[-111.747142,33.378681],[-111.746142,33.378102],[-111.745142,33.378663],[-111.744142,33.376015],[-111.743375,33.375939],[-111.743142,33.37522],[-111.742699,33.376172],[-111.743142,33.377459],[-111.739835,33.376479],[-111.73987,33.3749],[-111.743499,33.373172],[-111.740081,33.373233],[-111.739713,33.371743],[-111.740984,33.371172],[-111.739774,33.37054],[-111.739142,33.368707],[-111.737278,33.374172],[-111.738676,33.375172],[-111.737142,33.377666],[-111.736142,33.378278],[-111.734917,33.377172],[-111.732788,33.378818],[-111.729297,33.379172],[-111.732142,33.379421],[-111.733288,33.380318],[-111.734282,33.380032],[-111.733486,33.382515],[-111.731974,33.383172],[-111.734142,33.383478],[-111.735378,33.385408],[-111.720142,33.385759],[-111.719379,33.385172],[-111.7195,33.38453],[-111.720481,33.384172],[-111.720142,33.383197],[-111.71893,33.38396],[-111.718928,33.385172],[-111.718142,33.385836],[-111.708651,33.386172],[-111.718912,33.386402],[-111.71892,33.38795],[-111.718142,33.388964],[-111.716142,33.38983],[-111.714142,33.389615],[-111.714002,33.390032],[-111.714142,33.390686],[-111.715142,33.3903],[-111.71755,33.390764],[-111.717425,33.392454],[-111.715142,33.393569],[-111.713142,33.391786],[-111.712755,33.392785],[-111.711443,33.393473],[-111.710142,33.393807],[-111.709142,33.39309],[-111.706636,33.394172],[-111.711142,33.394898],[-111.71229,33.396024],[-111.71012,33.40015],[-111.711028,33.400286],[-111.710981,33.405333],[-111.712344,33.407374],[-111.710142,33.4079],[-111.696142,33.40805],[-111.695338,33.407976],[-111.695142,33.406978],[-111.694142,33.407908],[-111.689376,33.408172],[-111.694327,33.409172],[-111.691734,33.410172],[-111.69284,33.412172],[-111.691142,33.412644],[-111.690142,33.413642],[-111.689142,33.413206],[-111.685142,33.414266],[-111.684142,33.413483],[-111.683142,33.415026],[-111.682131,33.415172],[-111.683274,33.41604],[-111.683391,33.419172],[-111.681105,33.420135],[-111.6807,33.42273],[-111.677412,33.422902],[-111.677237,33.422077],[-111.675061,33.421172],[-111.675142,33.419938],[-111.674142,33.42003],[-111.673142,33.421924],[-111.66966,33.422172],[-111.674142,33.422475],[-111.675142,33.423361],[-111.680142,33.424097],[-111.683562,33.423752],[-111.683611,33.42564],[-111.682554,33.426172],[-111.681418,33.428172],[-111.682142,33.428876],[-111.683142,33.428273],[-111.683592,33.429621],[-111.682383,33.429931],[-111.682142,33.429497],[-111.680945,33.430172],[-111.683142,33.430411],[-111.683858,33.431172],[-111.683978,33.436172],[-111.683142,33.437035],[-111.680205,33.437172],[-111.683419,33.437895],[-111.684142,33.439938],[-111.685142,33.438483],[-111.687142,33.439913],[-111.688142,33.439449],[-111.689171,33.440201],[-111.690142,33.439858],[-111.690337,33.441172],[-111.692282,33.442172],[-111.691451,33.443172],[-111.693142,33.445102],[-111.694142,33.444643],[-111.695142,33.445646],[-111.697142,33.445502],[-111.699671,33.447172],[-111.698412,33.448172],[-111.700142,33.448416],[-111.701063,33.449172],[-111.70061,33.451639],[-111.697142,33.45162],[-111.696327,33.452172],[-111.699731,33.452583],[-111.701142,33.455291],[-111.702724,33.452754],[-111.705865,33.453449],[-111.707142,33.452723],[-111.707846,33.453875],[-111.70718,33.455172],[-111.708128,33.456172],[-111.709142,33.456162],[-111.711142,33.458952],[-111.713911,33.460403],[-111.717504,33.46081],[-111.718505,33.464172],[-111.717609,33.465638],[-111.713386,33.466172],[-111.717623,33.466691],[-111.718142,33.469617],[-111.718393,33.467172],[-111.719142,33.466582],[-111.723142,33.466831],[-111.724142,33.467653],[-111.726142,33.466692],[-111.732622,33.466692],[-111.733142,33.468713],[-111.735533,33.472172],[-111.735594,33.475172],[-111.734142,33.476783],[-111.730685,33.477172],[-111.733794,33.47852],[-111.733657,33.479686],[-111.731708,33.480172],[-111.734872,33.480442],[-111.735142,33.482937],[-111.736142,33.483245]]],"type":"Polygon"}},{"type":"Feature","properties":{"station_id":"226","status":"proposed-2028","strategy":"aid","band":"4min"},"geometry":{"coordinates":[[[-111.736142,33.451683],[-111.736565,33.446172],[-111.740389,33.441172],[-111.739508,33.439806],[-111.737559,33.439172],[-111.738494,33.43882],[-111.739745,33.439569],[-111.741142,33.439414],[-111.742142,33.440624],[-111.743142,33.439922],[-111.744142,33.442069],[-111.745142,33.44269],[-111.745918,33.441172],[-111.745416,33.440172],[-111.746816,33.437845],[-111.753586,33.437172],[-111.747672,33.436642],[-111.745778,33.433536],[-111.745907,33.430937],[-111.752142,33.43029],[-111.753142,33.430696],[-111.753749,33.430172],[-111.75366,33.42869],[-111.755256,33.428172],[-111.754522,33.427792],[-111.754665,33.426695],[-111.756494,33.426172],[-111.754804,33.42551],[-111.755142,33.424674],[-111.760142,33.423429],[-111.761142,33.424069],[-111.765306,33.423172],[-111.763534,33.42278],[-111.763142,33.422015],[-111.762142,33.422645],[-111.761142,33.421795],[-111.755493,33.421821],[-111.75441,33.420172],[-111.754486,33.416516],[-111.755438,33.415172],[-111.754232,33.415082],[-111.754142,33.414561],[-111.750549,33.414765],[-111.747318,33.412996],[-111.746142,33.414193],[-111.745142,33.41319],[-111.744142,33.413725],[-111.741142,33.412029],[-111.738643,33.411671],[-111.738448,33.410172],[-111.739142,33.409364],[-111.741142,33.40935],[-111.742142,33.408536],[-111.745142,33.409192],[-111.746267,33.408297],[-111.747525,33.408172],[-111.744142,33.407644],[-111.743142,33.406881],[-111.741547,33.407577],[-111.739318,33.407172],[-111.740074,33.406172],[-111.738567,33.405747],[-111.736603,33.404172],[-111.737142,33.402769],[-111.739187,33.402172],[-111.736704,33.40061],[-111.736142,33.399129],[-111.735829,33.400858],[-111.733916,33.402172],[-111.735142,33.402639],[-111.73528,33.404172],[-111.733327,33.407356],[-111.732142,33.406295],[-111.730429,33.407459],[-111.725961,33.408172],[-111.728032,33.408282],[-111.728142,33.408875],[-111.729142,33.409023],[-111.730295,33.408324],[-111.735142,33.408632],[-111.735602,33.409172],[-111.734961,33.41099],[-111.729914,33.413944],[-111.728662,33.413652],[-111.728142,33.412383],[-111.727847,33.413876],[-111.725747,33.414777],[-111.72026,33.415054],[-111.719142,33.41428],[-111.71838,33.415172],[-111.717999,33.418172],[-111.716791,33.419172],[-111.717936,33.420172],[-111.71721,33.421172],[-111.715142,33.420386],[-111.713261,33.42229],[-111.711959,33.422355],[-111.710142,33.421518],[-111.70825,33.423172],[-111.710358,33.423956],[-111.712565,33.423749],[-111.715142,33.424993],[-111.716142,33.424426],[-111.717646,33.425172],[-111.716515,33.426172],[-111.718402,33.429172],[-111.718191,33.430172],[-111.719142,33.431234],[-111.720142,33.430411],[-111.722443,33.430871],[-111.724495,33.433172],[-111.725331,33.435172],[-111.723544,33.436573],[-111.718931,33.437172],[-111.722142,33.438343],[-111.723142,33.43785],[-111.724142,33.438801],[-111.725371,33.438943],[-111.727142,33.442457],[-111.727574,33.440604],[-111.729142,33.439267],[-111.732344,33.441373],[-111.732652,33.438681],[-111.733677,33.438637],[-111.734564,33.440593],[-111.732018,33.443172],[-111.733359,33.445172],[-111.732813,33.445843],[-111.733142,33.446875],[-111.735038,33.448276],[-111.736142,33.451683]]],"type":"Polygon"}},{"type":"Feature","properties":{"station_id":"227","status":"proposed-buildout","strategy":"aid","band":"8min"},"geometry":{"coordinates":[[[-111.563629,33.385706],[-111.563859,33.382399],[-111.564842,33.38217],[-111.564236,33.38117],[-111.565138,33.379678],[-111.573912,33.37917],[-111.564629,33.378756],[-111.564094,33.37817],[-111.564155,33.37417],[-111.56326,33.37317],[-111.562904,33.36917],[-111.564246,33.36817],[-111.564384,33.365924],[-111.572692,33.36517],[-111.564287,33.36417],[-111.564489,33.33703],[-111.568629,33.336879],[-111.569629,33.33585],[-111.572629,33.335742],[-111.573629,33.334729],[-111.575629,33.335816],[-111.582766,33.336033],[-111.583018,33.35517],[-111.583629,33.35765],[-111.586971,33.35717],[-111.587629,33.356591],[-111.588629,33.356789],[-111.589629,33.355809],[-111.591629,33.356587],[-111.593271,33.353811],[-111.593474,33.352014],[-111.597629,33.352743],[-111.599782,33.351017],[-111.598945,33.35417],[-111.599897,33.35517],[-111.600343,33.358456],[-111.601264,33.35917],[-111.600941,33.363482],[-111.597423,33.363376],[-111.595629,33.360798],[-111.593231,33.361771],[-111.593049,33.36317],[-111.593629,33.363968],[-111.595629,33.363704],[-111.599388,33.366411],[-111.599629,33.37043],[-111.600988,33.37217],[-111.600597,33.373202],[-111.601439,33.37336],[-111.601629,33.378121],[-111.601958,33.375498],[-111.602861,33.37417],[-111.602284,33.372824],[-111.604629,33.373056],[-111.60553,33.37217],[-111.604629,33.370911],[-111.603943,33.371483],[-111.602348,33.371451],[-111.602559,33.369099],[-111.604629,33.368893],[-111.605442,33.36817],[-111.603629,33.367073],[-111.605629,33.366554],[-111.606629,33.367202],[-111.607472,33.366012],[-111.609629,33.364821],[-111.611629,33.36472],[-111.612629,33.36547],[-111.613972,33.364512],[-111.616241,33.36417],[-111.611193,33.363606],[-111.609629,33.362688],[-111.608919,33.363459],[-111.607369,33.36343],[-111.607021,33.36117],[-111.607535,33.35917],[-111.605629,33.358343],[-111.606167,33.35717],[-111.604629,33.354841],[-111.608343,33.352884],[-111.609629,33.353521],[-111.610629,33.352266],[-111.612629,33.352993],[-111.614163,33.35217],[-111.613291,33.351508],[-111.613629,33.350837],[-111.616629,33.350801],[-111.61714,33.35117],[-111.616557,33.35217],[-111.618629,33.355947],[-111.619629,33.350749],[-111.625629,33.350589],[-111.626629,33.352515],[-111.627629,33.350508],[-111.630288,33.350511],[-111.630629,33.351293],[-111.630924,33.350464],[-111.632974,33.35017],[-111.629714,33.350085],[-111.626629,33.349124],[-111.625629,33.34975],[-111.623285,33.349514],[-111.623132,33.345672],[-111.624629,33.345514],[-111.625217,33.344757],[-111.627085,33.34417],[-111.627152,33.34117],[-111.625282,33.339517],[-111.625283,33.338823],[-111.628629,33.336657],[-111.630629,33.33712],[-111.632629,33.335944],[-111.634967,33.336832],[-111.635629,33.34501],[-111.636105,33.33717],[-111.636629,33.336584],[-111.639042,33.33617],[-111.636475,33.335324],[-111.637088,33.33317],[-111.63633,33.33187],[-111.637629,33.331147],[-111.638629,33.328701],[-111.643774,33.32817],[-111.640373,33.32717],[-111.641821,33.325361],[-111.641295,33.323835],[-111.642026,33.323773],[-111.642381,33.324418],[-111.64551,33.324289],[-111.645629,33.325055],[-111.645647,33.324187],[-111.646629,33.323533],[-111.651629,33.323364],[-111.652629,33.324053],[-111.652866,33.323406],[-111.654339,33.32317],[-111.644629,33.322756],[-111.641843,33.320956],[-111.641629,33.320011],[-111.640091,33.319708],[-111.639629,33.318837],[-111.636609,33.317191],[-111.637215,33.31417],[-111.636165,33.312634],[-111.636131,33.30617],[-111.637089,33.30571],[-111.637629,33.307103],[-111.638874,33.30517],[-111.637629,33.303379],[-111.637088,33.304628],[-111.636082,33.30417],[-111.637526,33.30317],[-111.636138,33.301661],[-111.635818,33.29717],[-111.634937,33.296862],[-111.634629,33.294181],[-111.634481,33.29717],[-111.635195,33.297603],[-111.63534,33.29917],[-111.633377,33.30017],[-111.634285,33.300514],[-111.635177,33.30417],[-111.634629,33.304743],[-111.632629,33.304824],[-111.631629,33.30429],[-111.63124,33.30478],[-111.631629,33.305446],[-111.634629,33.305597],[-111.635127,33.30617],[-111.634629,33.31554],[-111.632991,33.313808],[-111.631297,33.313502],[-111.626248,33.308551],[-111.624839,33.30617],[-111.625211,33.304751],[-111.626803,33.304343],[-111.626629,33.303624],[-111.624629,33.303798],[-111.623629,33.304711],[-111.621629,33.304331],[-111.619629,33.302533],[-111.618408,33.302391],[-111.61698,33.300819],[-111.614629,33.30059],[-111.613629,33.29958],[-111.610629,33.299601],[-111.608629,33.298506],[-111.601325,33.298474],[-111.601629,33.292761],[-111.604072,33.293727],[-111.604629,33.295332],[-111.605629,33.292648],[-111.609629,33.292794],[-111.613705,33.29217],[-111.610629,33.29191],[-111.609629,33.290703],[-111.608629,33.291808],[-111.605629,33.291691],[-111.604629,33.2904],[-111.603629,33.291635],[-111.601364,33.291435],[-111.600629,33.28171],[-111.599898,33.291438],[-111.595629,33.291705],[-111.594984,33.29217],[-111.599887,33.292912],[-111.599629,33.297466],[-111.596629,33.297496],[-111.595629,33.298395],[-111.594258,33.297541],[-111.594633,33.29517],[-111.593189,33.29361],[-111.592629,33.291906],[-111.591316,33.292856],[-111.591122,33.29417],[-111.59213,33.29517],[-111.590947,33.29617],[-111.591873,33.298413],[-111.588629,33.298535],[-111.587629,33.297583],[-111.584371,33.297428],[-111.584381,33.292921],[-111.590621,33.29217],[-111.584267,33.291532],[-111.583629,33.285312],[-111.583058,33.289599],[-111.580996,33.29017],[-111.583032,33.290767],[-111.583136,33.29217],[-111.581629,33.292781],[-111.580629,33.292072],[-111.580367,33.29317],[-111.580629,33.293964],[-111.582948,33.293851],[-111.582876,33.297416],[-111.564629,33.297824],[-111.564376,33.278916],[-111.57715,33.27817],[-111.574629,33.277537],[-111.573629,33.276678],[-111.571629,33.277776],[-111.56437,33.277429],[-111.564164,33.27217],[-111.566114,33.27117],[-111.564114,33.27017],[-111.563943,33.264483],[-111.564871,33.26317],[-111.563732,33.263067],[-111.563629,33.261972],[-111.563462,33.263002],[-111.562821,33.26317],[-111.563527,33.263272],[-111.563546,33.26417],[-111.562247,33.27017],[-111.561629,33.270878],[-111.560032,33.27117],[-111.562926,33.271873],[-111.562172,33.27517],[-111.562844,33.275955],[-111.562629,33.277106],[-111.561629,33.276608],[-111.558629,33.277725],[-111.557629,33.277073],[-111.556629,33.277738],[-111.555629,33.275938],[-111.554629,33.277595],[-111.553629,33.27654],[-111.553385,33.277925],[-111.549996,33.27817],[-111.550629,33.278571],[-111.562629,33.278771],[-111.562996,33.27917],[-111.562893,33.292434],[-111.559617,33.292182],[-111.558629,33.290921],[-111.557629,33.292532],[-111.555321,33.292478],[-111.554629,33.291358],[-111.554001,33.292541],[-111.553102,33.292697],[-111.551496,33.292303],[-111.550629,33.29102],[-111.55033,33.29317],[-111.557629,33.293807],[-111.558629,33.294828],[-111.562879,33.29517],[-111.562797,33.32117],[-111.546629,33.321412],[-111.545872,33.32217],[-111.546629,33.322927],[-111.551886,33.32317],[-111.550919,33.32417],[-111.550984,33.32817],[-111.552029,33.32917],[-111.55232,33.331479],[-111.554629,33.331527],[-111.555216,33.330756],[-111.556629,33.330538],[-111.557999,33.3308],[-111.557902,33.33217],[-111.559629,33.332492],[-111.560629,33.331403],[-111.561629,33.331286],[-111.562822,33.33217],[-111.562885,33.35017],[-111.562409,33.35039],[-111.561629,33.349567],[-111.558614,33.35017],[-111.562895,33.35217],[-111.562972,33.36417],[-111.562412,33.364952],[-111.563002,33.36717],[-111.562449,33.36817],[-111.562326,33.37417],[-111.563108,33.37517],[-111.563165,33.37817],[-111.562629,33.378764],[-111.561629,33.377764],[-111.560629,33.378855],[-111.555366,33.37917],[-111.563241,33.379558],[-111.562906,33.38417],[-111.563629,33.385706]]],"type":"Polygon"}},{"type":"Feature","properties":{"station_id":"227","status":"proposed-buildout","strategy":"aid","band":"4min"},"geometry":{"coordinates":[[[-111.591629,33.35035],[-111.594118,33.35017],[-111.592886,33.349913],[-111.593147,33.34717],[-111.593919,33.346459],[-111.593302,33.343842],[-111.594629,33.344108],[-111.596813,33.34217],[-111.593568,33.341231],[-111.593629,33.338602],[-111.594629,33.338014],[-111.596629,33.337971],[-111.600116,33.338683],[-111.600629,33.345533],[-111.601644,33.34317],[-111.60115,33.34217],[-111.602149,33.34117],[-111.601178,33.340621],[-111.601231,33.339771],[-111.604355,33.33917],[-111.603073,33.338726],[-111.602629,33.337939],[-111.605221,33.33717],[-111.606291,33.335832],[-111.607923,33.335463],[-111.609645,33.334185],[-111.609629,33.333764],[-111.607629,33.333592],[-111.606629,33.334527],[-111.60459,33.334209],[-111.603629,33.333324],[-111.601471,33.334328],[-111.601629,33.330383],[-111.603629,33.331749],[-111.605055,33.33017],[-111.604406,33.32817],[-111.604986,33.32717],[-111.604169,33.32663],[-111.604309,33.32585],[-111.605629,33.325126],[-111.606629,33.325909],[-111.605939,33.32817],[-111.609906,33.330446],[-111.610638,33.330179],[-111.609361,33.328438],[-111.609083,33.32617],[-111.609629,33.325725],[-111.613629,33.32474],[-111.615951,33.326491],[-111.615346,33.32417],[-111.616155,33.322695],[-111.617092,33.322707],[-111.61772,33.32517],[-111.618629,33.322398],[-111.620629,33.321766],[-111.621629,33.322216],[-111.622004,33.321544],[-111.623482,33.32117],[-111.618105,33.320694],[-111.617629,33.318105],[-111.617367,33.32017],[-111.615629,33.320756],[-111.614968,33.32017],[-111.615295,33.31817],[-111.613443,33.316983],[-111.612362,33.31717],[-111.614341,33.318458],[-111.614424,33.32017],[-111.613629,33.320856],[-111.601192,33.320607],[-111.601188,33.312728],[-111.603629,33.312477],[-111.605629,33.313865],[-111.605746,33.313286],[-111.604629,33.311359],[-111.603287,33.311827],[-111.601217,33.311582],[-111.600629,33.306535],[-111.600168,33.30917],[-111.59908,33.31017],[-111.600072,33.31217],[-111.599629,33.314678],[-111.598629,33.313727],[-111.597629,33.313646],[-111.59698,33.31452],[-111.593629,33.315459],[-111.59236,33.31417],[-111.594821,33.313361],[-111.59409,33.31217],[-111.594746,33.311053],[-111.591629,33.307527],[-111.590046,33.31017],[-111.59093,33.31247],[-111.588732,33.312272],[-111.58698,33.31317],[-111.587563,33.31417],[-111.588629,33.314081],[-111.589629,33.314933],[-111.590629,33.313679],[-111.59088,33.31542],[-111.588629,33.31564],[-111.587629,33.316632],[-111.584755,33.316295],[-111.583467,33.317007],[-111.582826,33.320366],[-111.569629,33.320583],[-111.568629,33.321596],[-111.564629,33.321649],[-111.564122,33.32117],[-111.564348,33.31417],[-111.563629,33.308022],[-111.562966,33.321506],[-111.554395,33.32217],[-111.558629,33.322836],[-111.559629,33.32388],[-111.560629,33.32258],[-111.562971,33.322828],[-111.563629,33.334742],[-111.564297,33.322837],[-111.567845,33.322954],[-111.568435,33.32317],[-111.568133,33.32417],[-111.569216,33.324583],[-111.570629,33.323681],[-111.571629,33.324659],[-111.573629,33.324452],[-111.575629,33.326293],[-111.576204,33.324745],[-111.578342,33.322882],[-111.57892,33.322879],[-111.579302,33.324497],[-111.580629,33.325362],[-111.582629,33.323347],[-111.582915,33.325455],[-111.581431,33.32617],[-111.583053,33.326746],[-111.583629,33.328827],[-111.584427,33.329372],[-111.585045,33.329585],[-111.584783,33.32917],[-111.585629,33.328645],[-111.586098,33.32917],[-111.58492,33.33017],[-111.585405,33.33117],[-111.584707,33.33217],[-111.585629,33.333541],[-111.583366,33.33517],[-111.587856,33.33617],[-111.586404,33.33817],[-111.588637,33.33917],[-111.586988,33.34017],[-111.588387,33.34117],[-111.587504,33.34217],[-111.5901,33.34317],[-111.588689,33.34517],[-111.591095,33.345704],[-111.592356,33.34717],[-111.592305,33.349845],[-111.590634,33.35017],[-111.591629,33.35035]]],"type":"Polygon"}},{"type":"Feature","properties":{"station_id":"228","status":"proposed-buildout","strategy":"aid","band":"8min"},"geometry":{"coordinates":[[[-111.686298,33.382912],[-111.686437,33.381963],[-111.687921,33.381824],[-111.689298,33.380042],[-111.691336,33.379824],[-111.691602,33.378128],[-111.692399,33.377824],[-111.692456,33.376824],[-111.690832,33.37629],[-111.690909,33.374824],[-111.689049,33.374824],[-111.688659,33.372824],[-111.689522,33.372048],[-111.689602,33.370824],[-111.688922,33.368824],[-111.689718,33.366824],[-111.690784,33.366824],[-111.691298,33.368057],[-111.693298,33.367281],[-111.696298,33.36778],[-111.698298,33.366604],[-111.700298,33.367077],[-111.703298,33.366117],[-111.704298,33.367234],[-111.704619,33.365145],[-111.707857,33.364824],[-111.706298,33.364554],[-111.705614,33.363824],[-111.705476,33.361003],[-111.706524,33.359824],[-111.705929,33.358455],[-111.706837,33.357824],[-111.704939,33.357182],[-111.705298,33.355176],[-111.707298,33.355651],[-111.711713,33.353824],[-111.713298,33.352336],[-111.714298,33.35365],[-111.717298,33.351739],[-111.719298,33.352255],[-111.720432,33.351689],[-111.721298,33.353055],[-111.721843,33.351369],[-111.724497,33.350824],[-111.721844,33.350278],[-111.721762,33.347824],[-111.722298,33.346046],[-111.723188,33.345714],[-111.723298,33.344113],[-111.725768,33.340824],[-111.72659,33.340532],[-111.728298,33.341186],[-111.729682,33.339824],[-111.72888,33.338824],[-111.730334,33.33786],[-111.731535,33.338062],[-111.732298,33.337571],[-111.733298,33.338182],[-111.733716,33.337242],[-111.735298,33.336398],[-111.738298,33.337099],[-111.738566,33.336092],[-111.739564,33.335824],[-111.738298,33.335143],[-111.738028,33.335554],[-111.735737,33.335385],[-111.735298,33.334212],[-111.734298,33.335227],[-111.730765,33.334356],[-111.728298,33.332339],[-111.726178,33.332704],[-111.723945,33.332177],[-111.72345,33.329824],[-111.724127,33.328654],[-111.730298,33.328372],[-111.731298,33.327325],[-111.733688,33.327214],[-111.735298,33.325537],[-111.737215,33.325742],[-111.737966,33.322492],[-111.741298,33.322371],[-111.741684,33.32321],[-111.740071,33.323597],[-111.738761,33.325287],[-111.737491,33.325824],[-111.738298,33.328438],[-111.738637,33.326163],[-111.742532,33.324059],[-111.743298,33.322418],[-111.745589,33.322533],[-111.746298,33.323629],[-111.746858,33.322384],[-111.747855,33.322267],[-111.748298,33.322833],[-111.749298,33.321535],[-111.750298,33.322341],[-111.753158,33.321824],[-111.751793,33.321328],[-111.751298,33.320319],[-111.748298,33.320436],[-111.747298,33.319428],[-111.744298,33.320102],[-111.743677,33.318824],[-111.744494,33.317824],[-111.743833,33.316824],[-111.744211,33.314824],[-111.743111,33.314824],[-111.741457,33.319984],[-111.740298,33.320269],[-111.739676,33.318824],[-111.739649,33.310824],[-111.740665,33.309824],[-111.741057,33.307583],[-111.745218,33.306824],[-111.744298,33.30637],[-111.740722,33.306399],[-111.739528,33.304824],[-111.739557,33.301824],[-111.740544,33.300824],[-111.740701,33.299227],[-111.742558,33.297824],[-111.7427,33.296226],[-111.743594,33.295121],[-111.745298,33.294922],[-111.745444,33.293971],[-111.746375,33.293824],[-111.746421,33.292947],[-111.748332,33.292858],[-111.748378,33.291904],[-111.750298,33.291467],[-111.748278,33.291804],[-111.748211,33.292737],[-111.746258,33.292784],[-111.746138,33.293664],[-111.745238,33.293764],[-111.745119,33.294646],[-111.743298,33.294529],[-111.742298,33.295491],[-111.74182,33.297346],[-111.738964,33.300824],[-111.738941,33.305824],[-111.738298,33.306722],[-111.730298,33.306377],[-111.729468,33.305824],[-111.729298,33.303722],[-111.728298,33.304149],[-111.727298,33.303513],[-111.726504,33.30403],[-111.725967,33.305824],[-111.725011,33.306111],[-111.725993,33.303824],[-111.723608,33.302824],[-111.724572,33.301824],[-111.723448,33.300824],[-111.724288,33.299824],[-111.722298,33.299471],[-111.721713,33.298824],[-111.723252,33.297824],[-111.721667,33.296824],[-111.722432,33.295824],[-111.721493,33.294629],[-111.721298,33.292813],[-111.72093,33.298456],[-111.720298,33.299423],[-111.718404,33.299824],[-111.718497,33.302824],[-111.717064,33.303058],[-111.716298,33.301749],[-111.715612,33.302138],[-111.714525,33.304824],[-111.715125,33.305824],[-111.714298,33.306466],[-111.713298,33.305095],[-111.712298,33.306081],[-111.708298,33.306057],[-111.708018,33.304824],[-111.708972,33.303824],[-111.707298,33.30159],[-111.711605,33.299824],[-111.708674,33.296447],[-111.706298,33.296634],[-111.705087,33.296034],[-111.704336,33.293824],[-111.705298,33.293405],[-111.708298,33.294046],[-111.709298,33.293146],[-111.710298,33.294187],[-111.712559,33.293085],[-111.715074,33.292824],[-111.710032,33.292089],[-111.708298,33.288826],[-111.707289,33.290824],[-111.707494,33.29202],[-111.704298,33.292282],[-111.703298,33.290567],[-111.702584,33.29211],[-111.70103,33.292091],[-111.701685,33.290436],[-111.701017,33.289824],[-111.70123,33.288824],[-111.699845,33.288277],[-111.698971,33.286824],[-111.700298,33.285547],[-111.701298,33.286683],[-111.703156,33.285682],[-111.703504,33.283824],[-111.702933,33.282824],[-111.704514,33.282041],[-111.704649,33.280175],[-111.705651,33.279824],[-111.705298,33.278922],[-111.703298,33.2806],[-111.702046,33.280572],[-111.701489,33.282015],[-111.699298,33.282063],[-111.697781,33.282824],[-111.697274,33.283824],[-111.698687,33.284435],[-111.698298,33.285239],[-111.696298,33.285443],[-111.693001,33.28412],[-111.692024,33.282824],[-111.693547,33.281824],[-111.692165,33.280824],[-111.692581,33.279824],[-111.694298,33.279472],[-111.697083,33.281038],[-111.698384,33.280911],[-111.698298,33.279385],[-111.700544,33.27907],[-111.701298,33.278087],[-111.704429,33.277824],[-111.700298,33.277492],[-111.699298,33.278225],[-111.697298,33.277262],[-111.696298,33.278076],[-111.693298,33.278439],[-111.691298,33.277286],[-111.689068,33.277053],[-111.688298,33.276019],[-111.687278,33.275843],[-111.686879,33.271406],[-111.687298,33.271162],[-111.688298,33.272247],[-111.689712,33.27241],[-111.690298,33.273274],[-111.692298,33.272157],[-111.693557,33.270564],[-111.693298,33.269914],[-111.691298,33.271144],[-111.68968,33.270441],[-111.689298,33.269543],[-111.688733,33.270259],[-111.687077,33.270045],[-111.686746,33.268824],[-111.687641,33.266167],[-111.69112,33.265824],[-111.686363,33.264759],[-111.686298,33.262119],[-111.685961,33.264488],[-111.684884,33.26541],[-111.682296,33.265824],[-111.683926,33.266196],[-111.685459,33.267985],[-111.684597,33.269123],[-111.681298,33.270784],[-111.68078,33.272306],[-111.679529,33.272824],[-111.681298,33.273631],[-111.682083,33.272609],[-111.683298,33.272889],[-111.685298,33.272131],[-111.685298,33.2741],[-111.684298,33.274711],[-111.683298,33.274133],[-111.681638,33.274164],[-111.682206,33.276824],[-111.679194,33.276928],[-111.679466,33.274824],[-111.678298,33.272867],[-111.678075,33.273601],[-111.676595,33.273526],[-111.676298,33.272348],[-111.676606,33.274824],[-111.676053,33.276579],[-111.675145,33.276977],[-111.674048,33.276074],[-111.673736,33.274824],[-111.669892,33.274229],[-111.669298,33.271433],[-111.668819,33.274345],[-111.666579,33.274824],[-111.668298,33.27497],[-111.66873,33.276257],[-111.667298,33.277235],[-111.66396,33.277824],[-111.668673,33.278449],[-111.668754,33.280824],[-111.666898,33.281824],[-111.667141,33.282824],[-111.666361,33.283888],[-111.662924,33.284197],[-111.661298,33.281379],[-111.659462,33.283988],[-111.651906,33.284824],[-111.655298,33.285054],[-111.656298,33.28619],[-111.657298,33.285497],[-111.658298,33.286519],[-111.660298,33.286054],[-111.662298,33.287059],[-111.663298,33.286263],[-111.665298,33.287588],[-111.665987,33.285514],[-111.668548,33.285573],[-111.668556,33.295824],[-111.667601,33.296824],[-111.668675,33.297824],[-111.668319,33.298824],[-111.666298,33.299248],[-111.663736,33.302262],[-111.66211,33.302824],[-111.663298,33.303906],[-111.665773,33.303299],[-111.667298,33.302077],[-111.667614,33.303824],[-111.668514,33.304824],[-111.668683,33.310438],[-111.671717,33.313404],[-111.673413,33.313709],[-111.673714,33.315408],[-111.675298,33.315625],[-111.676298,33.314635],[-111.677475,33.314824],[-111.675548,33.316824],[-111.676626,33.318496],[-111.677399,33.318723],[-111.677398,33.320924],[-111.667085,33.321824],[-111.672298,33.32255],[-111.673425,33.324952],[-111.666298,33.325009],[-111.664875,33.323246],[-111.663757,33.322365],[-111.662028,33.322093],[-111.661298,33.321044],[-111.657298,33.321021],[-111.656298,33.322365],[-111.654298,33.322415],[-111.653298,33.320066],[-111.651798,33.320324],[-111.652015,33.321824],[-111.651298,33.322487],[-111.644298,33.322034],[-111.642987,33.321513],[-111.642244,33.321877],[-111.642482,33.320824],[-111.641466,33.320656],[-111.640373,33.318749],[-111.638298,33.317533],[-111.636712,33.317409],[-111.636086,33.316036],[-111.636728,33.313824],[-111.635559,33.312824],[-111.635593,33.307824],[-111.636491,33.306631],[-111.635636,33.305485],[-111.635298,33.302875],[-111.634961,33.305487],[-111.63431,33.305824],[-111.635045,33.306824],[-111.634629,33.315155],[-111.631832,33.314289],[-111.630202,33.312728],[-111.630797,33.315323],[-111.628642,33.315824],[-111.629708,33.316413],[-111.63083,33.319824],[-111.630566,33.320824],[-111.626749,33.321372],[-111.625015,33.321107],[-111.624298,33.320434],[-111.621943,33.321469],[-111.617385,33.321824],[-111.622436,33.322686],[-111.624298,33.324825],[-111.624932,33.322459],[-111.627298,33.322309],[-111.628298,33.323257],[-111.630624,33.322498],[-111.630666,33.325192],[-111.62914,33.325666],[-111.628298,33.326654],[-111.62758,33.326542],[-111.627298,33.325561],[-111.626298,33.32655],[-111.624298,33.326303],[-111.624133,33.327824],[-111.624331,33.327824],[-111.624908,33.327434],[-111.62576,33.327286],[-111.628298,33.327266],[-111.631609,33.329512],[-111.632298,33.329701],[-111.633642,33.328479],[-111.634298,33.329199],[-111.634751,33.330824],[-111.634298,33.333615],[-111.631741,33.335824],[-111.634761,33.336361],[-111.635298,33.34036],[-111.635592,33.336824],[-111.637214,33.335824],[-111.635901,33.33522],[-111.636616,33.332824],[-111.635789,33.331824],[-111.637864,33.32939],[-111.641323,33.328824],[-111.641221,33.327824],[-111.642298,33.326414],[-111.645298,33.325328],[-111.646607,33.326515],[-111.646732,33.327824],[-111.647927,33.329195],[-111.649748,33.329274],[-111.64959,33.328531],[-111.64783,33.327291],[-111.647641,33.325481],[-111.645733,33.323824],[-111.651298,33.323633],[-111.652503,33.324824],[-111.652481,33.329008],[-111.649845,33.329371],[-111.649575,33.331101],[-111.644816,33.335342],[-111.644475,33.337001],[-111.643567,33.337824],[-111.643573,33.339824],[-111.642583,33.340824],[-111.642546,33.349073],[-111.637298,33.349486],[-111.635498,33.348624],[-111.635298,33.347518],[-111.635234,33.349761],[-111.63303,33.349824],[-111.634975,33.350147],[-111.635298,33.35137],[-111.635823,33.35035],[-111.636734,33.350388],[-111.638298,33.351984],[-111.639056,33.350582],[-111.640298,33.351649],[-111.642494,33.350627],[-111.643981,33.358824],[-111.642951,33.359824],[-111.643016,33.363542],[-111.642298,33.364655],[-111.641298,33.364217],[-111.639535,33.364824],[-111.642934,33.365188],[-111.645146,33.370824],[-111.646051,33.371071],[-111.646224,33.372897],[-111.647076,33.373046],[-111.647277,33.375844],[-111.648111,33.376011],[-111.648298,33.379869],[-111.648352,33.374769],[-111.647557,33.374565],[-111.647376,33.372746],[-111.646612,33.37251],[-111.646422,33.370824],[-111.645565,33.370557],[-111.645517,33.368824],[-111.644553,33.367824],[-111.644748,33.365274],[-111.645709,33.364824],[-111.644743,33.363379],[-111.644922,33.354824],[-111.644565,33.352556],[-111.643781,33.351824],[-111.645298,33.350132],[-111.646761,33.350361],[-111.647298,33.35103],[-111.649298,33.351111],[-111.650298,33.350388],[-111.651313,33.350808],[-111.652112,33.351824],[-111.651978,33.353824],[-111.653036,33.354824],[-111.653298,33.356958],[-111.653871,33.354397],[-111.654705,33.353824],[-111.653743,33.351824],[-111.653985,33.350511],[-111.658298,33.350445],[-111.658909,33.353213],[-111.660298,33.353743],[-111.660746,33.353375],[-111.660659,33.354824],[-111.662298,33.356259],[-111.663473,33.352999],[-111.663069,33.351595],[-111.669567,33.351824],[-111.669298,33.353779],[-111.667203,33.353729],[-111.666146,33.354672],[-111.667029,33.356093],[-111.668866,33.356824],[-111.667633,33.358159],[-111.665897,33.358824],[-111.66669,33.363824],[-111.665994,33.364128],[-111.664298,33.36328],[-111.662298,33.364376],[-111.659663,33.364824],[-111.660298,33.365295],[-111.669774,33.365347],[-111.669891,33.368824],[-111.671023,33.369098],[-111.671171,33.369824],[-111.671251,33.373777],[-111.67028,33.373807],[-111.670291,33.374831],[-111.670304,33.374818],[-111.670478,33.374005],[-111.671721,33.373824],[-111.672681,33.369824],[-111.672457,33.367664],[-111.67127,33.366824],[-111.673298,33.365581],[-111.674277,33.365824],[-111.673007,33.366533],[-111.673154,33.366968],[-111.674595,33.367526],[-111.675038,33.369084],[-111.678178,33.370824],[-111.679298,33.372862],[-111.680274,33.3708],[-111.682304,33.370818],[-111.686298,33.374278],[-111.686298,33.375127],[-111.684665,33.375824],[-111.685254,33.376868],[-111.686731,33.377391],[-111.686758,33.378285],[-111.684298,33.378549],[-111.682802,33.379824],[-111.686601,33.379521],[-111.686885,33.380824],[-111.68574,33.382824],[-111.686298,33.382912]]],"type":"Polygon"}},{"type":"Feature","properties":{"station_id":"228","status":"proposed-buildout","strategy":"aid","band":"4min"},"geometry":{"coordinates":[[[-111.687298,33.349995],[-111.687656,33.344824],[-111.688605,33.343516],[-111.688589,33.341824],[-111.687802,33.340824],[-111.688027,33.336554],[-111.694298,33.336251],[-111.695298,33.338122],[-111.696525,33.337051],[-111.701713,33.335824],[-111.696298,33.335478],[-111.695298,33.334177],[-111.694726,33.335253],[-111.693903,33.335218],[-111.693481,33.333824],[-111.69473,33.332824],[-111.694372,33.331824],[-111.692298,33.330985],[-111.689998,33.332124],[-111.690028,33.329554],[-111.703298,33.329166],[-111.703935,33.329824],[-111.703489,33.331824],[-111.704298,33.332642],[-111.704657,33.330183],[-111.705565,33.329092],[-111.709342,33.328824],[-111.704543,33.328578],[-111.704621,33.327147],[-111.706136,33.326824],[-111.705931,33.324457],[-111.708442,33.323824],[-111.709298,33.322569],[-111.710298,33.323723],[-111.711298,33.322956],[-111.712298,33.323078],[-111.713298,33.32211],[-111.716706,33.321824],[-111.713298,33.321617],[-111.712298,33.32031],[-111.709266,33.320856],[-111.708298,33.319414],[-111.707205,33.319917],[-111.706298,33.319069],[-111.705298,33.319954],[-111.70569,33.315824],[-111.705063,33.314824],[-111.705312,33.313824],[-111.704501,33.31362],[-111.704298,33.311554],[-111.703015,33.313824],[-111.704024,33.314097],[-111.703509,33.317035],[-111.701383,33.317738],[-111.700298,33.316678],[-111.698298,33.317102],[-111.697361,33.317824],[-111.697591,33.318824],[-111.696806,33.318824],[-111.694592,33.314824],[-111.693033,33.313824],[-111.692298,33.311844],[-111.691298,33.312305],[-111.68988,33.311242],[-111.689605,33.308824],[-111.691298,33.307347],[-111.694298,33.307268],[-111.694964,33.307824],[-111.694594,33.308824],[-111.695298,33.309887],[-111.696656,33.307182],[-111.699012,33.307109],[-111.699298,33.307721],[-111.701921,33.306824],[-111.69584,33.306281],[-111.695298,33.303777],[-111.694713,33.306239],[-111.69191,33.306212],[-111.687717,33.301824],[-111.687566,33.297556],[-111.686298,33.295728],[-111.686179,33.298824],[-111.686809,33.299824],[-111.687007,33.303824],[-111.688585,33.304537],[-111.688577,33.305104],[-111.687298,33.30639],[-111.680298,33.306222],[-111.680298,33.308176],[-111.681298,33.307303],[-111.683298,33.308503],[-111.684298,33.307932],[-111.685298,33.308176],[-111.686672,33.309824],[-111.685683,33.313209],[-111.684687,33.313824],[-111.684816,33.315306],[-111.685503,33.315824],[-111.684598,33.316124],[-111.683856,33.317824],[-111.6829,33.318426],[-111.682468,33.320994],[-111.681105,33.321017],[-111.68009,33.320031],[-111.679834,33.313824],[-111.677716,33.311824],[-111.677673,33.310449],[-111.675621,33.3095],[-111.674461,33.309824],[-111.674298,33.311054],[-111.673862,33.309824],[-111.671298,33.309044],[-111.671676,33.307824],[-111.670726,33.306824],[-111.670298,33.304317],[-111.669141,33.309824],[-111.674532,33.31459],[-111.675298,33.314843],[-111.676298,33.314056],[-111.677905,33.314824],[-111.676888,33.315824],[-111.676776,33.317824],[-111.678266,33.319824],[-111.677298,33.321279],[-111.67497,33.321824],[-111.678298,33.322446],[-111.67849,33.323016],[-111.67684,33.323366],[-111.675264,33.324824],[-111.673298,33.325556],[-111.667298,33.325592],[-111.664895,33.325227],[-111.663842,33.32428],[-111.661567,33.323554],[-111.661298,33.322656],[-111.657298,33.321746],[-111.657171,33.322697],[-111.65337,33.322751],[-111.653298,33.322127],[-111.652249,33.322776],[-111.647879,33.322824],[-111.651298,33.32302],[-111.652463,33.32399],[-111.654298,33.323155],[-111.656298,33.323209],[-111.657298,33.324451],[-111.659359,33.324763],[-111.662488,33.328633],[-111.664298,33.328762],[-111.665298,33.328087],[-111.66978,33.328341],[-111.669875,33.334824],[-111.668194,33.335824],[-111.669228,33.336893],[-111.670298,33.341305],[-111.670925,33.336452],[-111.673298,33.336469],[-111.674274,33.335824],[-111.670884,33.335238],[-111.670786,33.332824],[-111.672143,33.331824],[-111.67084,33.330824],[-111.672584,33.329824],[-111.67076,33.329361],[-111.670818,33.328344],[-111.675405,33.327932],[-111.686733,33.328388],[-111.686748,33.329274],[-111.685298,33.330248],[-111.683042,33.330824],[-111.683298,33.333068],[-111.684955,33.334824],[-111.682156,33.335824],[-111.682232,33.337824],[-111.683239,33.337883],[-111.683298,33.338954],[-111.684408,33.339824],[-111.683189,33.340824],[-111.686298,33.341266],[-111.686823,33.341824],[-111.685991,33.342824],[-111.686863,33.343824],[-111.686136,33.344824],[-111.687298,33.349995]]],"type":"Polygon"}},{"type":"Feature","properties":{"station_id":"229","status":"proposed-buildout","strategy":"aid","band":"8min"},"geometry":{"coordinates":[[[-111.719169,33.443347],[-111.71994,33.44139],[-111.719821,33.438041],[-111.722169,33.438354],[-111.725375,33.43739],[-111.721568,33.436991],[-111.721009,33.43639],[-111.721194,33.433414],[-111.722233,33.433453],[-111.722856,33.432076],[-111.724253,33.432473],[-111.725115,33.431335],[-111.727169,33.430696],[-111.728169,33.431912],[-111.728702,33.430922],[-111.730217,33.43039],[-111.728351,33.430208],[-111.72823,33.429329],[-111.727171,33.429388],[-111.725845,33.42839],[-111.726169,33.425706],[-111.733339,33.425559],[-111.733978,33.424198],[-111.735169,33.424082],[-111.736169,33.427898],[-111.736549,33.425769],[-111.737651,33.42539],[-111.737762,33.423982],[-111.742631,33.42239],[-111.737858,33.421701],[-111.738729,33.41739],[-111.741169,33.416982],[-111.742169,33.415922],[-111.743169,33.416693],[-111.744458,33.416101],[-111.745169,33.417477],[-111.746359,33.416579],[-111.750828,33.41539],[-111.747169,33.414423],[-111.746169,33.414828],[-111.741996,33.414563],[-111.742495,33.41239],[-111.741372,33.41139],[-111.74214,33.40939],[-111.743169,33.410805],[-111.744624,33.410935],[-111.745169,33.413373],[-111.747581,33.410801],[-111.747649,33.408869],[-111.749861,33.408698],[-111.752236,33.409323],[-111.75321,33.41139],[-111.753049,33.41451],[-111.754169,33.415409],[-111.754871,33.409091],[-111.761387,33.40839],[-111.759169,33.408029],[-111.758169,33.407006],[-111.757169,33.40814],[-111.755049,33.40751],[-111.756169,33.406622],[-111.757864,33.40639],[-111.758832,33.402053],[-111.76126,33.402299],[-111.762169,33.405533],[-111.764143,33.40339],[-111.765169,33.400917],[-111.766169,33.400745],[-111.765847,33.39839],[-111.767279,33.39639],[-111.769169,33.395393],[-111.769698,33.395861],[-111.771169,33.400847],[-111.772687,33.39739],[-111.771702,33.39639],[-111.772169,33.395128],[-111.780169,33.393782],[-111.780169,33.393337],[-111.772933,33.392626],[-111.77264,33.38939],[-111.771403,33.38739],[-111.778169,33.386874],[-111.785169,33.386888],[-111.787135,33.38739],[-111.786612,33.38839],[-111.786959,33.38939],[-111.785693,33.39039],[-111.78702,33.39139],[-111.787379,33.392599],[-111.786541,33.39339],[-111.788169,33.395126],[-111.789122,33.39339],[-111.788805,33.392025],[-111.790352,33.39039],[-111.789169,33.387349],[-111.794472,33.386693],[-111.803169,33.386755],[-111.80459,33.386969],[-111.805169,33.388173],[-111.805771,33.386991],[-111.807432,33.386652],[-111.820798,33.38639],[-111.807396,33.386163],[-111.806169,33.385502],[-111.801169,33.386182],[-111.789169,33.385688],[-111.788797,33.385017],[-111.790263,33.38339],[-111.788912,33.38239],[-111.789646,33.38139],[-111.788169,33.379311],[-111.787414,33.383635],[-111.78548,33.3857],[-111.762966,33.385593],[-111.762708,33.384928],[-111.764077,33.38439],[-111.762341,33.38339],[-111.764535,33.38139],[-111.76367,33.380889],[-111.763774,33.379994],[-111.771275,33.37939],[-111.766169,33.378104],[-111.765169,33.377301],[-111.764524,33.378744],[-111.763857,33.378702],[-111.762674,33.37739],[-111.763328,33.37639],[-111.761606,33.37539],[-111.762077,33.37439],[-111.761627,33.37339],[-111.760383,33.372176],[-111.757938,33.371621],[-111.757288,33.37039],[-111.759401,33.36939],[-111.757746,33.368813],[-111.756169,33.366589],[-111.75555,33.36877],[-111.754573,33.36939],[-111.755815,33.37039],[-111.75548,33.372701],[-111.753169,33.37153],[-111.752898,33.372118],[-111.751382,33.372177],[-111.750169,33.371121],[-111.747763,33.371796],[-111.746786,33.36939],[-111.747024,33.368244],[-111.748169,33.367611],[-111.750956,33.36739],[-111.75017,33.366389],[-111.749169,33.366877],[-111.747427,33.36539],[-111.748169,33.364535],[-111.749503,33.36439],[-111.746169,33.363614],[-111.745169,33.364079],[-111.744169,33.362863],[-111.743169,33.364001],[-111.742169,33.363172],[-111.74054,33.363019],[-111.739849,33.36139],[-111.740649,33.36039],[-111.739599,33.35839],[-111.738601,33.357958],[-111.738324,33.356544],[-111.738971,33.35639],[-111.738169,33.355602],[-111.737726,33.35839],[-111.738889,33.35939],[-111.73877,33.36139],[-111.737491,33.363711],[-111.729739,33.36382],[-111.723939,33.36262],[-111.724169,33.362052],[-111.730385,33.36139],[-111.72962,33.35739],[-111.728198,33.35639],[-111.72829,33.35539],[-111.7305,33.35339],[-111.72892,33.35139],[-111.733973,33.35039],[-111.731169,33.349462],[-111.729169,33.350069],[-111.728169,33.348801],[-111.727069,33.34949],[-111.72542,33.34739],[-111.727502,33.34639],[-111.722071,33.345488],[-111.722487,33.343072],[-111.721566,33.34139],[-111.721907,33.34039],[-111.721169,33.339818],[-111.720572,33.345792],[-111.715966,33.34639],[-111.718513,33.347046],[-111.718604,33.347824],[-111.716169,33.349692],[-111.715169,33.348862],[-111.713169,33.350011],[-111.710266,33.35039],[-111.714848,33.35139],[-111.713456,33.352676],[-111.710389,33.35339],[-111.715585,33.354974],[-111.715922,33.35639],[-111.712469,33.35939],[-111.71258,33.3608],[-111.711715,33.360844],[-111.711169,33.359206],[-111.710008,33.36039],[-111.710686,33.36139],[-111.710169,33.361914],[-111.708726,33.361833],[-111.707169,33.3605],[-111.706169,33.361054],[-111.70509,33.360469],[-111.705872,33.35839],[-111.704466,33.35739],[-111.704169,33.353909],[-111.703565,33.35739],[-111.702564,33.35839],[-111.703422,33.360137],[-111.703183,33.361403],[-111.699169,33.36473],[-111.698169,33.364223],[-111.697742,33.364962],[-111.696505,33.365054],[-111.696169,33.36386],[-111.693272,33.36539],[-111.699169,33.366365],[-111.700169,33.367046],[-111.701257,33.36639],[-111.699378,33.37139],[-111.697444,33.37239],[-111.69867,33.372889],[-111.698851,33.374071],[-111.694358,33.373578],[-111.694097,33.37439],[-111.695606,33.376953],[-111.695402,33.378622],[-111.691915,33.378644],[-111.692169,33.377907],[-111.693464,33.377684],[-111.693411,33.376148],[-111.691804,33.375755],[-111.691169,33.374171],[-111.689169,33.373787],[-111.689455,33.371104],[-111.688261,33.366481],[-111.688479,33.365699],[-111.689715,33.36539],[-111.688509,33.36505],[-111.688169,33.362963],[-111.687613,33.364833],[-111.686543,33.36539],[-111.687436,33.36639],[-111.686501,33.367721],[-111.683793,33.36839],[-111.686169,33.369345],[-111.687169,33.369021],[-111.68749,33.37039],[-111.685696,33.370916],[-111.685204,33.37239],[-111.686343,33.373216],[-111.686169,33.373996],[-111.683309,33.37539],[-111.683446,33.377666],[-111.681866,33.37739],[-111.681836,33.376056],[-111.682826,33.37539],[-111.68004,33.375519],[-111.679169,33.373594],[-111.678105,33.37439],[-111.67842,33.37564],[-111.675946,33.376167],[-111.678304,33.377524],[-111.675169,33.378967],[-111.672169,33.378419],[-111.669225,33.37939],[-111.672169,33.380187],[-111.676169,33.379713],[-111.67785,33.380709],[-111.679169,33.380761],[-111.679467,33.381687],[-111.678169,33.381923],[-111.677169,33.380484],[-111.676964,33.382595],[-111.677848,33.38439],[-111.6772,33.38542],[-111.673877,33.385682],[-111.668725,33.384834],[-111.668317,33.381242],[-111.667169,33.378945],[-111.666111,33.383331],[-111.666375,33.385595],[-111.650564,33.385995],[-111.649349,33.38439],[-111.649252,33.37639],[-111.648351,33.376208],[-111.6482,33.37339],[-111.647215,33.373344],[-111.647169,33.371801],[-111.647156,33.373403],[-111.648108,33.373451],[-111.648122,33.376437],[-111.649019,33.37654],[-111.648808,33.386028],[-111.64647,33.386089],[-111.646241,33.385318],[-111.645169,33.385055],[-111.638169,33.386101],[-111.630877,33.38639],[-111.647867,33.386692],[-111.647911,33.388131],[-111.647036,33.38839],[-111.64695,33.390171],[-111.645924,33.39039],[-111.645665,33.392885],[-111.644689,33.39339],[-111.645047,33.394512],[-111.645381,33.393601],[-111.647047,33.39339],[-111.646306,33.393253],[-111.64638,33.3906],[-111.647243,33.390463],[-111.647431,33.388651],[-111.648258,33.388478],[-111.649515,33.386735],[-111.658169,33.386611],[-111.666186,33.387373],[-111.666169,33.38852],[-111.665169,33.389014],[-111.664169,33.388194],[-111.663169,33.39002],[-111.661169,33.389793],[-111.660169,33.39027],[-111.659169,33.389654],[-111.658169,33.392812],[-111.657169,33.392474],[-111.651169,33.393171],[-111.650169,33.392227],[-111.649814,33.393034],[-111.647683,33.39339],[-111.650169,33.394096],[-111.650245,33.393465],[-111.651169,33.39344],[-111.663617,33.393942],[-111.663948,33.398611],[-111.666303,33.399256],[-111.665591,33.40039],[-111.666837,33.400722],[-111.666995,33.40139],[-111.667004,33.408224],[-111.665578,33.40839],[-111.667031,33.408528],[-111.667169,33.409495],[-111.668169,33.408774],[-111.671169,33.409618],[-111.67188,33.4091],[-111.674169,33.409028],[-111.675169,33.410486],[-111.676169,33.409628],[-111.676617,33.409942],[-111.678169,33.411912],[-111.679169,33.409727],[-111.680126,33.41239],[-111.679609,33.413829],[-111.679169,33.414132],[-111.678169,33.413617],[-111.672855,33.41539],[-111.674915,33.415644],[-111.676169,33.416678],[-111.677169,33.415669],[-111.679169,33.415755],[-111.680315,33.416535],[-111.682545,33.416014],[-111.683733,33.41939],[-111.682962,33.42139],[-111.683619,33.422839],[-111.682565,33.42339],[-111.684061,33.423498],[-111.684169,33.424968],[-111.686044,33.421264],[-111.68614,33.42039],[-111.685136,33.41939],[-111.686582,33.418802],[-111.68781,33.41703],[-111.689169,33.417443],[-111.690169,33.416804],[-111.693155,33.416404],[-111.695169,33.419453],[-111.696169,33.41675],[-111.697169,33.416558],[-111.698923,33.41739],[-111.698159,33.41839],[-111.700367,33.42039],[-111.698918,33.422138],[-111.69797,33.42239],[-111.701169,33.423824],[-111.702169,33.426444],[-111.702979,33.424199],[-111.705066,33.42439],[-111.704795,33.42539],[-111.707169,33.426229],[-111.708769,33.42939],[-111.707353,33.43039],[-111.709471,33.431088],[-111.710169,33.432212],[-111.710351,33.431571],[-111.711865,33.431085],[-111.715169,33.431748],[-111.717453,33.431106],[-111.717581,33.432801],[-111.716659,33.43339],[-111.715489,33.43639],[-111.712027,33.43739],[-111.71627,33.43849],[-111.717357,33.438202],[-111.718984,33.44139],[-111.71861,33.44239],[-111.719169,33.443347]]],"type":"Polygon"}},{"type":"Feature","properties":{"station_id":"229","status":"proposed-buildout","strategy":"aid","band":"4min"},"geometry":{"coordinates":[[[-111.719169,33.411933],[-111.719425,33.408645],[-111.722595,33.40839],[-111.721169,33.408157],[-111.720478,33.40739],[-111.722154,33.40539],[-111.72378,33.40039],[-111.724923,33.39939],[-111.722719,33.39784],[-111.722812,33.397032],[-111.724169,33.396729],[-111.725486,33.39739],[-111.726169,33.394805],[-111.727169,33.398245],[-111.728151,33.39739],[-111.728169,33.396093],[-111.728205,33.397354],[-111.729583,33.39739],[-111.734169,33.393963],[-111.735994,33.39539],[-111.736169,33.397833],[-111.737814,33.39439],[-111.739169,33.394866],[-111.7395,33.39372],[-111.741694,33.39339],[-111.737505,33.393054],[-111.737169,33.389961],[-111.736169,33.390219],[-111.7353,33.39252],[-111.734343,33.392216],[-111.734169,33.391354],[-111.732169,33.392607],[-111.731169,33.392056],[-111.729127,33.392432],[-111.728916,33.389136],[-111.731768,33.38939],[-111.732482,33.388077],[-111.730821,33.38739],[-111.732169,33.386973],[-111.733169,33.388103],[-111.73949,33.386711],[-111.746335,33.38639],[-111.728659,33.3859],[-111.728462,33.383682],[-111.729475,33.38339],[-111.727564,33.38139],[-111.727571,33.38039],[-111.730958,33.37939],[-111.729169,33.37878],[-111.728169,33.379109],[-111.727169,33.377977],[-111.725169,33.37892],[-111.724189,33.37839],[-111.722691,33.37539],[-111.723025,33.37439],[-111.722169,33.372128],[-111.721931,33.374151],[-111.720681,33.37539],[-111.721382,33.376177],[-111.721169,33.377932],[-111.720089,33.377309],[-111.719169,33.377616],[-111.718169,33.379047],[-111.716169,33.378828],[-111.713637,33.37939],[-111.71327,33.38039],[-111.713893,33.38139],[-111.712864,33.383084],[-111.710264,33.383295],[-111.710169,33.38166],[-111.710035,33.38339],[-111.711169,33.384018],[-111.712169,33.383524],[-111.714169,33.38393],[-111.716169,33.382882],[-111.716811,33.383748],[-111.718437,33.384122],[-111.718403,33.385623],[-111.704882,33.38639],[-111.709169,33.386575],[-111.709549,33.38739],[-111.704169,33.388272],[-111.703245,33.391465],[-111.702169,33.391849],[-111.700169,33.390562],[-111.699169,33.391995],[-111.698697,33.390917],[-111.699892,33.39039],[-111.699064,33.38939],[-111.695085,33.388474],[-111.694169,33.387715],[-111.693549,33.38939],[-111.695448,33.390111],[-111.695065,33.391286],[-111.694169,33.391651],[-111.693169,33.390926],[-111.691304,33.392524],[-111.688169,33.392807],[-111.685736,33.39439],[-111.700966,33.394593],[-111.702169,33.395061],[-111.704169,33.394349],[-111.705169,33.395075],[-111.707456,33.395103],[-111.710094,33.400465],[-111.711169,33.399856],[-111.711696,33.40039],[-111.710977,33.401197],[-111.711169,33.405345],[-111.71203,33.405529],[-111.713594,33.407965],[-111.717849,33.40871],[-111.719169,33.411933]]],"type":"Polygon"}},{"type":"Feature","properties":{"station_id":"230","status":"proposed-buildout","strategy":"aid","band":"8min"},"geometry":{"coordinates":[[[-111.663038,33.524395],[-111.666151,33.524502],[-111.670651,33.519003],[-111.672038,33.518847],[-111.673038,33.517869],[-111.675038,33.517893],[-111.678038,33.515955],[-111.680038,33.515972],[-111.680766,33.515118],[-111.682038,33.514996],[-111.685038,33.511885],[-111.686159,33.512389],[-111.686248,33.511389],[-111.684703,33.509389],[-111.684783,33.497389],[-111.686038,33.495954],[-111.688459,33.49581],[-111.688968,33.49332],[-111.689204,33.494222],[-111.691038,33.495075],[-111.692598,33.49495],[-111.694038,33.494044],[-111.695038,33.495008],[-111.700462,33.494814],[-111.701251,33.494389],[-111.701745,33.488097],[-111.703038,33.486926],[-111.708051,33.486403],[-111.708407,33.484759],[-111.710038,33.48432],[-111.710698,33.483049],[-111.712355,33.483072],[-111.713871,33.486556],[-111.714846,33.486389],[-111.714437,33.485389],[-111.715038,33.484745],[-111.717363,33.485064],[-111.718038,33.486996],[-111.718662,33.485014],[-111.722151,33.484389],[-111.719664,33.483763],[-111.720038,33.482688],[-111.725038,33.481642],[-111.731038,33.48143],[-111.731295,33.481132],[-111.731468,33.480389],[-111.731025,33.480402],[-111.730997,33.481348],[-111.720038,33.481011],[-111.71932,33.480389],[-111.719038,33.476819],[-111.718038,33.478104],[-111.718428,33.479779],[-111.717038,33.48034],[-111.712328,33.479099],[-111.708038,33.475816],[-111.705735,33.475692],[-111.70506,33.474389],[-111.705599,33.473951],[-111.711795,33.473389],[-111.707038,33.472998],[-111.706296,33.472131],[-111.704696,33.47173],[-111.704196,33.47023],[-111.703038,33.470434],[-111.702566,33.469861],[-111.703648,33.466999],[-111.705716,33.466711],[-111.706038,33.467255],[-111.706382,33.466733],[-111.70843,33.466389],[-111.703601,33.465826],[-111.702644,33.462389],[-111.701562,33.461864],[-111.701038,33.459708],[-111.70069,33.464389],[-111.700038,33.465184],[-111.697038,33.46384],[-111.696038,33.464094],[-111.695319,33.463108],[-111.694038,33.463044],[-111.693674,33.462025],[-111.695502,33.461389],[-111.695288,33.460389],[-111.697894,33.459389],[-111.696258,33.459169],[-111.696038,33.458327],[-111.695665,33.459016],[-111.694567,33.458859],[-111.694038,33.457366],[-111.692038,33.45528],[-111.691065,33.458389],[-111.689291,33.458389],[-111.688068,33.457389],[-111.687453,33.456389],[-111.688805,33.455389],[-111.688038,33.453764],[-111.687038,33.454547],[-111.686682,33.453389],[-111.691038,33.451879],[-111.693038,33.451987],[-111.693689,33.451389],[-111.686038,33.450335],[-111.685519,33.449389],[-111.686131,33.448389],[-111.684743,33.447389],[-111.685333,33.446389],[-111.684038,33.443877],[-111.683627,33.447979],[-111.680924,33.448389],[-111.682444,33.448983],[-111.682467,33.449819],[-111.680038,33.451053],[-111.675997,33.451389],[-111.681038,33.451718],[-111.682452,33.452975],[-111.682845,33.454389],[-111.68206,33.455412],[-111.680833,33.455594],[-111.680038,33.454125],[-111.67799,33.456342],[-111.680038,33.456762],[-111.680581,33.457389],[-111.680038,33.458136],[-111.678593,33.458389],[-111.679616,33.459389],[-111.678614,33.460813],[-111.679412,33.461015],[-111.679517,33.462868],[-111.678766,33.462661],[-111.678491,33.460936],[-111.677681,33.460746],[-111.677335,33.459091],[-111.676612,33.458815],[-111.676244,33.457183],[-111.674541,33.455886],[-111.674153,33.454274],[-111.673126,33.453301],[-111.672276,33.453151],[-111.672107,33.452319],[-111.671038,33.451593],[-111.671012,33.452415],[-111.671974,33.452452],[-111.671988,33.453439],[-111.672907,33.45352],[-111.672967,33.45446],[-111.673873,33.454554],[-111.673786,33.456389],[-111.675796,33.457631],[-111.675672,33.459389],[-111.676738,33.459688],[-111.676573,33.461389],[-111.677765,33.462389],[-111.677461,33.463389],[-111.678501,33.463925],[-111.67931,33.465389],[-111.678526,33.465878],[-111.677622,33.465804],[-111.676796,33.464631],[-111.676351,33.462076],[-111.6748,33.460627],[-111.674038,33.458773],[-111.671606,33.458958],[-111.671038,33.461686],[-111.668864,33.461563],[-111.670061,33.460389],[-111.668071,33.459389],[-111.667038,33.457959],[-111.66635,33.459702],[-111.665038,33.460823],[-111.663038,33.45915],[-111.661538,33.460389],[-111.662316,33.461111],[-111.662038,33.461684],[-111.661038,33.461056],[-111.660038,33.462229],[-111.659038,33.460271],[-111.657038,33.462207],[-111.656038,33.46237],[-111.654038,33.459763],[-111.653038,33.460032],[-111.652332,33.459389],[-111.654096,33.458389],[-111.652038,33.457181],[-111.65038,33.455047],[-111.650038,33.451189],[-111.64951,33.453861],[-111.64649,33.454389],[-111.649469,33.454958],[-111.649672,33.457389],[-111.649038,33.458037],[-111.646024,33.458389],[-111.647245,33.459389],[-111.646438,33.460389],[-111.646712,33.461389],[-111.646038,33.462076],[-111.643971,33.462389],[-111.645328,33.464099],[-111.645175,33.465526],[-111.643588,33.465389],[-111.641038,33.463375],[-111.640387,33.464739],[-111.638707,33.46472],[-111.637447,33.463389],[-111.637038,33.460676],[-111.636038,33.462106],[-111.632377,33.46205],[-111.632038,33.45805],[-111.631737,33.462088],[-111.63083,33.462389],[-111.631038,33.46517],[-111.631478,33.46283],[-111.632536,33.462891],[-111.633038,33.463805],[-111.634038,33.463451],[-111.636038,33.464499],[-111.63634,33.466389],[-111.638358,33.466069],[-111.638802,33.467625],[-111.641038,33.470249],[-111.641936,33.467288],[-111.643618,33.467809],[-111.643718,33.469709],[-111.644606,33.470389],[-111.644986,33.472337],[-111.640701,33.473052],[-111.640272,33.474624],[-111.639205,33.475389],[-111.640038,33.476105],[-111.641038,33.475729],[-111.641806,33.476389],[-111.634203,33.478389],[-111.636038,33.479626],[-111.637038,33.478839],[-111.639038,33.480557],[-111.640038,33.478999],[-111.641457,33.480389],[-111.641608,33.481819],[-111.643038,33.482044],[-111.644038,33.483054],[-111.645321,33.482106],[-111.645562,33.482865],[-111.647038,33.483116],[-111.648163,33.484264],[-111.647167,33.485519],[-111.645494,33.485845],[-111.64431,33.487389],[-111.646293,33.488389],[-111.646193,33.489544],[-111.645291,33.490389],[-111.645283,33.493389],[-111.646038,33.494144],[-111.647569,33.49392],[-111.650038,33.491209],[-111.651227,33.492389],[-111.65026,33.493389],[-111.651038,33.495163],[-111.653038,33.495099],[-111.655038,33.493206],[-111.656038,33.49321],[-111.657038,33.49421],[-111.659038,33.494214],[-111.660038,33.495199],[-111.667038,33.49511],[-111.668038,33.496055],[-111.669735,33.495086],[-111.671038,33.493252],[-111.671359,33.495068],[-111.674741,33.495093],[-111.675038,33.494238],[-111.67539,33.496037],[-111.676038,33.496213],[-111.677038,33.495215],[-111.680038,33.495193],[-111.681864,33.493389],[-111.681684,33.491742],[-111.679882,33.491389],[-111.681693,33.491045],[-111.681865,33.490389],[-111.681844,33.482389],[-111.683223,33.482389],[-111.683314,33.501389],[-111.68146,33.502389],[-111.681784,33.503643],[-111.683038,33.503669],[-111.683278,33.51163],[-111.681298,33.51365],[-111.679644,33.513996],[-111.679038,33.514813],[-111.677038,33.514839],[-111.674038,33.516889],[-111.672038,33.516926],[-111.671038,33.517949],[-111.669762,33.518113],[-111.667812,33.520164],[-111.667509,33.521861],[-111.665709,33.524061],[-111.663038,33.524395]]],"type":"Polygon"}},{"type":"Feature","properties":{"station_id":"230","status":"proposed-buildout","strategy":"aid","band":"4min"},"geometry":{"coordinates":[[[-111.676038,33.495792],[-111.677038,33.494815],[-111.680038,33.494486],[-111.681468,33.493389],[-111.681303,33.492123],[-111.680038,33.49199],[-111.679625,33.491389],[-111.681484,33.490389],[-111.681171,33.482389],[-111.683493,33.481934],[-111.684038,33.485822],[-111.684307,33.482659],[-111.685038,33.481522],[-111.687038,33.481903],[-111.687611,33.480962],[-111.689014,33.480389],[-111.68539,33.480036],[-111.684338,33.479089],[-111.684038,33.477317],[-111.683474,33.479826],[-111.681743,33.479684],[-111.681137,33.47729],[-111.679038,33.475904],[-111.679,33.476427],[-111.679808,33.476618],[-111.679583,33.478389],[-111.68055,33.479389],[-111.678359,33.483711],[-111.676038,33.482618],[-111.675365,33.483716],[-111.672772,33.483655],[-111.673038,33.480486],[-111.672038,33.481526],[-111.670038,33.480615],[-111.669621,33.482389],[-111.668814,33.482613],[-111.668696,33.479389],[-111.670707,33.477389],[-111.669757,33.47567],[-111.668002,33.475389],[-111.669765,33.472117],[-111.672188,33.470389],[-111.672038,33.469335],[-111.671762,33.470114],[-111.669913,33.470264],[-111.668393,33.471389],[-111.667659,33.47401],[-111.664038,33.474508],[-111.660634,33.476985],[-111.658604,33.479955],[-111.658272,33.481624],[-111.655038,33.484603],[-111.650668,33.483758],[-111.651354,33.482389],[-111.650996,33.481348],[-111.651755,33.480389],[-111.650442,33.479389],[-111.650038,33.477098],[-111.649837,33.478188],[-111.649024,33.478389],[-111.649396,33.479748],[-111.648073,33.480389],[-111.648798,33.481389],[-111.648181,33.483389],[-111.648655,33.484389],[-111.646869,33.487389],[-111.649428,33.488389],[-111.649038,33.489112],[-111.648038,33.489045],[-111.648089,33.491389],[-111.650608,33.490819],[-111.652038,33.493122],[-111.652738,33.492089],[-111.654038,33.491633],[-111.657038,33.493758],[-111.659038,33.493808],[-111.660038,33.494587],[-111.662067,33.494418],[-111.662805,33.493389],[-111.660698,33.492728],[-111.661038,33.492018],[-111.663224,33.492203],[-111.663127,33.493299],[-111.663749,33.493101],[-111.665038,33.4941],[-111.666038,33.493106],[-111.668332,33.493094],[-111.669038,33.495005],[-111.671038,33.493087],[-111.67167,33.494757],[-111.674038,33.495025],[-111.675038,33.494009],[-111.676038,33.495792]]],"type":"Polygon"}},{"type":"Feature","properties":{"station_id":"aid0","status":"mutual-aid","strategy":"all","band":"8min"},"geometry":{"coordinates":[[[-111.545533,33.4532],[-111.546533,33.453538],[-111.54786,33.451429],[-111.549335,33.451301],[-111.549533,33.451913],[-111.550831,33.451103],[-111.547913,33.450723],[-111.547176,33.44946],[-111.547077,33.447103],[-111.548294,33.446103],[-111.548364,33.445272],[-111.54715,33.444103],[-111.547533,33.438717],[-111.548918,33.439487],[-111.549533,33.437782],[-111.562533,33.437435],[-111.563381,33.438103],[-111.563533,33.439422],[-111.563975,33.437545],[-111.566527,33.437103],[-111.56476,33.436876],[-111.564001,33.436103],[-111.565066,33.433635],[-111.567664,33.433103],[-111.566072,33.432564],[-111.565483,33.431052],[-111.567533,33.431026],[-111.568057,33.429626],[-111.570533,33.428829],[-111.571936,33.4297],[-111.57204,33.430609],[-111.571338,33.431103],[-111.572533,33.432315],[-111.573533,33.430348],[-111.574471,33.43004],[-111.578533,33.425009],[-111.579833,33.425103],[-111.578936,33.426103],[-111.580533,33.429007],[-111.581778,33.427103],[-111.58156,33.426103],[-111.585159,33.422729],[-111.588606,33.423175],[-111.591259,33.422103],[-111.587109,33.421527],[-111.585533,33.420412],[-111.584806,33.421375],[-111.583533,33.420895],[-111.582245,33.421391],[-111.581707,33.420103],[-111.582885,33.419454],[-111.582429,33.416998],[-111.582858,33.416778],[-111.585201,33.418435],[-111.585533,33.419758],[-111.586533,33.416806],[-111.58885,33.416786],[-111.589533,33.418275],[-111.590533,33.41643],[-111.591533,33.416721],[-111.594533,33.415491],[-111.597538,33.415103],[-111.5911,33.414536],[-111.589728,33.413103],[-111.591392,33.411103],[-111.590455,33.409024],[-111.597224,33.408103],[-111.595195,33.407441],[-111.594765,33.405871],[-111.592533,33.405909],[-111.591533,33.404925],[-111.588954,33.404523],[-111.588104,33.404673],[-111.587931,33.405501],[-111.585533,33.405477],[-111.585089,33.404658],[-111.586632,33.404103],[-111.582419,33.403103],[-111.583563,33.402103],[-111.582469,33.401103],[-111.588348,33.400103],[-111.586882,33.399103],[-111.589753,33.397103],[-111.585346,33.39629],[-111.586009,33.395103],[-111.58492,33.394103],[-111.588533,33.393797],[-111.590178,33.395458],[-111.59192,33.395716],[-111.592533,33.396445],[-111.594652,33.396103],[-111.595989,33.399103],[-111.597222,33.400103],[-111.597533,33.403905],[-111.59821,33.400779],[-111.599367,33.399936],[-111.599106,33.397675],[-111.601067,33.397103],[-111.599523,33.396113],[-111.60021,33.39478],[-111.602354,33.394923],[-111.605533,33.393988],[-111.606533,33.394773],[-111.607533,33.393355],[-111.611067,33.393103],[-111.607533,33.392945],[-111.606533,33.392032],[-111.605533,33.392771],[-111.604117,33.392519],[-111.6028,33.391103],[-111.605167,33.390103],[-111.602533,33.389363],[-111.600891,33.389745],[-111.59982,33.389103],[-111.599634,33.388103],[-111.612533,33.387526],[-111.615137,33.388103],[-111.615533,33.389031],[-111.616122,33.387691],[-111.617761,33.38733],[-111.631314,33.387103],[-111.616533,33.386892],[-111.615533,33.386147],[-111.599533,33.386679],[-111.59883,33.385399],[-111.600866,33.382103],[-111.600582,33.381054],[-111.598308,33.382877],[-111.597968,33.385103],[-111.597109,33.385679],[-111.591779,33.386348],[-111.581533,33.386466],[-111.581083,33.382103],[-111.581533,33.379709],[-111.597976,33.379103],[-111.593533,33.378816],[-111.592533,33.376684],[-111.591796,33.378366],[-111.588154,33.378723],[-111.564368,33.378268],[-111.564253,33.373103],[-111.565103,33.372103],[-111.563815,33.370103],[-111.56431,33.365879],[-111.571533,33.36543],[-111.572533,33.366983],[-111.573107,33.365676],[-111.574315,33.365103],[-111.564192,33.364103],[-111.564025,33.351103],[-111.565042,33.350103],[-111.563987,33.349103],[-111.563882,33.345103],[-111.564633,33.344103],[-111.563818,33.343103],[-111.563533,33.337399],[-111.562885,33.363103],[-111.562533,33.363753],[-111.561133,33.364103],[-111.562371,33.364265],[-111.562851,33.367103],[-111.560533,33.378332],[-111.557383,33.378253],[-111.557153,33.376103],[-111.555533,33.373968],[-111.554943,33.376103],[-111.555772,33.376864],[-111.555533,33.378309],[-111.542533,33.378287],[-111.542087,33.377549],[-111.540533,33.377308],[-111.537533,33.377342],[-111.536533,33.378311],[-111.529533,33.378345],[-111.528533,33.371109],[-111.527704,33.378273],[-111.521324,33.378312],[-111.520804,33.373103],[-111.519484,33.373053],[-111.519794,33.374363],[-111.515495,33.376103],[-111.519533,33.376643],[-111.519747,33.378316],[-111.512533,33.378503],[-111.510952,33.379103],[-111.510743,33.380312],[-111.509332,33.381103],[-111.511065,33.383103],[-111.510868,33.384437],[-111.508954,33.385103],[-111.509955,33.386103],[-111.504533,33.386653],[-111.502533,33.385463],[-111.500285,33.385351],[-111.498939,33.383697],[-111.497265,33.383371],[-111.496533,33.382242],[-111.495377,33.382259],[-111.491032,33.379103],[-111.489683,33.378953],[-111.489604,33.378032],[-111.488683,33.377953],[-111.488813,33.375823],[-111.485845,33.373103],[-111.484661,33.372975],[-111.484533,33.372038],[-111.482649,33.371987],[-111.482569,33.370067],[-111.481616,33.37002],[-111.481556,33.36908],[-111.480583,33.369053],[-111.480533,33.368266],[-111.48049,33.369103],[-111.481425,33.369211],[-111.481438,33.370103],[-111.482326,33.37031],[-111.482533,33.372317],[-111.484169,33.372467],[-111.484382,33.374254],[-111.491183,33.381453],[-111.492681,33.381955],[-111.493878,33.383758],[-111.493894,33.385463],[-111.490779,33.386103],[-111.492951,33.386685],[-111.493298,33.388338],[-111.494191,33.389103],[-111.492287,33.390103],[-111.494533,33.394095],[-111.495053,33.384103],[-111.495533,33.383686],[-111.497224,33.385412],[-111.498786,33.38585],[-111.499533,33.386728],[-111.500813,33.386823],[-111.502533,33.388348],[-111.504238,33.388398],[-111.504533,33.38919],[-111.505513,33.389103],[-111.504704,33.388932],[-111.504673,33.388103],[-111.505533,33.387768],[-111.510533,33.388],[-111.510918,33.388718],[-111.510815,33.392384],[-111.506733,33.393103],[-111.510979,33.394103],[-111.511148,33.399103],[-111.509524,33.400103],[-111.510936,33.4007],[-111.510759,33.407329],[-111.508269,33.407367],[-111.507533,33.405385],[-111.506872,33.406442],[-111.504533,33.406662],[-111.503533,33.407547],[-111.495533,33.407754],[-111.494774,33.407103],[-111.494533,33.404213],[-111.493286,33.406103],[-111.493602,33.407171],[-111.491624,33.408103],[-111.493475,33.409161],[-111.494533,33.41096],[-111.495057,33.408627],[-111.495986,33.40865],[-111.496533,33.409785],[-111.497099,33.408668],[-111.499533,33.408577],[-111.500493,33.411144],[-111.501533,33.409308],[-111.502533,33.41159],[-111.503533,33.408658],[-111.510891,33.409103],[-111.510784,33.421354],[-111.503533,33.421596],[-111.502533,33.42046],[-111.501533,33.420519],[-111.500533,33.419779],[-111.499533,33.421118],[-111.498393,33.420962],[-111.497533,33.421636],[-111.494533,33.420946],[-111.493283,33.422103],[-111.494533,33.423543],[-111.497533,33.423222],[-111.498533,33.424232],[-111.499533,33.422497],[-111.500533,33.424779],[-111.501533,33.424337],[-111.502533,33.425403],[-111.503533,33.422609],[-111.510782,33.422854],[-111.511037,33.436103],[-111.508258,33.437103],[-111.517908,33.438103],[-111.514762,33.439103],[-111.515862,33.439774],[-111.515959,33.440528],[-111.515193,33.440443],[-111.514533,33.439391],[-111.513533,33.439874],[-111.513847,33.441416],[-111.512533,33.442616],[-111.511234,33.442803],[-111.509939,33.444508],[-111.50553,33.4451],[-111.503533,33.445932],[-111.503533,33.446645],[-111.503601,33.44617],[-111.506533,33.446321],[-111.507023,33.445593],[-111.508533,33.445433],[-111.509255,33.446824],[-111.508187,33.447103],[-111.509533,33.44722],[-111.511143,33.444712],[-111.512173,33.443742],[-111.513863,33.443432],[-111.516108,33.440677],[-111.517929,33.440498],[-111.519533,33.438738],[-111.520533,33.440474],[-111.521533,33.437764],[-111.526533,33.437752],[-111.526995,33.438103],[-111.52648,33.439156],[-111.527212,33.439424],[-111.528533,33.439263],[-111.529533,33.437773],[-111.534533,33.437681],[-111.535533,33.438781],[-111.536533,33.43852],[-111.537533,33.43917],[-111.537676,33.438245],[-111.539533,33.437747],[-111.545533,33.437818],[-111.545789,33.440358],[-111.543762,33.441103],[-111.545001,33.443103],[-111.54326,33.444103],[-111.545938,33.445103],[-111.543675,33.446103],[-111.54599,33.447103],[-111.545938,33.450507],[-111.543622,33.451103],[-111.545972,33.451664],[-111.546209,33.452778],[-111.545533,33.4532]]],"type":"Polygon"}},{"type":"Feature","properties":{"station_id":"aid0","status":"mutual-aid","strategy":"all","band":"4min"},"geometry":{"coordinates":[[[-111.546533,33.427357],[-111.547353,33.422922],[-111.548573,33.423142],[-111.549533,33.422544],[-111.550533,33.423276],[-111.550944,33.422513],[-111.552843,33.422103],[-111.548041,33.421596],[-111.547151,33.420485],[-111.547081,33.419103],[-111.548185,33.417754],[-111.550889,33.416458],[-111.552533,33.416381],[-111.554533,33.416425],[-111.555533,33.417539],[-111.558533,33.416358],[-111.559533,33.416505],[-111.559913,33.415483],[-111.56203,33.415103],[-111.558864,33.414772],[-111.557533,33.413763],[-111.556533,33.414562],[-111.553533,33.413524],[-111.552533,33.413848],[-111.551981,33.412103],[-111.554626,33.411195],[-111.555533,33.410124],[-111.557533,33.409765],[-111.558537,33.411106],[-111.560533,33.409787],[-111.561533,33.410508],[-111.562533,33.40871],[-111.563533,33.409705],[-111.564533,33.408482],[-111.565533,33.40906],[-111.56903,33.408103],[-111.564533,33.406521],[-111.564306,33.405875],[-111.56654,33.403109],[-111.571533,33.401285],[-111.572481,33.400103],[-111.565533,33.399251],[-111.564408,33.398228],[-111.565619,33.397103],[-111.564067,33.396103],[-111.564144,33.393713],[-111.564977,33.393659],[-111.565533,33.394482],[-111.571341,33.393103],[-111.565533,33.392621],[-111.563949,33.391687],[-111.563861,33.39043],[-111.564506,33.390103],[-111.563821,33.389815],[-111.563533,33.387022],[-111.563221,33.391103],[-111.561933,33.392502],[-111.559533,33.391188],[-111.556533,33.392503],[-111.555659,33.390977],[-111.554533,33.390816],[-111.553533,33.392458],[-111.547344,33.392292],[-111.547533,33.387735],[-111.556916,33.387103],[-111.547533,33.386706],[-111.546933,33.386103],[-111.547173,33.379742],[-111.554233,33.379103],[-111.540533,33.378518],[-111.538396,33.379103],[-111.541533,33.379971],[-111.542533,33.379394],[-111.544923,33.379713],[-111.545326,33.383103],[-111.543435,33.384004],[-111.54456,33.385103],[-111.543907,33.385476],[-111.538883,33.386103],[-111.544533,33.386477],[-111.54515,33.387103],[-111.544777,33.388346],[-111.543533,33.387774],[-111.541755,33.388103],[-111.540431,33.389],[-111.539533,33.390757],[-111.538158,33.390478],[-111.537533,33.388378],[-111.534533,33.390378],[-111.532533,33.390237],[-111.530533,33.391378],[-111.529533,33.388356],[-111.528533,33.387339],[-111.52793,33.392499],[-111.523225,33.393103],[-111.527476,33.39516],[-111.528533,33.398578],[-111.530035,33.396103],[-111.52922,33.395416],[-111.529533,33.394196],[-111.531533,33.396604],[-111.532533,33.395069],[-111.533533,33.397206],[-111.535032,33.397103],[-111.534883,33.398103],[-111.533533,33.399409],[-111.533533,33.402917],[-111.534533,33.402797],[-111.535968,33.403668],[-111.536919,33.405103],[-111.534533,33.405831],[-111.532533,33.404195],[-111.533329,33.406307],[-111.534533,33.406374],[-111.535191,33.407103],[-111.534533,33.407888],[-111.531824,33.408103],[-111.536533,33.408314],[-111.537533,33.409419],[-111.539757,33.409879],[-111.538871,33.411103],[-111.540802,33.413103],[-111.541005,33.414103],[-111.539841,33.415103],[-111.54108,33.415556],[-111.541533,33.416626],[-111.542533,33.415515],[-111.545923,33.416103],[-111.545833,33.418402],[-111.544941,33.41951],[-111.543533,33.41971],[-111.543141,33.42071],[-111.541533,33.420708],[-111.540533,33.421772],[-111.539533,33.421023],[-111.538533,33.421706],[-111.535668,33.422103],[-111.540006,33.42263],[-111.540119,33.423688],[-111.538476,33.424045],[-111.538463,33.425032],[-111.537905,33.425103],[-111.538557,33.425126],[-111.538716,33.424285],[-111.540533,33.424296],[-111.541533,33.423393],[-111.544241,33.423395],[-111.546533,33.427357]]],"type":"Polygon"}},{"type":"Feature","properties":{"station_id":"aid1","status":"mutual-aid","strategy":"all","band":"8min"},"geometry":{"coordinates":[[[-111.85759,33.391251],[-111.858584,33.387796],[-111.8597,33.386693],[-111.85959,33.385922],[-111.859542,33.386754],[-111.857947,33.386446],[-111.857954,33.385166],[-111.861262,33.383803],[-111.860442,33.381951],[-111.861069,33.381281],[-111.864741,33.380953],[-111.866469,33.379924],[-111.868288,33.381105],[-111.86859,33.382743],[-111.869779,33.381803],[-111.869421,33.379633],[-111.87059,33.379141],[-111.87359,33.379521],[-111.875516,33.378803],[-111.87359,33.378067],[-111.87159,33.378327],[-111.870121,33.377803],[-111.871119,33.376331],[-111.874488,33.375803],[-111.873962,33.375431],[-111.87159,33.374759],[-111.86859,33.375461],[-111.866717,33.373676],[-111.865221,33.374172],[-111.867953,33.369803],[-111.867119,33.368331],[-111.86959,33.370026],[-111.87259,33.368956],[-111.87359,33.368917],[-111.87459,33.369882],[-111.87559,33.368788],[-111.877074,33.369319],[-111.878851,33.370542],[-111.8804,33.372803],[-111.880369,33.373581],[-111.879549,33.373761],[-111.87959,33.374572],[-111.879767,33.373979],[-111.880732,33.373803],[-111.8814,33.371803],[-111.879282,33.368495],[-111.883981,33.365412],[-111.880618,33.364803],[-111.883714,33.364679],[-111.88559,33.365727],[-111.887324,33.364536],[-111.88859,33.364696],[-111.891002,33.363803],[-111.88859,33.363158],[-111.88559,33.363238],[-111.88459,33.361903],[-111.883397,33.361803],[-111.88559,33.361456],[-111.887521,33.359734],[-111.890369,33.359581],[-111.890665,33.358803],[-111.887266,33.357127],[-111.88759,33.35627],[-111.89159,33.355888],[-111.892975,33.356418],[-111.892799,33.363803],[-111.89359,33.372372],[-111.894098,33.359803],[-111.896026,33.356803],[-111.895202,33.354803],[-111.895373,33.35202],[-111.89459,33.35172],[-111.89959,33.350301],[-111.90186,33.350533],[-111.90259,33.351674],[-111.903066,33.349278],[-111.906274,33.349119],[-111.90659,33.350136],[-111.906964,33.349176],[-111.908605,33.348803],[-111.90659,33.348184],[-111.90259,33.348483],[-111.900089,33.346803],[-111.901627,33.344803],[-111.901137,33.343803],[-111.902405,33.341803],[-111.902545,33.338803],[-111.90359,33.34243],[-111.905327,33.34054],[-111.90659,33.340654],[-111.90759,33.341495],[-111.908632,33.340803],[-111.909202,33.341803],[-111.908478,33.342803],[-111.910515,33.343803],[-111.909284,33.344803],[-111.910896,33.346803],[-111.910521,33.347872],[-111.91159,33.348995],[-111.912925,33.344803],[-111.911978,33.343803],[-111.913622,33.342803],[-111.912083,33.340803],[-111.91259,33.340194],[-111.914869,33.339803],[-111.91359,33.338736],[-111.913087,33.339299],[-111.912253,33.33914],[-111.91259,33.337901],[-111.915044,33.337256],[-111.91759,33.337157],[-111.91859,33.337664],[-111.91959,33.335284],[-111.92059,33.337177],[-111.92159,33.335227],[-111.92459,33.336358],[-111.92559,33.335285],[-111.928941,33.334803],[-111.927039,33.334354],[-111.92659,33.333728],[-111.92159,33.333529],[-111.920332,33.333061],[-111.91959,33.331775],[-111.91759,33.332897],[-111.91434,33.329803],[-111.91464,33.328753],[-111.913485,33.327803],[-111.91602,33.326803],[-111.912529,33.324864],[-111.912871,33.323803],[-111.911794,33.321803],[-111.91259,33.320616],[-111.914777,33.319803],[-111.911912,33.319481],[-111.91159,33.31823],[-111.91059,33.319418],[-111.90659,33.318323],[-111.905501,33.318892],[-111.904758,33.317803],[-111.90259,33.317063],[-111.90159,33.317956],[-111.900125,33.316803],[-111.900836,33.315557],[-111.89759,33.314314],[-111.897423,33.311635],[-111.898836,33.310803],[-111.897772,33.310621],[-111.89659,33.308121],[-111.896025,33.309237],[-111.895125,33.308803],[-111.895858,33.305803],[-111.89479,33.304803],[-111.89459,33.298202],[-111.894384,33.304803],[-111.89359,33.305722],[-111.89059,33.305494],[-111.88959,33.304258],[-111.88889,33.305102],[-111.886639,33.304803],[-111.88559,33.300054],[-111.883541,33.304753],[-111.882513,33.30488],[-111.88059,33.303661],[-111.8793,33.304094],[-111.879145,33.303357],[-111.88059,33.302544],[-111.880814,33.301803],[-111.880518,33.300803],[-111.878901,33.299803],[-111.879193,33.299405],[-111.880048,33.299345],[-111.88059,33.300477],[-111.881058,33.29927],[-111.884254,33.298803],[-111.88259,33.298097],[-111.88159,33.298346],[-111.88059,33.297236],[-111.880454,33.297666],[-111.878871,33.297522],[-111.87736,33.295803],[-111.878501,33.294803],[-111.876863,33.293803],[-111.877374,33.291803],[-111.87659,33.290468],[-111.876028,33.29124],[-111.875149,33.291244],[-111.87159,33.289065],[-111.870597,33.290809],[-111.86959,33.29095],[-111.87011,33.289803],[-111.86759,33.28792],[-111.859262,33.287131],[-111.85959,33.285151],[-111.865131,33.283803],[-111.86359,33.281341],[-111.860797,33.283009],[-111.859346,33.283047],[-111.858948,33.280803],[-111.860531,33.279803],[-111.859586,33.276807],[-111.85859,33.275761],[-111.857342,33.279803],[-111.857651,33.280863],[-111.856203,33.281803],[-111.85701,33.282803],[-111.852239,33.283803],[-111.856792,33.284601],[-111.856963,33.286175],[-111.853249,33.286803],[-111.85759,33.287059],[-111.858066,33.288278],[-111.85559,33.289972],[-111.85459,33.288828],[-111.853951,33.289163],[-111.85359,33.290965],[-111.85286,33.289533],[-111.850194,33.289406],[-111.849101,33.290292],[-111.84959,33.290197],[-111.84959,33.291021],[-111.84859,33.290258],[-111.84659,33.291416],[-111.84559,33.290523],[-111.84459,33.291369],[-111.841467,33.291803],[-111.850152,33.292241],[-111.850437,33.293649],[-111.848703,33.294803],[-111.851896,33.296497],[-111.851864,33.297076],[-111.85059,33.297248],[-111.84959,33.298183],[-111.848294,33.298099],[-111.84759,33.294886],[-111.846516,33.295803],[-111.845977,33.299416],[-111.84759,33.300316],[-111.84859,33.299765],[-111.85259,33.300319],[-111.85359,33.302096],[-111.855247,33.300459],[-111.85659,33.300223],[-111.85686,33.304072],[-111.85159,33.304093],[-111.85059,33.305054],[-111.84959,33.304201],[-111.848002,33.304215],[-111.846389,33.305004],[-111.84559,33.301157],[-111.844858,33.30307],[-111.843459,33.302934],[-111.843069,33.301803],[-111.843616,33.300803],[-111.842635,33.299803],[-111.843457,33.298803],[-111.842165,33.298228],[-111.84159,33.296716],[-111.841103,33.298315],[-111.840262,33.298803],[-111.840882,33.299511],[-111.84059,33.300616],[-111.838538,33.302855],[-111.839989,33.303404],[-111.839912,33.304124],[-111.83759,33.30373],[-111.83659,33.305518],[-111.83559,33.304158],[-111.83359,33.30529],[-111.83259,33.304605],[-111.832147,33.305359],[-111.830231,33.305803],[-111.832213,33.306803],[-111.83159,33.308588],[-111.82945,33.309803],[-111.830102,33.310803],[-111.829625,33.311837],[-111.82759,33.313015],[-111.82559,33.313106],[-111.82459,33.310414],[-111.823823,33.313035],[-111.82259,33.312825],[-111.823773,33.315803],[-111.82135,33.316803],[-111.822989,33.317404],[-111.82259,33.31852],[-111.821514,33.318879],[-111.82059,33.318042],[-111.81959,33.320065],[-111.817547,33.318759],[-111.816889,33.320101],[-111.815529,33.319741],[-111.812623,33.320803],[-111.817154,33.321239],[-111.818145,33.321803],[-111.81759,33.323852],[-111.8166,33.322793],[-111.81551,33.322722],[-111.81459,33.323647],[-111.81359,33.322904],[-111.811348,33.32456],[-111.81259,33.325563],[-111.813931,33.325462],[-111.815858,33.326535],[-111.81623,33.326803],[-111.815371,33.327583],[-111.81159,33.328791],[-111.807145,33.328248],[-111.807208,33.325421],[-111.808775,33.324803],[-111.807235,33.324158],[-111.80659,33.321648],[-111.805687,33.325899],[-111.804862,33.326803],[-111.805588,33.327803],[-111.804043,33.328803],[-111.80559,33.329107],[-111.805979,33.330191],[-111.80259,33.331613],[-111.80191,33.335122],[-111.801048,33.334803],[-111.80059,33.332254],[-111.79959,33.335338],[-111.79859,33.332996],[-111.79759,33.334824],[-111.79659,33.33433],[-111.79459,33.334892],[-111.793288,33.3345],[-111.790769,33.335803],[-111.79324,33.336153],[-111.79359,33.336976],[-111.79459,33.336412],[-111.79659,33.33682],[-111.79959,33.340074],[-111.804171,33.340803],[-111.80459,33.342216],[-111.805661,33.342873],[-111.803684,33.343803],[-111.805724,33.344669],[-111.80659,33.347164],[-111.807003,33.345216],[-111.808556,33.343803],[-111.80759,33.342418],[-111.810991,33.342402],[-111.81159,33.345135],[-111.813012,33.345381],[-111.81359,33.346501],[-111.814,33.342803],[-111.814862,33.342531],[-111.814962,33.344431],[-111.815779,33.344803],[-111.816611,33.346782],[-111.816349,33.348044],[-111.817282,33.348803],[-111.814422,33.348971],[-111.81359,33.347175],[-111.812407,33.347619],[-111.81159,33.348878],[-111.809564,33.348776],[-111.806529,33.349803],[-111.811089,33.350304],[-111.81359,33.353356],[-111.813789,33.352001],[-111.815091,33.351303],[-111.816777,33.351616],[-111.8175,33.352893],[-111.81859,33.353165],[-111.81959,33.351767],[-111.822038,33.351355],[-111.822212,33.353181],[-111.82359,33.353418],[-111.823859,33.354071],[-111.82059,33.353585],[-111.816851,33.354803],[-111.81959,33.355345],[-111.823173,33.35722],[-111.824282,33.359803],[-111.82359,33.360644],[-111.822365,33.360803],[-111.823763,33.36163],[-111.82459,33.363601],[-111.825574,33.360803],[-111.824958,33.358435],[-111.825362,33.356574],[-111.82659,33.356648],[-111.828039,33.355803],[-111.827191,33.354202],[-111.82759,33.352],[-111.829067,33.354326],[-111.83059,33.355269],[-111.83259,33.354544],[-111.83459,33.358783],[-111.83759,33.359235],[-111.837913,33.360126],[-111.83459,33.360546],[-111.83515,33.361803],[-111.83359,33.362601],[-111.83259,33.361182],[-111.831618,33.36283],[-111.830304,33.362803],[-111.830343,33.363803],[-111.82959,33.364513],[-111.82759,33.364293],[-111.825646,33.364803],[-111.828276,33.365117],[-111.82959,33.365894],[-111.83259,33.36422],[-111.834227,33.365803],[-111.83459,33.36963],[-111.83559,33.369109],[-111.83759,33.369645],[-111.83859,33.369318],[-111.841918,33.370475],[-111.842062,33.372274],[-111.83959,33.372214],[-111.838875,33.373803],[-111.83959,33.374789],[-111.84059,33.373913],[-111.840971,33.374422],[-111.841725,33.375803],[-111.84159,33.378631],[-111.841958,33.37717],[-111.842774,33.376986],[-111.843795,33.375007],[-111.84309,33.373803],[-111.84328,33.369492],[-111.845916,33.369128],[-111.84659,33.367462],[-111.84675,33.368803],[-111.848348,33.370045],[-111.84959,33.36916],[-111.849932,33.371144],[-111.846203,33.371803],[-111.848436,33.374803],[-111.847438,33.375803],[-111.84759,33.377033],[-111.841733,33.378803],[-111.847149,33.379244],[-111.84859,33.382434],[-111.84959,33.380221],[-111.85059,33.380265],[-111.85159,33.381497],[-111.85259,33.381484],[-111.853727,33.379666],[-111.854551,33.383803],[-111.856106,33.384803],[-111.853724,33.385803],[-111.857007,33.386803],[-111.85659,33.387389],[-111.854304,33.387803],[-111.856035,33.388358],[-111.85759,33.391251]]],"type":"Polygon"}},{"type":"Feature","properties":{"station_id":"aid1","status":"mutual-aid","strategy":"all","band":"4min"},"geometry":{"coordinates":[[[-111.85959,33.360413],[-111.860228,33.35444],[-111.86159,33.355059],[-111.865582,33.353803],[-111.86159,33.352325],[-111.861213,33.351803],[-111.86236,33.350572],[-111.863768,33.350625],[-111.86559,33.351725],[-111.867228,33.35044],[-111.86959,33.350485],[-111.87117,33.349803],[-111.867924,33.348803],[-111.868765,33.346803],[-111.86736,33.345803],[-111.87159,33.344995],[-111.872482,33.341803],[-111.871524,33.340803],[-111.872578,33.33979],[-111.873905,33.339803],[-111.874322,33.341071],[-111.87536,33.341803],[-111.875404,33.342803],[-111.873877,33.343803],[-111.875859,33.344534],[-111.87659,33.346658],[-111.877563,33.343775],[-111.878128,33.34334],[-111.87959,33.342856],[-111.879726,33.342667],[-111.87959,33.341894],[-111.879547,33.342759],[-111.876969,33.342424],[-111.876919,33.339803],[-111.878116,33.338328],[-111.880058,33.33727],[-111.88159,33.337793],[-111.88259,33.336666],[-111.88459,33.339064],[-111.884179,33.336803],[-111.885321,33.335533],[-111.88659,33.336194],[-111.88997,33.334803],[-111.88559,33.333687],[-111.884272,33.332484],[-111.883629,33.332803],[-111.883768,33.33398],[-111.880234,33.334159],[-111.878946,33.331803],[-111.879195,33.330803],[-111.877318,33.329803],[-111.877028,33.328803],[-111.877872,33.327521],[-111.87659,33.325529],[-111.876195,33.327407],[-111.87459,33.328759],[-111.873091,33.327302],[-111.873175,33.324387],[-111.874157,33.324236],[-111.874646,33.324858],[-111.875934,33.324146],[-111.875768,33.323625],[-111.87359,33.322931],[-111.871119,33.323803],[-111.87059,33.32532],[-111.869157,33.325369],[-111.868744,33.325803],[-111.86989,33.326803],[-111.86859,33.327019],[-111.86759,33.328129],[-111.86559,33.328261],[-111.86459,33.327227],[-111.862572,33.326803],[-111.86459,33.323548],[-111.86659,33.32325],[-111.867942,33.325155],[-111.868542,33.324803],[-111.868321,33.323533],[-111.870179,33.321391],[-111.872843,33.32155],[-111.87359,33.322397],[-111.874165,33.321377],[-111.876385,33.320803],[-111.871229,33.320164],[-111.870916,33.318128],[-111.87159,33.317244],[-111.870252,33.317803],[-111.869384,33.319803],[-111.86759,33.315297],[-111.86559,33.315986],[-111.864015,33.314803],[-111.866255,33.313803],[-111.86459,33.313306],[-111.86271,33.311803],[-111.860191,33.311202],[-111.86059,33.310047],[-111.862716,33.309803],[-111.86017,33.308223],[-111.85959,33.305563],[-111.858176,33.308389],[-111.855968,33.309803],[-111.85759,33.310427],[-111.85759,33.31163],[-111.85659,33.311491],[-111.852985,33.312803],[-111.852449,33.313803],[-111.855829,33.314803],[-111.854488,33.3177],[-111.85359,33.318409],[-111.852144,33.318249],[-111.85059,33.315747],[-111.846878,33.32009],[-111.844792,33.320004],[-111.843132,33.320803],[-111.847643,33.32175],[-111.847277,33.322803],[-111.84259,33.326741],[-111.84159,33.324868],[-111.840942,33.327154],[-111.839291,33.327803],[-111.840386,33.328007],[-111.840433,33.329645],[-111.83859,33.3314],[-111.83759,33.33141],[-111.836407,33.333619],[-111.828212,33.334803],[-111.83159,33.336267],[-111.83392,33.335473],[-111.83559,33.3392],[-111.836259,33.335471],[-111.83959,33.337017],[-111.840622,33.339834],[-111.84025,33.340462],[-111.838021,33.340803],[-111.840773,33.34162],[-111.841242,33.342803],[-111.840774,33.343803],[-111.84159,33.344908],[-111.842411,33.343803],[-111.841975,33.342803],[-111.842721,33.341933],[-111.842491,33.340803],[-111.843133,33.340345],[-111.844936,33.340457],[-111.845608,33.341785],[-111.84659,33.341641],[-111.843662,33.342803],[-111.842707,33.343803],[-111.84659,33.345127],[-111.850036,33.347803],[-111.84959,33.348845],[-111.84759,33.3489],[-111.845233,33.349803],[-111.84759,33.350255],[-111.84859,33.351424],[-111.850187,33.350399],[-111.853404,33.350803],[-111.855988,33.352803],[-111.854991,33.354204],[-111.853434,33.354803],[-111.85759,33.355536],[-111.859336,33.357803],[-111.85922,33.358432],[-111.858176,33.358803],[-111.85959,33.360413]]],"type":"Polygon"}},{"type":"Feature","properties":{"station_id":"aid2","status":"mutual-aid","strategy":"all","band":"8min"},"geometry":{"coordinates":[[[-111.824841,33.369186],[-111.825618,33.365345],[-111.828348,33.365569],[-111.827787,33.364569],[-111.82577,33.36364],[-111.827841,33.359988],[-111.826073,33.359569],[-111.825523,33.357569],[-111.828113,33.35684],[-111.828841,33.356108],[-111.828995,33.354415],[-111.828216,33.353569],[-111.828841,33.352837],[-111.830841,33.354219],[-111.832063,33.35379],[-111.832841,33.351799],[-111.834653,33.351569],[-111.834841,33.350453],[-111.835505,33.351905],[-111.836841,33.352212],[-111.838059,33.351351],[-111.838706,33.352569],[-111.838218,33.354569],[-111.840321,33.355089],[-111.841145,33.356569],[-111.840301,33.357569],[-111.841129,33.358569],[-111.841841,33.361746],[-111.842985,33.356712],[-111.844302,33.355569],[-111.845617,33.350345],[-111.847595,33.350815],[-111.848841,33.353354],[-111.850034,33.350569],[-111.854578,33.349569],[-111.852334,33.349077],[-111.850841,33.347981],[-111.850103,33.34883],[-111.848841,33.348796],[-111.847551,33.347278],[-111.846841,33.348548],[-111.845841,33.348774],[-111.845566,33.347293],[-111.847305,33.347032],[-111.848119,33.345846],[-111.850841,33.347395],[-111.851237,33.344964],[-111.852557,33.343285],[-111.853841,33.343768],[-111.854841,33.342847],[-111.856332,33.342569],[-111.854815,33.341569],[-111.856841,33.339428],[-111.857929,33.339569],[-111.857418,33.340569],[-111.858025,33.341752],[-111.857238,33.342569],[-111.858622,33.343788],[-111.858841,33.345299],[-111.860149,33.341876],[-111.861348,33.341569],[-111.860378,33.340569],[-111.86172,33.339569],[-111.8606,33.33781],[-111.860841,33.337081],[-111.861534,33.337876],[-111.865841,33.336297],[-111.866841,33.337298],[-111.867291,33.336018],[-111.870938,33.335569],[-111.86718,33.33523],[-111.865841,33.333435],[-111.863744,33.334666],[-111.863329,33.333569],[-111.864864,33.332569],[-111.863792,33.331519],[-111.867841,33.331309],[-111.868493,33.32922],[-111.869698,33.328569],[-111.867841,33.327847],[-111.867226,33.328953],[-111.865841,33.32907],[-111.864841,33.328217],[-111.859841,33.327771],[-111.859841,33.327295],[-111.860841,33.327567],[-111.861559,33.324569],[-111.865841,33.323831],[-111.867367,33.325043],[-111.867841,33.326888],[-111.868841,33.326038],[-111.870538,33.326569],[-111.870146,33.328569],[-111.870978,33.329705],[-111.871055,33.328569],[-111.87226,33.327569],[-111.872468,33.325195],[-111.875841,33.324964],[-111.876469,33.325569],[-111.87653,33.327257],[-111.875786,33.328624],[-111.876841,33.329776],[-111.877853,33.327557],[-111.877318,33.322569],[-111.878358,33.321086],[-111.88023,33.32118],[-111.880841,33.322925],[-111.881788,33.322515],[-111.881884,33.321611],[-111.884841,33.321601],[-111.888286,33.320569],[-111.884841,33.319664],[-111.8835,33.31991],[-111.881995,33.318569],[-111.880841,33.31842],[-111.879938,33.319665],[-111.877785,33.319625],[-111.879478,33.317569],[-111.877192,33.316218],[-111.877798,33.313569],[-111.877134,33.313276],[-111.876841,33.311629],[-111.875841,33.312414],[-111.874841,33.309887],[-111.87436,33.312087],[-111.872956,33.312569],[-111.872441,33.314168],[-111.871304,33.315031],[-111.870413,33.314997],[-111.870201,33.312209],[-111.868174,33.310569],[-111.868841,33.309713],[-111.870171,33.309569],[-111.866841,33.308632],[-111.864841,33.309104],[-111.864098,33.308569],[-111.864841,33.307406],[-111.86593,33.307657],[-111.8705,33.306569],[-111.86828,33.30613],[-111.867841,33.305168],[-111.864841,33.305865],[-111.863841,33.303782],[-111.862841,33.304811],[-111.861865,33.304569],[-111.860841,33.301938],[-111.859461,33.301569],[-111.859896,33.298569],[-111.858841,33.297814],[-111.857841,33.305097],[-111.855841,33.304335],[-111.853841,33.305083],[-111.848841,33.304924],[-111.847841,33.304313],[-111.846631,33.304779],[-111.846603,33.300569],[-111.847537,33.299264],[-111.852457,33.298953],[-111.853841,33.29965],[-111.854841,33.298819],[-111.856536,33.298569],[-111.852841,33.297537],[-111.850841,33.298139],[-111.849841,33.297431],[-111.848841,33.298061],[-111.847425,33.296985],[-111.847382,33.295569],[-111.845841,33.293935],[-111.844731,33.294679],[-111.844317,33.293569],[-111.844841,33.292848],[-111.845841,33.293389],[-111.85145,33.291569],[-111.846841,33.291246],[-111.845841,33.290549],[-111.842499,33.290911],[-111.842391,33.288118],[-111.844049,33.287569],[-111.842328,33.287082],[-111.841841,33.283505],[-111.84155,33.285569],[-111.840272,33.286569],[-111.841223,33.287187],[-111.841104,33.288831],[-111.840304,33.290031],[-111.837841,33.290629],[-111.836951,33.289459],[-111.833516,33.287893],[-111.832842,33.284568],[-111.830994,33.284416],[-111.830841,33.283454],[-111.825466,33.282944],[-111.825841,33.281019],[-111.82885,33.280569],[-111.825001,33.279569],[-111.82564,33.278569],[-111.82449,33.27792],[-111.824469,33.277196],[-111.82527,33.27714],[-111.825841,33.278215],[-111.828841,33.277622],[-111.829841,33.276716],[-111.832014,33.276569],[-111.829141,33.276269],[-111.828841,33.275594],[-111.825841,33.276227],[-111.824447,33.275963],[-111.824347,33.274074],[-111.825638,33.273569],[-111.824351,33.273059],[-111.823841,33.271171],[-111.822841,33.275656],[-111.818149,33.276569],[-111.819841,33.27756],[-111.820841,33.2768],[-111.822841,33.27737],[-111.822604,33.278806],[-111.823586,33.281569],[-111.822841,33.282345],[-111.81833,33.282569],[-111.820639,33.283569],[-111.818095,33.284569],[-111.821841,33.285081],[-111.822286,33.285569],[-111.821841,33.286191],[-111.819823,33.28655],[-111.819324,33.290052],[-111.817584,33.290826],[-111.815797,33.289613],[-111.814841,33.287197],[-111.813841,33.289344],[-111.810841,33.29086],[-111.808841,33.290261],[-111.807841,33.290807],[-111.806841,33.285883],[-111.806191,33.290918],[-111.801646,33.291569],[-111.804379,33.292031],[-111.804841,33.293151],[-111.805841,33.291909],[-111.806204,33.292931],[-111.803745,33.294472],[-111.803335,33.296569],[-111.800882,33.297569],[-111.800841,33.298809],[-111.799841,33.299353],[-111.798841,33.298985],[-111.798166,33.300893],[-111.796841,33.302142],[-111.795841,33.302237],[-111.79555,33.303277],[-111.794761,33.303488],[-111.79425,33.305977],[-111.79341,33.306],[-111.792841,33.305099],[-111.791841,33.305886],[-111.791188,33.305569],[-111.791749,33.304569],[-111.790195,33.301569],[-111.791138,33.300569],[-111.789841,33.297345],[-111.789722,33.299449],[-111.788775,33.300502],[-111.789278,33.301569],[-111.787751,33.302569],[-111.788792,33.303569],[-111.787841,33.305329],[-111.785841,33.305932],[-111.782841,33.305511],[-111.781004,33.306569],[-111.787054,33.307569],[-111.785248,33.308569],[-111.787627,33.309569],[-111.786445,33.310569],[-111.787347,33.311063],[-111.787308,33.312035],[-111.785841,33.312345],[-111.784841,33.31326],[-111.783841,33.312894],[-111.783213,33.313569],[-111.785253,33.314157],[-111.785222,33.314949],[-111.780841,33.315343],[-111.779841,33.319073],[-111.778841,33.316075],[-111.777841,33.31996],[-111.776841,33.316381],[-111.775841,33.320044],[-111.774031,33.318569],[-111.774009,33.316569],[-111.773131,33.315569],[-111.773599,33.313811],[-111.772841,33.312503],[-111.772514,33.314569],[-111.771592,33.315569],[-111.771198,33.319925],[-111.768841,33.319749],[-111.767841,33.320886],[-111.766841,33.319764],[-111.765841,33.320463],[-111.764008,33.320569],[-111.763596,33.321323],[-111.761799,33.321569],[-111.765841,33.322076],[-111.767841,33.323797],[-111.767923,33.322569],[-111.768563,33.32229],[-111.772205,33.322205],[-111.771841,33.324508],[-111.769698,33.325425],[-111.771877,33.326533],[-111.772841,33.329662],[-111.774463,33.326191],[-111.776168,33.325569],[-111.774645,33.324765],[-111.774841,33.324136],[-111.776841,33.32393],[-111.777841,33.325176],[-111.778926,33.324569],[-111.77942,33.323147],[-111.780196,33.323214],[-111.783442,33.327569],[-111.783492,33.328569],[-111.782004,33.329569],[-111.783856,33.330569],[-111.78273,33.331569],[-111.783538,33.333872],[-111.784435,33.334569],[-111.78196,33.335569],[-111.788411,33.335999],[-111.788303,33.338569],[-111.789841,33.342744],[-111.790734,33.339461],[-111.79459,33.33882],[-111.795841,33.339096],[-111.797555,33.340569],[-111.796841,33.341271],[-111.795841,33.340362],[-111.793834,33.340561],[-111.794841,33.341897],[-111.797841,33.342822],[-111.800841,33.342073],[-111.800783,33.346627],[-111.801462,33.348569],[-111.800918,33.349569],[-111.803528,33.349882],[-111.803841,33.350735],[-111.804841,33.351062],[-111.805987,33.350423],[-111.806841,33.354304],[-111.808248,33.350975],[-111.810841,33.350761],[-111.811841,33.353657],[-111.813192,33.354218],[-111.815509,33.356901],[-111.815841,33.358451],[-111.816417,33.356569],[-111.817841,33.355031],[-111.81866,33.35675],[-111.821823,33.357587],[-111.823146,33.357264],[-111.823299,33.359569],[-111.824204,33.360931],[-111.817276,33.361569],[-111.819647,33.361763],[-111.819841,33.362709],[-111.820841,33.361893],[-111.822266,33.362569],[-111.820638,33.364365],[-111.818578,33.364569],[-111.821841,33.36556],[-111.823106,33.365304],[-111.823784,33.366569],[-111.82351,33.367569],[-111.824841,33.369186]]],"type":"Polygon"}},{"type":"Feature","properties":{"station_id":"aid2","status":"mutual-aid","strategy":"all","band":"4min"},"geometry":{"coordinates":[[[-111.823841,33.337459],[-111.825595,33.335569],[-111.824412,33.334569],[-111.825503,33.333569],[-111.825599,33.332326],[-111.826717,33.331569],[-111.825473,33.330937],[-111.825624,33.329351],[-111.827841,33.32902],[-111.828841,33.329561],[-111.831841,33.32824],[-111.832841,33.329614],[-111.833841,33.329382],[-111.834841,33.327995],[-111.838841,33.328339],[-111.839823,33.327569],[-111.836712,33.326569],[-111.83702,33.32539],[-111.835586,33.323824],[-111.835841,33.322934],[-111.837841,33.322439],[-111.841195,33.323215],[-111.841232,33.32396],[-111.840309,33.324569],[-111.841209,33.325936],[-111.840672,33.327399],[-111.839872,33.327569],[-111.841192,33.328218],[-111.841841,33.329926],[-111.843102,33.327569],[-111.842599,33.325569],[-111.844181,33.324569],[-111.843899,33.323569],[-111.845841,33.322991],[-111.846841,33.321868],[-111.850841,33.322295],[-111.851401,33.321128],[-111.852888,33.320569],[-111.850841,33.319241],[-111.849841,33.319758],[-111.848841,33.318994],[-111.84689,33.319617],[-111.846159,33.319251],[-111.842758,33.315652],[-111.842748,33.313569],[-111.841841,33.311801],[-111.840727,33.313454],[-111.837841,33.312105],[-111.836825,33.312585],[-111.835841,33.311111],[-111.83426,33.310569],[-111.836835,33.309569],[-111.833934,33.308569],[-111.833923,33.307569],[-111.832841,33.30628],[-111.830841,33.309161],[-111.825841,33.307987],[-111.825841,33.307135],[-111.829148,33.306569],[-111.826841,33.305407],[-111.825841,33.305511],[-111.825154,33.304569],[-111.825398,33.303569],[-111.823841,33.301705],[-111.823216,33.304943],[-111.820192,33.306569],[-111.821801,33.308569],[-111.820841,33.309372],[-111.819841,33.307117],[-111.818619,33.309346],[-111.816108,33.309836],[-111.815811,33.310538],[-111.818841,33.311803],[-111.820841,33.312001],[-111.821622,33.313788],[-111.823113,33.314297],[-111.823111,33.314838],[-111.819643,33.31537],[-111.818841,33.316185],[-111.818205,33.316205],[-111.817841,33.3154],[-111.815841,33.316651],[-111.815238,33.317965],[-111.814436,33.317974],[-111.813841,33.317123],[-111.812841,33.317264],[-111.810841,33.319118],[-111.809841,33.31855],[-111.807841,33.319273],[-111.806841,33.317074],[-111.806159,33.319886],[-111.802937,33.320569],[-111.804117,33.321293],[-111.806137,33.321273],[-111.806841,33.323278],[-111.807725,33.321452],[-111.812886,33.322524],[-111.812675,33.323402],[-111.810677,33.324569],[-111.814103,33.325307],[-111.817841,33.327229],[-111.817204,33.325569],[-111.818841,33.325097],[-111.820349,33.327569],[-111.823226,33.328184],[-111.822841,33.330631],[-111.819742,33.330469],[-111.820841,33.333298],[-111.821841,33.332294],[-111.823206,33.333204],[-111.823182,33.334909],[-111.821466,33.335569],[-111.823324,33.336086],[-111.823841,33.337459]]],"type":"Polygon"}},{"type":"Feature","properties":{"station_id":"aid3","status":"mutual-aid","strategy":"all","band":"8min"},"geometry":{"coordinates":[[[-111.822621,33.415748],[-111.824315,33.412978],[-111.824156,33.411512],[-111.825341,33.410978],[-111.824143,33.410456],[-111.82416,33.409516],[-111.825416,33.409183],[-111.826621,33.409626],[-111.827621,33.408869],[-111.8317,33.407978],[-111.827789,33.40681],[-111.827852,33.404208],[-111.828519,33.403978],[-111.827417,33.403182],[-111.827621,33.402188],[-111.830728,33.400978],[-111.828133,33.399978],[-111.829621,33.398024],[-111.831621,33.399806],[-111.832166,33.397522],[-111.833621,33.397345],[-111.834621,33.399482],[-111.835254,33.39761],[-111.836362,33.396978],[-111.836501,33.394857],[-111.837886,33.394713],[-111.838325,33.394978],[-111.837276,33.396978],[-111.838768,33.397831],[-111.838818,33.399978],[-111.838559,33.400915],[-111.837718,33.400978],[-111.839039,33.40156],[-111.839621,33.403476],[-111.840223,33.401579],[-111.841732,33.400978],[-111.840976,33.398332],[-111.842816,33.396978],[-111.841946,33.395978],[-111.842112,33.394978],[-111.843621,33.394289],[-111.846262,33.394337],[-111.848621,33.395308],[-111.849664,33.394021],[-111.852062,33.392978],[-111.848912,33.392687],[-111.848621,33.39203],[-111.844325,33.392274],[-111.843331,33.390978],[-111.844703,33.388978],[-111.843218,33.388381],[-111.843612,33.386968],[-111.845621,33.386555],[-111.847846,33.386978],[-111.846863,33.388978],[-111.847872,33.389727],[-111.848621,33.391846],[-111.848841,33.390198],[-111.849842,33.389978],[-111.849009,33.387978],[-111.849621,33.386565],[-111.857621,33.386889],[-111.858621,33.386306],[-111.876225,33.385978],[-111.861861,33.385738],[-111.858621,33.385533],[-111.857765,33.384978],[-111.859077,33.383433],[-111.859395,33.381751],[-111.861879,33.380978],[-111.862114,33.379978],[-111.863899,33.380255],[-111.869966,33.378978],[-111.868621,33.378409],[-111.865621,33.378563],[-111.864793,33.377978],[-111.865246,33.377602],[-111.868621,33.377762],[-111.869621,33.37624],[-111.871589,33.375978],[-111.867936,33.375663],[-111.865983,33.373616],[-111.865922,33.371978],[-111.867698,33.369978],[-111.866984,33.369615],[-111.866253,33.367609],[-111.866954,33.367645],[-111.867204,33.368395],[-111.869082,33.368517],[-111.869621,33.369763],[-111.873621,33.368184],[-111.874621,33.369115],[-111.875621,33.368554],[-111.87901,33.369366],[-111.879476,33.367832],[-111.881967,33.365978],[-111.880898,33.365701],[-111.880492,33.364848],[-111.883621,33.364539],[-111.885621,33.365076],[-111.888357,33.363978],[-111.884942,33.363657],[-111.884621,33.362791],[-111.88336,33.363239],[-111.880714,33.359886],[-111.877255,33.359344],[-111.877492,33.357978],[-111.876621,33.355567],[-111.876389,33.357978],[-111.875291,33.358978],[-111.875828,33.360184],[-111.874621,33.361028],[-111.872621,33.359263],[-111.871621,33.363337],[-111.870888,33.361711],[-111.869621,33.36108],[-111.868937,33.362293],[-111.867344,33.362255],[-111.867575,33.359978],[-111.866526,33.358073],[-111.865164,33.357435],[-111.864621,33.356474],[-111.863621,33.356179],[-111.862848,33.357978],[-111.86134,33.358259],[-111.861988,33.356344],[-111.864621,33.355642],[-111.866621,33.354301],[-111.868567,33.355032],[-111.869783,33.354978],[-111.868857,33.354742],[-111.868621,33.353198],[-111.866573,33.351978],[-111.866044,33.350978],[-111.87025,33.349978],[-111.868178,33.349421],[-111.866621,33.347665],[-111.865621,33.349212],[-111.864568,33.348978],[-111.862621,33.34723],[-111.861621,33.348155],[-111.860621,33.347885],[-111.85894,33.345978],[-111.859036,33.344392],[-111.860403,33.343978],[-111.859241,33.343358],[-111.859545,33.341978],[-111.858621,33.341285],[-111.858106,33.345462],[-111.856621,33.346888],[-111.855621,33.346553],[-111.8544,33.343978],[-111.856151,33.342978],[-111.854621,33.342068],[-111.854962,33.340978],[-111.853385,33.339978],[-111.854254,33.337978],[-111.849621,33.337493],[-111.848885,33.336714],[-111.848781,33.335978],[-111.849621,33.33524],[-111.850621,33.335811],[-111.852958,33.334978],[-111.850621,33.334767],[-111.849621,33.333922],[-111.848313,33.334286],[-111.847621,33.332095],[-111.847024,33.33438],[-111.843493,33.334106],[-111.842019,33.331978],[-111.842741,33.330978],[-111.84217,33.329526],[-111.843034,33.327978],[-111.841621,33.326203],[-111.840259,33.330615],[-111.838621,33.331808],[-111.837621,33.330193],[-111.836621,33.330748],[-111.835859,33.333215],[-111.833261,33.333338],[-111.832621,33.330336],[-111.831621,33.332075],[-111.830228,33.331371],[-111.830176,33.330533],[-111.831621,33.329209],[-111.832621,33.329615],[-111.835812,33.328168],[-111.838131,33.327978],[-111.836798,33.327801],[-111.835325,33.326682],[-111.833417,33.327182],[-111.834078,33.325978],[-111.832621,33.324101],[-111.832033,33.326389],[-111.828621,33.325662],[-111.827944,33.3273],[-111.826878,33.326978],[-111.826895,33.325251],[-111.828757,33.322978],[-111.828789,33.321978],[-111.832371,33.320978],[-111.829621,33.320684],[-111.828621,33.319573],[-111.827621,33.320238],[-111.825949,33.31965],[-111.824896,33.316978],[-111.824621,33.313131],[-111.824226,33.315978],[-111.822757,33.316978],[-111.823463,33.317978],[-111.822728,33.319084],[-111.821621,33.319753],[-111.820621,33.319439],[-111.819621,33.320711],[-111.818621,33.319967],[-111.8184,33.320756],[-111.817108,33.320978],[-111.82151,33.321978],[-111.818621,33.322528],[-111.818092,33.324448],[-111.816971,33.324978],[-111.819394,33.325205],[-111.819621,33.325888],[-111.820996,33.325603],[-111.822051,33.326548],[-111.821833,33.328189],[-111.820246,33.327353],[-111.819621,33.326021],[-111.81909,33.327447],[-111.81734,33.327978],[-111.817621,33.329093],[-111.815621,33.329373],[-111.814621,33.327822],[-111.813621,33.32856],[-111.810621,33.327389],[-111.809449,33.32815],[-111.810272,33.326628],[-111.811621,33.325929],[-111.813087,33.325978],[-111.815609,33.323978],[-111.812621,33.323417],[-111.811621,33.323922],[-111.809186,33.322413],[-111.808872,33.321978],[-111.809621,33.321443],[-111.81399,33.320978],[-111.812621,33.320289],[-111.812363,33.320719],[-111.810621,33.320694],[-111.80867,33.319929],[-111.807026,33.317978],[-111.808213,33.316978],[-111.807011,33.316588],[-111.806621,33.31479],[-111.805385,33.319741],[-111.803431,33.320788],[-111.801162,33.320978],[-111.804004,33.321978],[-111.803448,33.323804],[-111.801979,33.324978],[-111.803569,33.327978],[-111.802038,33.331394],[-111.801159,33.33144],[-111.800621,33.330008],[-111.799621,33.331743],[-111.798621,33.330527],[-111.795621,33.333857],[-111.794666,33.332933],[-111.791783,33.332816],[-111.791058,33.329978],[-111.789621,33.328579],[-111.789985,33.332341],[-111.786687,33.332978],[-111.788727,33.334083],[-111.786621,33.334489],[-111.785621,33.334097],[-111.783397,33.334978],[-111.785575,33.336024],[-111.788709,33.335978],[-111.786491,33.338108],[-111.786433,33.338978],[-111.787621,33.339291],[-111.787749,33.340105],[-111.78444,33.340978],[-111.784196,33.342978],[-111.783339,33.343978],[-111.785621,33.345775],[-111.785916,33.347272],[-111.785274,33.347325],[-111.784621,33.346215],[-111.782137,33.347493],[-111.778436,33.347792],[-111.777621,33.348384],[-111.775621,33.347299],[-111.774621,33.347623],[-111.773771,33.346978],[-111.774544,33.345978],[-111.772905,33.344694],[-111.772621,33.34317],[-111.771763,33.347119],[-111.772015,33.349371],[-111.771148,33.349451],[-111.770621,33.348596],[-111.769621,33.34939],[-111.768621,33.348918],[-111.768247,33.349603],[-111.76599,33.349978],[-111.768264,33.350335],[-111.769621,33.351263],[-111.7703,33.350656],[-111.771851,33.350748],[-111.771621,33.35158],[-111.76882,33.352978],[-111.769774,33.35413],[-111.768797,33.355978],[-111.769211,33.356978],[-111.771621,33.357426],[-111.771861,33.358218],[-111.769621,33.358383],[-111.768621,33.359413],[-111.767621,33.358707],[-111.766683,33.358916],[-111.766812,33.360168],[-111.763621,33.360564],[-111.760621,33.359079],[-111.760322,33.360277],[-111.761621,33.361768],[-111.763621,33.361484],[-111.765104,33.362495],[-111.764914,33.36327],[-111.763621,33.363456],[-111.761621,33.362099],[-111.759621,33.363548],[-111.756157,33.362442],[-111.756055,33.361411],[-111.757561,33.360978],[-111.756087,33.360512],[-111.755621,33.3588],[-111.753962,33.364318],[-111.752441,33.364158],[-111.751621,33.363176],[-111.750299,33.364655],[-111.748931,33.364978],[-111.750488,33.365111],[-111.751621,33.366204],[-111.752621,33.365403],[-111.754658,33.365941],[-111.756621,33.369605],[-111.757354,33.366978],[-111.756899,33.365978],[-111.75782,33.365779],[-111.759594,33.366978],[-111.759856,33.368743],[-111.761043,33.368978],[-111.760374,33.369978],[-111.762621,33.37082],[-111.763824,33.36818],[-111.764621,33.368037],[-111.765645,33.368954],[-111.76695,33.368649],[-111.767621,33.369423],[-111.768621,33.3688],[-111.769278,33.369978],[-111.768425,33.370978],[-111.768621,33.372771],[-111.769621,33.372303],[-111.771914,33.372685],[-111.771621,33.373426],[-111.768937,33.373662],[-111.768621,33.373243],[-111.768395,33.377204],[-111.769652,33.378009],[-111.765815,33.378978],[-111.769784,33.379815],[-111.771621,33.382919],[-111.772621,33.380197],[-111.775621,33.382072],[-111.777869,33.38073],[-111.778485,33.382978],[-111.77756,33.383978],[-111.778696,33.384978],[-111.775305,33.385661],[-111.766439,33.385978],[-111.778621,33.386374],[-111.779468,33.386978],[-111.779621,33.388165],[-111.779775,33.386978],[-111.780621,33.386407],[-111.788261,33.386338],[-111.788328,33.387684],[-111.786621,33.387904],[-111.786921,33.389277],[-111.78576,33.389978],[-111.787596,33.391978],[-111.786501,33.393978],[-111.788621,33.395309],[-111.789429,33.393978],[-111.789343,33.390978],[-111.790436,33.389978],[-111.789352,33.388708],[-111.790621,33.38756],[-111.793711,33.386978],[-111.794008,33.387978],[-111.793621,33.388441],[-111.792621,33.388223],[-111.792279,33.389978],[-111.793113,33.390978],[-111.791531,33.391887],[-111.790829,33.393978],[-111.792621,33.394903],[-111.793621,33.39445],[-111.794621,33.395147],[-111.795715,33.394884],[-111.796621,33.397675],[-111.797621,33.396759],[-111.798533,33.39689],[-111.800621,33.398413],[-111.801461,33.401138],[-111.802655,33.401978],[-111.801893,33.402978],[-111.803832,33.404978],[-111.803601,33.405978],[-111.804288,33.406978],[-111.803019,33.407978],[-111.804396,33.408203],[-111.805621,33.409974],[-111.807,33.407978],[-111.806207,33.406978],[-111.80711,33.405978],[-111.806226,33.404978],[-111.808002,33.403978],[-111.807293,33.402649],[-111.808621,33.401562],[-111.809621,33.402616],[-111.810621,33.399264],[-111.811674,33.399978],[-111.810874,33.400978],[-111.813294,33.401978],[-111.81259,33.402978],[-111.814621,33.405506],[-111.815621,33.401706],[-111.819621,33.40445],[-111.820573,33.402929],[-111.821621,33.403603],[-111.821621,33.406018],[-111.820621,33.405298],[-111.813118,33.407978],[-111.814621,33.408525],[-111.816266,33.408333],[-111.819857,33.409978],[-111.818533,33.410978],[-111.820056,33.411543],[-111.821621,33.413057],[-111.822621,33.415748]]],"type":"Polygon"}},{"type":"Feature","properties":{"station_id":"aid3","status":"mutual-aid","strategy":"all","band":"4min"},"geometry":{"coordinates":[[[-111.822621,33.38521],[-111.823454,33.383978],[-111.823385,33.382741],[-111.827558,33.379978],[-111.828621,33.380592],[-111.829621,33.379289],[-111.832718,33.378978],[-111.829621,33.378555],[-111.828621,33.377879],[-111.82627,33.378329],[-111.826198,33.375978],[-111.825188,33.374978],[-111.825621,33.371585],[-111.826532,33.374067],[-111.827595,33.373978],[-111.827927,33.373283],[-111.83084,33.371978],[-111.829656,33.369978],[-111.831039,33.368978],[-111.830063,33.368536],[-111.829145,33.366978],[-111.831401,33.364757],[-111.832871,33.364728],[-111.834039,33.365978],[-111.833255,33.366978],[-111.834105,33.367978],[-111.833456,33.368978],[-111.833989,33.369978],[-111.833518,33.370978],[-111.834621,33.374292],[-111.836309,33.373978],[-111.835689,33.37191],[-111.83611,33.369466],[-111.840621,33.369013],[-111.841693,33.370049],[-111.841874,33.36923],[-111.843128,33.368978],[-111.842058,33.367978],[-111.842302,33.365659],[-111.845621,33.365394],[-111.847621,33.364426],[-111.848621,33.364986],[-111.84892,33.364276],[-111.850891,33.363978],[-111.847621,33.363718],[-111.842291,33.362308],[-111.842915,33.360978],[-111.842706,33.358978],[-111.841621,33.357002],[-111.841154,33.35951],[-111.839987,33.361343],[-111.833621,33.361898],[-111.832621,33.359559],[-111.830621,33.359579],[-111.830374,33.360978],[-111.829252,33.361347],[-111.82818,33.359978],[-111.827784,33.357141],[-111.828641,33.355997],[-111.828621,33.354638],[-111.8275,33.353099],[-111.828089,33.351978],[-111.826355,33.350978],[-111.831347,33.349978],[-111.828621,33.348953],[-111.827621,33.349278],[-111.826319,33.348675],[-111.825424,33.349175],[-111.825817,33.348173],[-111.824958,33.346978],[-111.824621,33.34379],[-111.823747,33.345978],[-111.824292,33.346307],[-111.824147,33.347503],[-111.822621,33.348818],[-111.820621,33.34958],[-111.819621,33.349002],[-111.819482,33.349838],[-111.818818,33.349978],[-111.823097,33.350502],[-111.824075,33.351978],[-111.822621,33.353691],[-111.819331,33.353687],[-111.81505,33.354978],[-111.815109,33.357465],[-111.811621,33.358945],[-111.808734,33.356978],[-111.809859,33.354978],[-111.807958,33.350978],[-111.808621,33.350189],[-111.810021,33.349978],[-111.807187,33.348412],[-111.806621,33.346853],[-111.806046,33.349402],[-111.804441,33.349978],[-111.805621,33.350096],[-111.806197,33.350978],[-111.805986,33.352342],[-111.804407,33.352978],[-111.806018,33.354581],[-111.806096,33.355978],[-111.8025,33.357978],[-111.804817,33.359782],[-111.804306,33.361293],[-111.804963,33.36232],[-111.804261,33.362338],[-111.802763,33.360836],[-111.79975,33.359849],[-111.798621,33.357879],[-111.798118,33.359474],[-111.796943,33.359978],[-111.796134,33.36149],[-111.794424,33.36278],[-111.790417,33.363182],[-111.789621,33.361567],[-111.789087,33.363443],[-111.786936,33.363978],[-111.788621,33.364686],[-111.789621,33.36592],[-111.790621,33.364829],[-111.791621,33.365788],[-111.793019,33.36558],[-111.793621,33.366487],[-111.794479,33.364835],[-111.795218,33.364978],[-111.797467,33.366978],[-111.796236,33.367978],[-111.798304,33.370295],[-111.798621,33.371891],[-111.799621,33.368273],[-111.800621,33.368189],[-111.802621,33.369452],[-111.803168,33.369978],[-111.802699,33.371055],[-111.801621,33.370547],[-111.7988,33.371978],[-111.803735,33.372978],[-111.806429,33.375978],[-111.805634,33.376978],[-111.806697,33.377978],[-111.805931,33.378978],[-111.807621,33.379977],[-111.808215,33.378978],[-111.808236,33.375593],[-111.810621,33.375413],[-111.81212,33.373978],[-111.809294,33.372978],[-111.814782,33.371978],[-111.813621,33.371183],[-111.812621,33.371544],[-111.811062,33.370978],[-111.812601,33.367978],[-111.811185,33.367414],[-111.811373,33.364978],[-111.813029,33.364978],[-111.812485,33.366114],[-111.814919,33.366978],[-111.814102,33.368497],[-111.815913,33.368686],[-111.818319,33.37128],[-111.819983,33.371616],[-111.821478,33.373121],[-111.82115,33.374507],[-111.820112,33.374978],[-111.822015,33.375584],[-111.823031,33.377387],[-111.81975,33.377849],[-111.818621,33.37713],[-111.81803,33.378386],[-111.815543,33.378978],[-111.818621,33.37987],[-111.819621,33.379349],[-111.820621,33.380438],[-111.821452,33.379808],[-111.822181,33.379978],[-111.822593,33.381006],[-111.821623,33.382978],[-111.822621,33.38521]]],"type":"Polygon"}},{"type":"Feature","properties":{"station_id":"aid4","status":"mutual-aid","strategy":"all","band":"8min"},"geometry":{"coordinates":[[[-111.738332,33.349654],[-111.73851,33.347797],[-111.739156,33.34762],[-111.738585,33.346367],[-111.739006,33.343293],[-111.740781,33.343171],[-111.742332,33.343857],[-111.744002,33.34262],[-111.743972,33.33862],[-111.739646,33.33762],[-111.743332,33.336793],[-111.744332,33.338379],[-111.748332,33.335974],[-111.753538,33.336414],[-111.754116,33.338403],[-111.753058,33.33962],[-111.752607,33.34162],[-111.75468,33.341272],[-111.755332,33.344618],[-111.756157,33.34262],[-111.755615,33.342337],[-111.755719,33.34062],[-111.757564,33.339388],[-111.757079,33.337366],[-111.758332,33.337987],[-111.759332,33.337172],[-111.765012,33.33562],[-111.759332,33.334943],[-111.757176,33.333776],[-111.758332,33.333138],[-111.758939,33.330226],[-111.760694,33.32862],[-111.759332,33.328142],[-111.758781,33.329068],[-111.758002,33.32895],[-111.758106,33.322393],[-111.758753,33.32262],[-111.759332,33.326718],[-111.759912,33.325199],[-111.760919,33.325033],[-111.761332,33.325723],[-111.761736,33.32262],[-111.763332,33.322214],[-111.763958,33.32362],[-111.763332,33.325359],[-111.764909,33.32462],[-111.765332,33.323408],[-111.767609,33.32562],[-111.768332,33.327214],[-111.769332,33.325952],[-111.772332,33.326996],[-111.773066,33.327886],[-111.773332,33.331023],[-111.774424,33.32662],[-111.777437,33.32562],[-111.775575,33.32462],[-111.775548,33.32162],[-111.776332,33.320905],[-111.777332,33.321196],[-111.778289,33.32062],[-111.774878,33.320074],[-111.774433,33.31862],[-111.774863,33.31662],[-111.773981,33.31562],[-111.775332,33.314189],[-111.776713,33.314239],[-111.777332,33.315277],[-111.777774,33.314061],[-111.779837,33.31362],[-111.775993,33.312959],[-111.775096,33.311383],[-111.778332,33.311122],[-111.779332,33.311776],[-111.779638,33.310926],[-111.783051,33.31062],[-111.781949,33.310003],[-111.782332,33.309168],[-111.784332,33.309522],[-111.78555,33.308838],[-111.787001,33.308951],[-111.7871,33.310387],[-111.786507,33.31062],[-111.787891,33.311061],[-111.788941,33.31262],[-111.787996,33.31362],[-111.78907,33.31462],[-111.78851,33.31562],[-111.789332,33.317708],[-111.790769,33.31562],[-111.79028,33.31462],[-111.791297,33.31362],[-111.790325,33.31162],[-111.792319,33.31062],[-111.790888,33.310064],[-111.79095,33.309237],[-111.793175,33.30862],[-111.795332,33.307112],[-111.797442,33.30751],[-111.798332,33.308756],[-111.799673,33.30696],[-111.801814,33.30662],[-111.799332,33.306372],[-111.798332,33.304932],[-111.79724,33.305712],[-111.796332,33.304728],[-111.794428,33.305715],[-111.791332,33.305628],[-111.791761,33.30462],[-111.789635,33.30362],[-111.790797,33.30262],[-111.789805,33.302147],[-111.789332,33.300259],[-111.788303,33.30462],[-111.787059,33.304893],[-111.786167,33.303785],[-111.785134,33.303818],[-111.785332,33.303279],[-111.786332,33.303502],[-111.787582,33.30262],[-111.787062,33.30062],[-111.785727,33.299225],[-111.785332,33.296486],[-111.783653,33.298941],[-111.781957,33.298995],[-111.779332,33.297037],[-111.77543,33.29762],[-111.774332,33.298606],[-111.774101,33.29662],[-111.775597,33.29562],[-111.774613,33.29462],[-111.775044,33.292331],[-111.777566,33.292386],[-111.778332,33.293319],[-111.779332,33.291882],[-111.782064,33.29162],[-111.778896,33.291056],[-111.778278,33.289565],[-111.779127,33.289825],[-111.784196,33.28862],[-111.778871,33.288081],[-111.777332,33.285717],[-111.776695,33.287982],[-111.775332,33.288079],[-111.775155,33.284442],[-111.783226,33.28462],[-111.784332,33.288541],[-111.786332,33.288011],[-111.787792,33.28862],[-111.789332,33.292682],[-111.790453,33.28962],[-111.790106,33.28862],[-111.790985,33.287272],[-111.793332,33.286705],[-111.793562,33.285849],[-111.794441,33.285511],[-111.794332,33.28488],[-111.794153,33.28544],[-111.793332,33.285453],[-111.791639,33.28462],[-111.793332,33.283882],[-111.794332,33.284463],[-111.794968,33.283255],[-111.803332,33.283121],[-111.804332,33.284325],[-111.807332,33.284901],[-111.807512,33.2838],[-111.809332,33.282831],[-111.822176,33.28262],[-111.809332,33.282336],[-111.807332,33.281765],[-111.804332,33.282358],[-111.791091,33.281861],[-111.790318,33.28162],[-111.79146,33.28062],[-111.790747,33.27862],[-111.791657,33.27762],[-111.790537,33.277415],[-111.789332,33.275661],[-111.788606,33.27762],[-111.789021,33.27862],[-111.788525,33.281812],[-111.783918,33.282205],[-111.783332,33.282832],[-111.774332,33.282917],[-111.774021,33.282308],[-111.775332,33.27991],[-111.776332,33.28048],[-111.777332,33.278762],[-111.778332,33.279679],[-111.779332,33.277863],[-111.781332,33.278558],[-111.783177,33.27762],[-111.781332,33.276823],[-111.780332,33.277396],[-111.779332,33.27661],[-111.777332,33.276736],[-111.776332,33.275425],[-111.775332,33.27657],[-111.774327,33.276625],[-111.773852,33.27562],[-111.774432,33.27262],[-111.772588,33.270364],[-111.772332,33.268835],[-111.772021,33.27162],[-111.771048,33.27262],[-111.771965,33.27362],[-111.771581,33.276868],[-111.770332,33.276461],[-111.768332,33.276888],[-111.767332,33.276187],[-111.767066,33.277353],[-111.766332,33.277508],[-111.760332,33.277182],[-111.75985,33.276137],[-111.761132,33.27562],[-111.760383,33.27362],[-111.758332,33.275457],[-111.757117,33.274835],[-111.75682,33.27162],[-111.758264,33.27062],[-111.755798,33.270154],[-111.755332,33.267065],[-111.754643,33.27693],[-111.747332,33.277042],[-111.746578,33.274374],[-111.745914,33.27462],[-111.745332,33.276451],[-111.743071,33.274881],[-111.74344,33.272512],[-111.740332,33.272214],[-111.738883,33.271069],[-111.739785,33.267073],[-111.738928,33.26562],[-111.739107,33.264394],[-111.743505,33.26362],[-111.742488,33.263464],[-111.742332,33.262924],[-111.74216,33.263447],[-111.738718,33.263234],[-111.738951,33.26062],[-111.738332,33.258734],[-111.736906,33.26062],[-111.737162,33.26162],[-111.736375,33.26262],[-111.737729,33.263223],[-111.737676,33.26462],[-111.734243,33.26662],[-111.737332,33.267088],[-111.737807,33.26762],[-111.73347,33.26862],[-111.734957,33.268995],[-111.734983,33.27062],[-111.736092,33.27162],[-111.735332,33.272211],[-111.734332,33.271937],[-111.733886,33.274066],[-111.73491,33.27462],[-111.733269,33.275556],[-111.731332,33.274748],[-111.730332,33.275629],[-111.728332,33.273431],[-111.726332,33.273231],[-111.725618,33.27262],[-111.725406,33.27162],[-111.726599,33.27062],[-111.724332,33.269829],[-111.723332,33.268811],[-111.722482,33.269769],[-111.721004,33.26962],[-111.722456,33.267743],[-111.723142,33.264429],[-111.729255,33.26362],[-111.726427,33.262525],[-111.725332,33.263358],[-111.723887,33.263065],[-111.723332,33.26089],[-111.720631,33.25962],[-111.720332,33.256037],[-111.719659,33.25762],[-111.71998,33.26062],[-111.718379,33.262666],[-111.715332,33.262613],[-111.715025,33.263312],[-111.713295,33.26362],[-111.71968,33.264272],[-111.719622,33.271909],[-111.716957,33.27262],[-111.716692,33.273979],[-111.713332,33.27733],[-111.710006,33.27662],[-111.708361,33.27462],[-111.707332,33.274381],[-111.706332,33.274843],[-111.706332,33.276994],[-111.704908,33.276044],[-111.704332,33.273787],[-111.702299,33.273586],[-111.702207,33.27362],[-111.703242,33.27371],[-111.703638,33.276925],[-111.700332,33.27742],[-111.699332,33.278442],[-111.697903,33.27862],[-111.700478,33.278765],[-111.701332,33.278015],[-111.703816,33.279136],[-111.704332,33.280885],[-111.705849,33.27962],[-111.705522,33.27862],[-111.706332,33.278023],[-111.708332,33.278074],[-111.709332,33.278966],[-111.709614,33.277901],[-111.711332,33.277779],[-111.712728,33.27862],[-111.712249,33.279536],[-111.710835,33.27962],[-111.709477,33.283764],[-111.706237,33.285524],[-111.705783,33.28707],[-111.704707,33.287995],[-111.702332,33.289443],[-111.69861,33.289342],[-111.698258,33.28862],[-111.699575,33.28662],[-111.699332,33.285099],[-111.698709,33.285996],[-111.696797,33.286155],[-111.694405,33.284547],[-111.692407,33.284545],[-111.692332,33.283925],[-111.692149,33.28462],[-111.693579,33.28562],[-111.692184,33.287471],[-111.688332,33.288204],[-111.686682,33.28627],[-111.686332,33.282593],[-111.685584,33.287871],[-111.680572,33.28862],[-111.685332,33.288938],[-111.685894,33.28962],[-111.685673,33.29196],[-111.682492,33.29262],[-111.685332,33.293043],[-111.685672,33.293959],[-111.681799,33.29662],[-111.683332,33.298559],[-111.684332,33.298413],[-111.685332,33.299053],[-111.685332,33.303541],[-111.684332,33.302023],[-111.683332,33.303258],[-111.681026,33.302926],[-111.681902,33.30062],[-111.681309,33.299643],[-111.680332,33.299502],[-111.677417,33.302704],[-111.671875,33.30462],[-111.672332,33.305212],[-111.675332,33.305126],[-111.676435,33.305722],[-111.679332,33.305118],[-111.679332,33.307413],[-111.674332,33.309238],[-111.672806,33.30862],[-111.672332,33.306496],[-111.671483,33.30962],[-111.672332,33.310517],[-111.674332,33.310789],[-111.675289,33.311663],[-111.677332,33.311388],[-111.679332,33.313369],[-111.680332,33.312404],[-111.682332,33.313143],[-111.682884,33.30962],[-111.684118,33.308405],[-111.685332,33.308317],[-111.685656,33.31162],[-111.684736,33.31462],[-111.685967,33.316985],[-111.687332,33.317336],[-111.688308,33.31462],[-111.686972,33.31362],[-111.688332,33.312071],[-111.689606,33.31162],[-111.689054,33.309341],[-111.694332,33.309346],[-111.694531,33.310818],[-111.690998,33.311285],[-111.689939,33.314226],[-111.688469,33.31462],[-111.690831,33.315121],[-111.691332,33.316079],[-111.692346,33.315634],[-111.692267,33.313554],[-111.692842,33.31411],[-111.694332,33.31372],[-111.69562,33.314332],[-111.695475,33.32062],[-111.691926,33.319026],[-111.691332,33.317865],[-111.689674,33.320962],[-111.686906,33.321193],[-111.686954,33.32462],[-111.686295,33.32562],[-111.686697,33.32662],[-111.684269,33.327556],[-111.679332,33.328399],[-111.659332,33.328516],[-111.658332,33.329404],[-111.656311,33.329598],[-111.656332,33.330484],[-111.656353,33.32964],[-111.659332,33.329768],[-111.65941,33.328697],[-111.681332,33.328748],[-111.682332,33.329196],[-111.683332,33.32883],[-111.686265,33.32962],[-111.687332,33.33237],[-111.687691,33.32962],[-111.688948,33.329235],[-111.696332,33.328908],[-111.702341,33.329611],[-111.70112,33.33062],[-111.701902,33.33162],[-111.700675,33.33362],[-111.701956,33.333996],[-111.703095,33.33562],[-111.704332,33.336236],[-111.705332,33.3353],[-111.706119,33.335406],[-111.705724,33.33362],[-111.706264,33.33262],[-111.70821,33.33162],[-111.705699,33.331253],[-111.706115,33.329402],[-111.713332,33.329372],[-111.714332,33.32834],[-111.719332,33.329244],[-111.719555,33.329842],[-111.718332,33.331025],[-111.716985,33.330272],[-111.716984,33.333271],[-111.716332,33.334512],[-111.713332,33.335208],[-111.712332,33.334547],[-111.711332,33.335161],[-111.709332,33.334827],[-111.706464,33.33562],[-111.708809,33.336143],[-111.710332,33.337165],[-111.711332,33.336351],[-111.714332,33.337272],[-111.716001,33.33862],[-111.713436,33.33962],[-111.717332,33.340796],[-111.719332,33.340062],[-111.720665,33.340287],[-111.720917,33.34262],[-111.720194,33.343758],[-111.721013,33.34562],[-111.719738,33.34662],[-111.720846,33.347106],[-111.721332,33.348528],[-111.722364,33.34662],[-111.72197,33.34562],[-111.723801,33.342088],[-111.725848,33.340135],[-111.728722,33.33962],[-111.725116,33.33862],[-111.725933,33.337221],[-111.727336,33.336616],[-111.728332,33.337982],[-111.730332,33.336368],[-111.730332,33.337902],[-111.731908,33.338044],[-111.733332,33.339169],[-111.734332,33.336922],[-111.735332,33.338309],[-111.735956,33.337243],[-111.737332,33.337192],[-111.737791,33.33962],[-111.737019,33.34162],[-111.737886,33.34262],[-111.737193,33.34562],[-111.737952,33.34662],[-111.738332,33.349654]]],"type":"Polygon"}},{"type":"Feature","properties":{"station_id":"aid4","status":"mutual-aid","strategy":"all","band":"4min"},"geometry":{"coordinates":[[[-111.721332,33.323474],[-111.722332,33.319714],[-111.723332,33.31855],[-111.724332,33.318767],[-111.726063,33.31762],[-111.721674,33.316278],[-111.722332,33.309984],[-111.725332,33.312957],[-111.728332,33.312727],[-111.729475,33.313762],[-111.730208,33.313495],[-111.730332,33.312303],[-111.732332,33.3121],[-111.732332,33.313301],[-111.731332,33.312925],[-111.730453,33.31362],[-111.733332,33.316431],[-111.737332,33.313356],[-111.738411,33.314541],[-111.738977,33.31862],[-111.736983,33.32162],[-111.7371,33.322852],[-111.737582,33.321869],[-111.738786,33.32162],[-111.73863,33.319917],[-111.739667,33.31962],[-111.739674,33.31262],[-111.740332,33.309381],[-111.742332,33.310546],[-111.744506,33.310446],[-111.745551,33.311401],[-111.744138,33.312425],[-111.74366,33.313948],[-111.742374,33.31462],[-111.742332,33.31867],[-111.745214,33.314501],[-111.746473,33.31462],[-111.747987,33.310274],[-111.750332,33.308087],[-111.753032,33.30892],[-111.753332,33.310736],[-111.754332,33.310126],[-111.755994,33.310958],[-111.756332,33.311758],[-111.757332,33.311885],[-111.757308,33.311595],[-111.756528,33.311424],[-111.75665,33.30862],[-111.758241,33.307528],[-111.759332,33.307899],[-111.760332,33.306965],[-111.76272,33.30662],[-111.757014,33.305938],[-111.755332,33.301917],[-111.75437,33.305657],[-111.753332,33.305322],[-111.751332,33.305954],[-111.74882,33.305132],[-111.74876,33.304047],[-111.750925,33.30362],[-111.747979,33.302973],[-111.748218,33.30162],[-111.746744,33.29962],[-111.746918,33.298205],[-111.7477,33.29762],[-111.746332,33.297388],[-111.744926,33.298026],[-111.743726,33.29662],[-111.744705,33.294993],[-111.746332,33.293855],[-111.747332,33.293824],[-111.747441,33.292728],[-111.749332,33.292712],[-111.749451,33.291738],[-111.750412,33.29162],[-111.749332,33.291581],[-111.749286,33.292573],[-111.747332,33.292475],[-111.746981,33.293268],[-111.745332,33.293317],[-111.743098,33.296385],[-111.741453,33.296499],[-111.7388,33.29362],[-111.739123,33.29262],[-111.738332,33.291636],[-111.737277,33.29462],[-111.735715,33.29562],[-111.736616,33.29662],[-111.735536,33.298823],[-111.734332,33.2984],[-111.733332,33.299047],[-111.732332,33.298808],[-111.730332,33.300254],[-111.72696,33.299992],[-111.723468,33.29862],[-111.725352,33.29762],[-111.72384,33.297112],[-111.723729,33.296016],[-111.724466,33.29562],[-111.722418,33.29362],[-111.723332,33.292857],[-111.726,33.29262],[-111.722157,33.291795],[-111.721332,33.288417],[-111.720351,33.29062],[-111.720555,33.291842],[-111.717722,33.29262],[-111.719524,33.293428],[-111.719425,33.29462],[-111.720213,33.29562],[-111.717091,33.299378],[-111.716218,33.29962],[-111.717897,33.300055],[-111.718677,33.301964],[-111.717332,33.302393],[-111.716332,33.302024],[-111.715383,33.30267],[-111.714482,33.305769],[-111.713332,33.305268],[-111.712332,33.306033],[-111.708332,33.306121],[-111.707332,33.304189],[-111.706347,33.305634],[-111.705251,33.305701],[-111.704332,33.303197],[-111.702744,33.306031],[-111.699477,33.30662],[-111.704156,33.308796],[-111.704332,33.309979],[-111.704857,33.308144],[-111.707025,33.308927],[-111.709535,33.308417],[-111.711105,33.31062],[-111.712143,33.310809],[-111.712332,33.311671],[-111.713332,33.310965],[-111.715466,33.311486],[-111.716332,33.316226],[-111.717768,33.315055],[-111.719033,33.31562],[-111.718675,33.316962],[-111.716956,33.316244],[-111.716894,33.317182],[-111.717332,33.318574],[-111.718332,33.318331],[-111.719727,33.319225],[-111.720078,33.32062],[-111.718701,33.32162],[-111.720083,33.321869],[-111.721332,33.323474]]],"type":"Polygon"}},{"type":"Feature","properties":{"station_id":"aid5","status":"mutual-aid","strategy":"all","band":"8min"},"geometry":{"coordinates":[[[-111.718873,33.416191],[-111.719506,33.415281],[-111.71939,33.408797],[-111.728093,33.408281],[-111.724873,33.407273],[-111.724595,33.408002],[-111.723873,33.408083],[-111.722744,33.407281],[-111.723178,33.405585],[-111.723973,33.405281],[-111.723295,33.403281],[-111.724031,33.401438],[-111.724873,33.401209],[-111.725447,33.397854],[-111.72634,33.397814],[-111.727873,33.399484],[-111.729652,33.398059],[-111.73149,33.399281],[-111.731159,33.400281],[-111.733353,33.402281],[-111.732873,33.402949],[-111.731238,33.403281],[-111.733927,33.404281],[-111.733687,33.407281],[-111.732873,33.407936],[-111.731873,33.40758],[-111.729977,33.408281],[-111.736394,33.40876],[-111.736632,33.411039],[-111.735894,33.412281],[-111.736873,33.414054],[-111.738,33.409407],[-111.742283,33.408281],[-111.738263,33.407281],[-111.739578,33.406281],[-111.738187,33.405281],[-111.738873,33.403611],[-111.741873,33.404304],[-111.742174,33.403281],[-111.741133,33.402021],[-111.738362,33.401281],[-111.740873,33.400589],[-111.741465,33.399281],[-111.737637,33.398517],[-111.737873,33.397922],[-111.740218,33.397625],[-111.739622,33.396029],[-111.740362,33.395792],[-111.740449,33.396705],[-111.741304,33.39685],[-111.742888,33.399295],[-111.744465,33.398281],[-111.744593,33.397],[-111.746873,33.39577],[-111.748202,33.395952],[-111.748873,33.396671],[-111.749873,33.396053],[-111.750873,33.396892],[-111.751873,33.395425],[-111.752584,33.396281],[-111.75176,33.397281],[-111.753234,33.39992],[-111.753045,33.401281],[-111.753873,33.402082],[-111.755629,33.397281],[-111.755678,33.395085],[-111.756873,33.39498],[-111.758873,33.393696],[-111.76029,33.393864],[-111.760873,33.394653],[-111.761266,33.393673],[-111.762917,33.393281],[-111.761873,33.392535],[-111.755873,33.392736],[-111.754499,33.391655],[-111.754542,33.390949],[-111.755261,33.390893],[-111.755873,33.391751],[-111.757519,33.390926],[-111.759437,33.391717],[-111.761024,33.39113],[-111.761873,33.392079],[-111.762547,33.390281],[-111.76373,33.389281],[-111.763313,33.387281],[-111.763873,33.386735],[-111.769692,33.386462],[-111.770711,33.387281],[-111.770873,33.388917],[-111.771036,33.387281],[-111.771873,33.386566],[-111.779493,33.386281],[-111.774159,33.385995],[-111.771792,33.385281],[-111.773068,33.384281],[-111.773873,33.381983],[-111.776689,33.381096],[-111.777873,33.380038],[-111.783591,33.379281],[-111.780873,33.378795],[-111.779873,33.377867],[-111.777823,33.378331],[-111.775967,33.377187],[-111.774873,33.377792],[-111.773002,33.376281],[-111.774207,33.375281],[-111.773685,33.374093],[-111.774873,33.373416],[-111.776873,33.37552],[-111.777873,33.37543],[-111.777133,33.375021],[-111.777873,33.371814],[-111.779745,33.374409],[-111.780873,33.373336],[-111.782163,33.373991],[-111.781868,33.375286],[-111.782873,33.375901],[-111.783922,33.373281],[-111.78293,33.372281],[-111.786553,33.371281],[-111.782873,33.370943],[-111.782337,33.370281],[-111.785449,33.366856],[-111.787873,33.3664],[-111.788327,33.366827],[-111.789873,33.37283],[-111.790549,33.371281],[-111.790265,33.370281],[-111.791222,33.369281],[-111.790738,33.368281],[-111.791315,33.366281],[-111.791873,33.365923],[-111.792873,33.366407],[-111.795285,33.364692],[-111.798873,33.364767],[-111.799337,33.364281],[-111.796873,33.363922],[-111.795873,33.363215],[-111.791873,33.363552],[-111.791025,33.363129],[-111.791081,33.360281],[-111.789873,33.357419],[-111.788226,33.361281],[-111.788934,33.362341],[-111.787873,33.36284],[-111.787514,33.361281],[-111.786255,33.360899],[-111.78562,33.359534],[-111.783708,33.359281],[-111.783698,33.357281],[-111.782404,33.35575],[-111.781873,33.353617],[-111.780861,33.354281],[-111.781733,33.354421],[-111.781704,33.355281],[-111.779391,33.358281],[-111.779502,33.359909],[-111.777873,33.361125],[-111.776281,33.359281],[-111.775972,33.357379],[-111.77684,33.356281],[-111.776588,33.354996],[-111.77751,33.354281],[-111.775427,33.353727],[-111.775169,33.351576],[-111.776873,33.350694],[-111.778873,33.350889],[-111.780818,33.350281],[-111.777285,33.349869],[-111.774943,33.348211],[-111.774432,33.346281],[-111.773157,33.345281],[-111.772873,33.343137],[-111.771399,33.348806],[-111.770198,33.348281],[-111.770797,33.347281],[-111.768873,33.345114],[-111.767796,33.346281],[-111.767505,33.349281],[-111.766873,33.349526],[-111.765354,33.347281],[-111.765508,33.344281],[-111.764739,33.344147],[-111.763873,33.345913],[-111.762873,33.345779],[-111.76056,33.344281],[-111.761996,33.343281],[-111.756688,33.342466],[-111.756873,33.341128],[-111.757873,33.341339],[-111.75909,33.339497],[-111.759436,33.335843],[-111.760348,33.335806],[-111.760873,33.337135],[-111.761873,33.335672],[-111.762873,33.336031],[-111.764627,33.335281],[-111.757124,33.33403],[-111.755873,33.328908],[-111.755074,33.332481],[-111.753224,33.334631],[-111.747873,33.334821],[-111.746873,33.331756],[-111.744873,33.333075],[-111.744543,33.331951],[-111.745403,33.331281],[-111.744291,33.330863],[-111.742057,33.327097],[-111.740189,33.326281],[-111.740579,33.324986],[-111.742225,33.324632],[-111.743873,33.321807],[-111.745873,33.322731],[-111.746873,33.321527],[-111.748873,33.321916],[-111.750444,33.321281],[-111.746873,33.320307],[-111.745873,33.320896],[-111.743425,33.320729],[-111.743316,33.319723],[-111.743921,33.319281],[-111.743256,33.318898],[-111.743135,33.317542],[-111.743934,33.317281],[-111.742873,33.315356],[-111.742587,33.318994],[-111.741899,33.319281],[-111.741418,33.320825],[-111.738948,33.321206],[-111.738873,33.320673],[-111.738802,33.321209],[-111.736996,33.321281],[-111.737836,33.321318],[-111.737848,33.323255],[-111.735792,33.323199],[-111.734611,33.325018],[-111.731873,33.32605],[-111.731685,33.327092],[-111.727873,33.326702],[-111.727586,33.327994],[-111.725251,33.327903],[-111.725049,33.326457],[-111.726561,33.326281],[-111.727489,33.325281],[-111.725508,33.323281],[-111.725675,33.322082],[-111.729873,33.322408],[-111.732623,33.321281],[-111.728226,33.320928],[-111.725873,33.319914],[-111.725558,33.318966],[-111.727427,33.318281],[-111.725516,33.317638],[-111.724873,33.316838],[-111.72376,33.317394],[-111.723928,33.316281],[-111.722121,33.316033],[-111.720873,33.311159],[-111.720233,33.31564],[-111.718873,33.317426],[-111.716873,33.316234],[-111.716423,33.317281],[-111.716849,33.319256],[-111.716159,33.320281],[-111.71061,33.321281],[-111.716104,33.32205],[-111.716754,33.323281],[-111.716216,33.325281],[-111.719467,33.326281],[-111.716873,33.326685],[-111.715873,33.327706],[-111.71453,33.327937],[-111.705418,33.328281],[-111.716873,33.328781],[-111.717873,33.328235],[-111.71923,33.328924],[-111.720064,33.330471],[-111.716873,33.330714],[-111.715873,33.332918],[-111.714873,33.332264],[-111.713873,33.333144],[-111.712873,33.332477],[-111.710873,33.332455],[-111.711093,33.331281],[-111.709873,33.330603],[-111.708873,33.331643],[-111.708028,33.331435],[-111.707914,33.332281],[-111.70903,33.333437],[-111.707143,33.333281],[-111.707795,33.331281],[-111.705008,33.330146],[-111.705028,33.326281],[-111.70427,33.325281],[-111.704882,33.324281],[-111.703873,33.323535],[-111.702873,33.330294],[-111.699252,33.333659],[-111.699218,33.335625],[-111.696453,33.335701],[-111.695802,33.33421],[-111.695541,33.336613],[-111.695873,33.337042],[-111.697376,33.336778],[-111.697873,33.337589],[-111.699244,33.33691],[-111.699444,33.337851],[-111.698377,33.339281],[-111.699221,33.339933],[-111.699355,33.341281],[-111.701751,33.342281],[-111.695479,33.344281],[-111.695094,33.349501],[-111.688618,33.349536],[-111.687374,33.344281],[-111.689411,33.343281],[-111.687277,33.341281],[-111.687073,33.33648],[-111.687581,33.336281],[-111.686873,33.335358],[-111.685788,33.339281],[-111.686051,33.340458],[-111.684362,33.341281],[-111.685499,33.341655],[-111.685927,33.343227],[-111.685129,33.345281],[-111.685652,33.346281],[-111.684693,33.347281],[-111.684667,33.348281],[-111.683873,33.348771],[-111.681873,33.34849],[-111.680873,33.349783],[-111.670873,33.350229],[-111.67066,33.353281],[-111.669454,33.355281],[-111.669735,33.357142],[-111.667638,33.358281],[-111.668209,33.359281],[-111.666945,33.360281],[-111.667396,33.361281],[-111.66692,33.362281],[-111.665873,33.363016],[-111.665047,33.362107],[-111.663354,33.362281],[-111.661873,33.363414],[-111.660873,33.362805],[-111.660308,33.363715],[-111.657592,33.364999],[-111.656073,33.365081],[-111.655873,33.364576],[-111.654362,33.365281],[-111.658923,33.366231],[-111.660873,33.368536],[-111.661778,33.366185],[-111.670271,33.365883],[-111.670691,33.374098],[-111.668835,33.375242],[-111.668785,33.376193],[-111.667861,33.376268],[-111.667873,33.377581],[-111.667985,33.376392],[-111.66899,33.376397],[-111.671385,33.374792],[-111.673771,33.374383],[-111.673873,33.374825],[-111.673903,33.374251],[-111.672478,33.373676],[-111.672443,33.372281],[-111.672985,33.371393],[-111.67481,33.371344],[-111.676881,33.373281],[-111.675796,33.374281],[-111.67648,33.375674],[-111.679028,33.377281],[-111.675521,33.378928],[-111.67117,33.379281],[-111.675873,33.379499],[-111.678873,33.380359],[-111.67954,33.381281],[-111.678403,33.382281],[-111.67951,33.383644],[-111.683107,33.385281],[-111.676651,33.386058],[-111.666448,33.386281],[-111.683873,33.386513],[-111.684756,33.387281],[-111.684246,33.389281],[-111.684873,33.390614],[-111.685092,33.388281],[-111.685873,33.387385],[-111.692873,33.386924],[-111.693598,33.387281],[-111.693873,33.389017],[-111.694668,33.387281],[-111.69846,33.386867],[-111.718156,33.386998],[-111.717873,33.387874],[-111.711873,33.387731],[-111.708409,33.388281],[-111.70713,33.389537],[-111.705417,33.389824],[-111.704349,33.390756],[-111.70452,33.392634],[-111.705294,33.393281],[-111.704873,33.393694],[-111.702983,33.392171],[-111.698781,33.392373],[-111.696863,33.39027],[-111.696873,33.392749],[-111.694873,33.393482],[-111.693773,33.393181],[-111.692346,33.394281],[-111.707283,33.394871],[-111.707748,33.396406],[-111.709555,33.397599],[-111.709842,33.399312],[-111.710697,33.399457],[-111.710873,33.402359],[-111.711836,33.403318],[-111.71225,33.405281],[-111.713457,33.406281],[-111.713459,33.407281],[-111.712526,33.407934],[-111.709742,33.408281],[-111.715563,33.408591],[-111.717917,33.409237],[-111.717428,33.410281],[-111.718451,33.411703],[-111.718157,33.415281],[-111.718873,33.416191]]],"type":"Polygon"}},{"type":"Feature","properties":{"station_id":"aid5","status":"mutual-aid","strategy":"all","band":"4min"},"geometry":{"coordinates":[[[-111.718873,33.385179],[-111.719097,33.384504],[-111.723081,33.383281],[-111.721446,33.382708],[-111.721555,33.381962],[-111.722873,33.381914],[-111.725259,33.379666],[-111.726574,33.37958],[-111.726873,33.380894],[-111.727873,33.379758],[-111.730165,33.379281],[-111.72721,33.378944],[-111.726873,33.378048],[-111.725873,33.378847],[-111.72441,33.377744],[-111.723891,33.376281],[-111.726696,33.375103],[-111.726873,33.372392],[-111.729873,33.372672],[-111.730873,33.374369],[-111.731572,33.372979],[-111.733873,33.372343],[-111.735458,33.373281],[-111.73473,33.374281],[-111.736873,33.375436],[-111.737949,33.375205],[-111.738447,33.376281],[-111.737716,33.377281],[-111.737986,33.378393],[-111.734124,33.379281],[-111.738132,33.380022],[-111.737903,33.383251],[-111.738838,33.383316],[-111.740873,33.379877],[-111.744277,33.379281],[-111.743914,33.375281],[-111.744394,33.372801],[-111.750014,33.372281],[-111.747873,33.372049],[-111.746818,33.371336],[-111.746508,33.369281],[-111.747583,33.36799],[-111.750873,33.367632],[-111.752696,33.368458],[-111.752873,33.369324],[-111.753943,33.36935],[-111.752884,33.367281],[-111.753854,33.366261],[-111.754873,33.366138],[-111.755873,33.369425],[-111.757091,33.366281],[-111.75631,33.365844],[-111.756418,33.364825],[-111.758873,33.364572],[-111.759873,33.365225],[-111.761239,33.364281],[-111.758195,33.363959],[-111.756116,33.363038],[-111.755873,33.361337],[-111.755381,33.363281],[-111.753955,33.363281],[-111.752265,33.362281],[-111.753851,33.361281],[-111.751873,33.360028],[-111.750335,33.361742],[-111.74889,33.362281],[-111.748535,33.363281],[-111.747732,33.363281],[-111.746873,33.359952],[-111.746301,33.361708],[-111.744898,33.362281],[-111.746339,33.363281],[-111.744621,33.363533],[-111.74486,33.362281],[-111.743873,33.359201],[-111.742987,33.362281],[-111.742047,33.362107],[-111.741908,33.358246],[-111.740873,33.357597],[-111.739873,33.357908],[-111.739442,33.357281],[-111.740214,33.35594],[-111.739335,33.352281],[-111.739873,33.350803],[-111.742658,33.350281],[-111.739355,33.349799],[-111.738873,33.346305],[-111.738469,33.349281],[-111.736484,33.350281],[-111.737522,33.351632],[-111.736929,33.354281],[-111.738359,33.355281],[-111.736635,33.357043],[-111.736289,33.358281],[-111.736626,33.359528],[-111.738146,33.360008],[-111.738111,33.362518],[-111.737086,33.363493],[-111.733873,33.363625],[-111.732873,33.364532],[-111.730714,33.36444],[-111.729873,33.362823],[-111.728873,33.363562],[-111.724873,33.363825],[-111.722682,33.362089],[-111.730074,33.361281],[-111.729873,33.360502],[-111.728873,33.360946],[-111.728261,33.360281],[-111.728873,33.359564],[-111.729873,33.3598],[-111.729971,33.359281],[-111.727603,33.355281],[-111.731086,33.353281],[-111.729527,33.352281],[-111.729475,33.350882],[-111.732936,33.350281],[-111.730873,33.349689],[-111.729873,33.350026],[-111.728873,33.348994],[-111.727525,33.349629],[-111.725723,33.34813],[-111.724794,33.349281],[-111.722688,33.349466],[-111.722873,33.348762],[-111.724045,33.348452],[-111.726647,33.346281],[-111.723873,33.346001],[-111.722637,33.346517],[-111.721873,33.340766],[-111.720822,33.344229],[-111.721158,33.345565],[-111.716928,33.346281],[-111.718675,33.347281],[-111.717636,33.349281],[-111.715873,33.349655],[-111.714873,33.349228],[-111.711405,33.350281],[-111.71486,33.351281],[-111.714089,33.352496],[-111.711044,33.353281],[-111.713873,33.354025],[-111.714873,33.354918],[-111.715651,33.354058],[-111.717421,33.354281],[-111.713918,33.358281],[-111.716873,33.358709],[-111.717203,33.35961],[-111.713873,33.360223],[-111.712873,33.358548],[-111.711873,33.360486],[-111.710873,33.359227],[-111.709982,33.360281],[-111.710117,33.361524],[-111.707873,33.362046],[-111.706873,33.360362],[-111.705601,33.360553],[-111.704873,33.355103],[-111.704238,33.357645],[-111.702993,33.359281],[-111.704127,33.360027],[-111.703873,33.361916],[-111.702019,33.363426],[-111.699873,33.363587],[-111.698873,33.364533],[-111.697873,33.364131],[-111.697506,33.364913],[-111.696139,33.365015],[-111.695873,33.364067],[-111.693374,33.365281],[-111.699873,33.366746],[-111.702043,33.366281],[-111.703229,33.368281],[-111.702873,33.369366],[-111.704561,33.370281],[-111.70393,33.372224],[-111.704873,33.374262],[-111.705172,33.372579],[-111.705865,33.372281],[-111.70524,33.371914],[-111.705272,33.37068],[-111.706734,33.369281],[-111.706464,33.368871],[-111.708873,33.369115],[-111.711873,33.368292],[-111.713873,33.36952],[-111.714873,33.36943],[-111.716149,33.371281],[-111.715154,33.372281],[-111.718331,33.373823],[-111.717595,33.375281],[-111.718458,33.378281],[-111.717873,33.378687],[-111.715873,33.37812],[-111.712729,33.379281],[-111.719724,33.38043],[-111.71941,33.382817],[-111.718575,33.383281],[-111.718873,33.385179]]],"type":"Polygon"}},{"type":"Feature","properties":{"station_id":"aid6","status":"mutual-aid","strategy":"all","band":"8min"},"geometry":{"coordinates":[[[-111.721432,33.321806],[-111.722314,33.319159],[-111.724235,33.318278],[-111.7229,33.31781],[-111.721705,33.316005],[-111.722154,33.309999],[-111.724908,33.309753],[-111.726432,33.308216],[-111.729432,33.308819],[-111.731432,33.307698],[-111.734432,33.308256],[-111.738197,33.307278],[-111.735432,33.307125],[-111.734119,33.305964],[-111.72825,33.30646],[-111.727836,33.302278],[-111.727019,33.301692],[-111.72701,33.300855],[-111.729432,33.29961],[-111.730477,33.300322],[-111.731156,33.299278],[-111.72935,33.298278],[-111.72922,33.297065],[-111.733432,33.296413],[-111.735432,33.297366],[-111.735911,33.298757],[-111.7348,33.299278],[-111.736857,33.299853],[-111.738105,33.301278],[-111.736921,33.302766],[-111.734692,33.303278],[-111.737432,33.303584],[-111.738672,33.302278],[-111.739173,33.298019],[-111.740604,33.297106],[-111.74238,33.299278],[-111.743432,33.30366],[-111.744413,33.301258],[-111.745722,33.300988],[-111.746432,33.305051],[-111.747532,33.303278],[-111.74663,33.300278],[-111.74712,33.298966],[-111.750432,33.296787],[-111.751432,33.297263],[-111.753045,33.296278],[-111.750344,33.295366],[-111.749432,33.293503],[-111.748432,33.294224],[-111.747191,33.293278],[-111.74722,33.292066],[-111.749195,33.291278],[-111.750722,33.287567],[-111.752432,33.286645],[-111.753736,33.286974],[-111.753234,33.289079],[-111.752474,33.289278],[-111.753432,33.289542],[-111.753967,33.288812],[-111.754806,33.288904],[-111.754715,33.29056],[-111.753694,33.291278],[-111.755432,33.29378],[-111.756291,33.292278],[-111.755679,33.290278],[-111.756684,33.289278],[-111.756471,33.288316],[-111.757438,33.288283],[-111.756432,33.288267],[-111.756031,33.286877],[-111.758432,33.285635],[-111.760572,33.285278],[-111.760724,33.283278],[-111.759908,33.282278],[-111.762321,33.280278],[-111.761041,33.279669],[-111.761159,33.278004],[-111.761897,33.278278],[-111.762432,33.280168],[-111.764432,33.277806],[-111.771432,33.277555],[-111.772432,33.279479],[-111.773705,33.277551],[-111.774635,33.277278],[-111.772432,33.276527],[-111.771432,33.276961],[-111.769432,33.27669],[-111.767432,33.27535],[-111.766432,33.276947],[-111.762934,33.276278],[-111.762808,33.275278],[-111.763999,33.273278],[-111.761256,33.269454],[-111.761825,33.268278],[-111.761432,33.266995],[-111.759761,33.268606],[-111.75719,33.269278],[-111.757354,33.266278],[-111.75666,33.26605],[-111.756253,33.264278],[-111.75704,33.263278],[-111.75271,33.262],[-111.752432,33.26041],[-111.751856,33.261701],[-111.748432,33.262795],[-111.746432,33.259795],[-111.745432,33.262524],[-111.743828,33.261278],[-111.742432,33.258448],[-111.741432,33.260318],[-111.739158,33.259552],[-111.739944,33.256789],[-111.741994,33.256278],[-111.740802,33.255908],[-111.739577,33.254133],[-111.738683,33.249278],[-111.738751,33.248596],[-111.739679,33.248278],[-111.738685,33.248025],[-111.738432,33.24699],[-111.73825,33.248095],[-111.737115,33.248278],[-111.738283,33.248427],[-111.738053,33.252278],[-111.735437,33.253278],[-111.737687,33.254023],[-111.737938,33.255278],[-111.737432,33.255809],[-111.734244,33.256278],[-111.736432,33.256666],[-111.736758,33.257603],[-111.729432,33.258189],[-111.729194,33.259039],[-111.728432,33.258881],[-111.726974,33.259736],[-111.726026,33.258278],[-111.725825,33.255885],[-111.724432,33.255669],[-111.722621,33.259466],[-111.721279,33.260431],[-111.7211,33.249278],[-111.723797,33.248642],[-111.724012,33.246857],[-111.725454,33.246278],[-111.724322,33.245278],[-111.725016,33.244278],[-111.722558,33.243278],[-111.722794,33.240916],[-111.721046,33.238664],[-111.720792,33.237278],[-111.722074,33.236278],[-111.720432,33.233563],[-111.71944,33.236278],[-111.720065,33.238278],[-111.719789,33.240634],[-111.718054,33.240656],[-111.717472,33.239237],[-111.716148,33.239278],[-111.717178,33.241278],[-111.715612,33.243278],[-111.717432,33.243172],[-111.719021,33.241866],[-111.719776,33.242278],[-111.719432,33.243676],[-111.717432,33.243369],[-111.716619,33.246464],[-111.715432,33.246638],[-111.714645,33.24749],[-111.71334,33.24737],[-111.71279,33.245278],[-111.713346,33.244278],[-111.712432,33.244177],[-111.711299,33.245144],[-111.710432,33.247655],[-111.708949,33.247761],[-111.707432,33.246884],[-111.706432,33.248074],[-111.705432,33.247598],[-111.705289,33.248134],[-111.703881,33.248278],[-111.7069,33.24881],[-111.707432,33.250426],[-111.708432,33.248691],[-111.719432,33.248625],[-111.720024,33.249278],[-111.719691,33.253536],[-111.71856,33.255406],[-111.717206,33.255504],[-111.716432,33.254727],[-111.714317,33.255162],[-111.714045,33.25589],[-111.712432,33.256628],[-111.708432,33.256701],[-111.708253,33.256098],[-111.709142,33.255278],[-111.708432,33.252185],[-111.707887,33.254732],[-111.705432,33.256588],[-111.703783,33.254927],[-111.703432,33.252024],[-111.703244,33.257278],[-111.702212,33.259057],[-111.700735,33.258975],[-111.700522,33.257188],[-111.699698,33.257012],[-111.699432,33.254277],[-111.699305,33.257278],[-111.700157,33.257553],[-111.700241,33.259278],[-111.698985,33.26083],[-111.696432,33.260954],[-111.695432,33.259034],[-111.694181,33.259026],[-111.693432,33.259788],[-111.690432,33.259847],[-111.689716,33.257994],[-111.689067,33.257912],[-111.689007,33.260278],[-111.690175,33.261535],[-111.692432,33.261632],[-111.693432,33.260857],[-111.693909,33.262278],[-111.693634,33.263479],[-111.692432,33.263831],[-111.692015,33.26486],[-111.689432,33.264602],[-111.688432,33.265039],[-111.68687,33.263278],[-111.687197,33.255042],[-111.687432,33.25398],[-111.688432,33.253657],[-111.689432,33.25471],[-111.689702,33.253278],[-111.686189,33.251521],[-111.685752,33.250278],[-111.686432,33.249544],[-111.692518,33.249192],[-111.692432,33.248711],[-111.692342,33.249187],[-111.686039,33.248671],[-111.685763,33.245608],[-111.68658,33.244278],[-111.685432,33.242609],[-111.684842,33.248687],[-111.679388,33.249278],[-111.681432,33.250137],[-111.683432,33.249745],[-111.684768,33.250278],[-111.684432,33.251933],[-111.681432,33.250415],[-111.680161,33.251278],[-111.680835,33.251875],[-111.681432,33.255369],[-111.682276,33.254122],[-111.684456,33.254254],[-111.685183,33.258278],[-111.683432,33.259307],[-111.680432,33.258669],[-111.680469,33.260314],[-111.679205,33.261505],[-111.680723,33.262987],[-111.680666,33.264511],[-111.679432,33.263604],[-111.674432,33.264084],[-111.671432,33.263739],[-111.669855,33.262855],[-111.669432,33.256871],[-111.668677,33.258278],[-111.669273,33.258437],[-111.669118,33.259963],[-111.66823,33.260278],[-111.66803,33.261278],[-111.669041,33.262278],[-111.667706,33.263551],[-111.666237,33.263473],[-111.665432,33.262252],[-111.663432,33.262748],[-111.662432,33.262427],[-111.660175,33.263278],[-111.662432,33.263907],[-111.664432,33.263703],[-111.666432,33.265998],[-111.668537,33.265173],[-111.668943,33.269278],[-111.668432,33.270698],[-111.666432,33.271527],[-111.659432,33.270845],[-111.656432,33.267457],[-111.654016,33.267694],[-111.652786,33.266924],[-111.652432,33.265581],[-111.652233,33.266078],[-111.650581,33.266278],[-111.652371,33.266339],[-111.652394,33.267316],[-111.653271,33.267439],[-111.653376,33.268334],[-111.655148,33.268562],[-111.655318,33.269392],[-111.656986,33.269724],[-111.658205,33.271505],[-111.659814,33.271896],[-111.66104,33.27367],[-111.662432,33.273871],[-111.663432,33.274885],[-111.668649,33.275061],[-111.668432,33.27586],[-111.665853,33.276698],[-111.663432,33.276651],[-111.662432,33.277867],[-111.660976,33.277734],[-111.660432,33.27639],[-111.659018,33.277863],[-111.657121,33.278278],[-111.659432,33.278663],[-111.660432,33.279745],[-111.660835,33.27868],[-111.661654,33.278499],[-111.668696,33.279014],[-111.668743,33.280588],[-111.666763,33.281278],[-111.667346,33.283278],[-111.66678,33.284625],[-111.663432,33.284928],[-111.662432,33.284196],[-111.661432,33.284853],[-111.660432,33.283698],[-111.659949,33.284794],[-111.657445,33.285278],[-111.662432,33.286304],[-111.663432,33.285869],[-111.665432,33.286672],[-111.666432,33.285726],[-111.668763,33.285947],[-111.669432,33.294577],[-111.669909,33.286278],[-111.670432,33.285833],[-111.672432,33.285867],[-111.673027,33.286683],[-111.674432,33.286903],[-111.675005,33.287705],[-111.676432,33.28793],[-111.679432,33.289967],[-111.684432,33.290003],[-111.685605,33.289105],[-111.685432,33.291593],[-111.677065,33.292278],[-111.685727,33.293278],[-111.683138,33.293983],[-111.682782,33.295627],[-111.680373,33.296337],[-111.68296,33.29975],[-111.685432,33.300097],[-111.685809,33.306654],[-111.681721,33.306566],[-111.681043,33.307278],[-111.685892,33.308818],[-111.686432,33.314422],[-111.68771,33.310278],[-111.687068,33.307913],[-111.693792,33.307278],[-111.69009,33.30662],[-111.689505,33.304205],[-111.688563,33.304147],[-111.68734,33.302278],[-111.687201,33.297046],[-111.687851,33.297278],[-111.688432,33.299408],[-111.689432,33.299072],[-111.689879,33.297278],[-111.688827,33.295883],[-111.687208,33.295502],[-111.686983,33.294727],[-111.687168,33.291014],[-111.687845,33.290865],[-111.688432,33.292315],[-111.689523,33.291278],[-111.688632,33.291078],[-111.688539,33.290171],[-111.686943,33.289767],[-111.686973,33.288818],[-111.688432,33.288614],[-111.690866,33.289844],[-111.691162,33.290548],[-111.695432,33.291043],[-111.695921,33.291789],[-111.697601,33.292109],[-111.697432,33.293769],[-111.702594,33.294116],[-111.70139,33.297235],[-111.70284,33.299685],[-111.699694,33.300278],[-111.7012,33.30051],[-111.701314,33.301396],[-111.702968,33.301742],[-111.703186,33.307278],[-111.706432,33.307581],[-111.707432,33.308498],[-111.708716,33.307561],[-111.711746,33.307964],[-111.711901,33.308746],[-111.711147,33.309278],[-111.712432,33.310742],[-111.715718,33.310992],[-111.716432,33.314717],[-111.717209,33.314055],[-111.717177,33.311278],[-111.718137,33.311278],[-111.717559,33.314278],[-111.719376,33.315278],[-111.719751,33.317278],[-111.717408,33.318278],[-111.720694,33.319016],[-111.720432,33.320594],[-111.721432,33.321806]]],"type":"Polygon"}},{"type":"Feature","properties":{"station_id":"aid6","status":"mutual-aid","strategy":"all","band":"4min"},"geometry":{"coordinates":[[[-111.720432,33.291421],[-111.721339,33.290185],[-111.721567,33.286278],[-111.72314,33.285278],[-111.721096,33.284614],[-111.721387,33.282232],[-111.723845,33.282278],[-111.727432,33.278942],[-111.729432,33.280145],[-111.731432,33.27777],[-111.732748,33.277962],[-111.733432,33.278888],[-111.734432,33.277804],[-111.736898,33.277278],[-111.728173,33.276537],[-111.723757,33.273953],[-111.723432,33.273146],[-111.721097,33.273613],[-111.721166,33.271011],[-111.722742,33.270278],[-111.720847,33.269863],[-111.721451,33.267259],[-111.720432,33.265303],[-111.720242,33.271087],[-111.719432,33.273532],[-111.718964,33.272278],[-111.71839,33.272235],[-111.713432,33.276816],[-111.711442,33.276278],[-111.711432,33.273858],[-111.707432,33.271497],[-111.702611,33.271099],[-111.701432,33.270508],[-111.700432,33.271144],[-111.699432,33.270968],[-111.698608,33.269453],[-111.699465,33.269245],[-111.69555,33.26916],[-111.695365,33.26821],[-111.694806,33.269278],[-111.696756,33.269954],[-111.697589,33.272278],[-111.699304,33.273278],[-111.698623,33.275468],[-111.697432,33.275289],[-111.696114,33.275959],[-111.694432,33.278782],[-111.693432,33.277748],[-111.690474,33.277278],[-111.689432,33.276094],[-111.689166,33.277011],[-111.687294,33.277416],[-111.686432,33.276725],[-111.686069,33.277914],[-111.683979,33.278278],[-111.685277,33.278433],[-111.686432,33.279447],[-111.687432,33.278805],[-111.69008,33.279278],[-111.690703,33.280278],[-111.690031,33.281278],[-111.691432,33.283067],[-111.693208,33.280053],[-111.694632,33.280078],[-111.696432,33.281996],[-111.698286,33.282278],[-111.697836,33.283278],[-111.698805,33.283905],[-111.699058,33.285278],[-111.695915,33.287278],[-111.697117,33.287593],[-111.697975,33.28682],[-111.699663,33.286509],[-111.700432,33.285403],[-111.701432,33.285718],[-111.702517,33.284278],[-111.70223,33.283075],[-111.706432,33.282768],[-111.707544,33.282278],[-111.709174,33.280019],[-111.710777,33.279933],[-111.711332,33.280278],[-111.710303,33.283148],[-111.710432,33.285935],[-111.714432,33.281553],[-111.715496,33.282278],[-111.715091,33.284278],[-111.716146,33.285278],[-111.716432,33.287753],[-111.717432,33.286017],[-111.719772,33.285938],[-111.720432,33.291421]]],"type":"Polygon"}},{"type":"Feature","properties":{"station_id":"aid7","status":"mutual-aid","strategy":"all","band":"8min"},"geometry":{"coordinates":[[[-111.719196,33.385306],[-111.720068,33.384151],[-111.723207,33.38328],[-111.722196,33.382909],[-111.722019,33.382102],[-111.725768,33.379851],[-111.726646,33.37983],[-111.727196,33.380992],[-111.728196,33.379673],[-111.730366,33.37928],[-111.727196,33.378938],[-111.726196,33.377998],[-111.725196,33.378571],[-111.724039,33.377437],[-111.724137,33.37622],[-111.726583,33.37528],[-111.727085,33.37428],[-111.726395,33.37228],[-111.726759,33.36928],[-111.725677,33.36828],[-111.725977,33.36606],[-111.726836,33.36628],[-111.727196,33.36793],[-111.727557,33.36628],[-111.729446,33.36603],[-111.728718,33.36728],[-111.729196,33.369053],[-111.729442,33.368525],[-111.730648,33.368828],[-111.731192,33.370284],[-111.731496,33.36798],[-111.730698,33.36728],[-111.731196,33.366664],[-111.731883,33.367593],[-111.734196,33.367892],[-111.735196,33.366062],[-111.736788,33.36628],[-111.736553,33.36728],[-111.738256,33.37028],[-111.738134,33.37228],[-111.739196,33.37405],[-111.739704,33.371787],[-111.741424,33.37128],[-111.739946,33.37053],[-111.740549,33.367632],[-111.742452,33.366535],[-111.742845,33.364928],[-111.746966,33.36451],[-111.747196,33.365036],[-111.747311,33.364394],[-111.748318,33.36428],[-111.745196,33.36403],[-111.744196,33.363328],[-111.742757,33.363719],[-111.742196,33.358297],[-111.741196,33.357736],[-111.739196,33.358068],[-111.738979,33.357062],[-111.740196,33.3564],[-111.741196,33.357069],[-111.742307,33.35639],[-111.743196,33.354389],[-111.744631,33.354845],[-111.745196,33.356392],[-111.745751,33.354834],[-111.747353,33.354123],[-111.749196,33.35518],[-111.750818,33.35428],[-111.749718,33.353758],[-111.74983,33.352913],[-111.752196,33.352121],[-111.753196,33.352691],[-111.754196,33.352247],[-111.754154,33.35428],[-111.756196,33.358782],[-111.756471,33.355554],[-111.759627,33.35071],[-111.765393,33.35028],[-111.761886,33.34959],[-111.760196,33.348406],[-111.758036,33.34944],[-111.757309,33.34828],[-111.75792,33.347003],[-111.760196,33.346853],[-111.76044,33.34628],[-111.758196,33.344517],[-111.757196,33.344911],[-111.756944,33.344027],[-111.762442,33.34328],[-111.759437,33.34228],[-111.763196,33.340354],[-111.764196,33.340985],[-111.7665,33.339583],[-111.768196,33.33738],[-111.770167,33.338251],[-111.771196,33.337277],[-111.77173,33.34128],[-111.77277,33.341706],[-111.773196,33.344247],[-111.774277,33.34128],[-111.77391,33.34028],[-111.774704,33.33928],[-111.77403,33.338446],[-111.774196,33.337262],[-111.776196,33.33688],[-111.777196,33.337622],[-111.778428,33.337512],[-111.780196,33.335869],[-111.781196,33.336386],[-111.781526,33.335609],[-111.782923,33.33528],[-111.779196,33.334633],[-111.778196,33.33325],[-111.776534,33.334617],[-111.773851,33.334625],[-111.77373,33.332813],[-111.775901,33.33228],[-111.775196,33.331648],[-111.773836,33.33164],[-111.773196,33.328473],[-111.772627,33.33071],[-111.771469,33.331007],[-111.768196,33.3274],[-111.767588,33.329671],[-111.765022,33.33128],[-111.765656,33.33428],[-111.763964,33.334512],[-111.762196,33.330768],[-111.761363,33.33128],[-111.761876,33.3326],[-111.762692,33.332784],[-111.762423,33.334506],[-111.761196,33.334583],[-111.760196,33.333677],[-111.758923,33.333553],[-111.761459,33.329017],[-111.761196,33.327712],[-111.759196,33.326436],[-111.758688,33.32928],[-111.757939,33.329537],[-111.757299,33.32528],[-111.757797,33.32288],[-111.75967,33.322806],[-111.760196,33.323884],[-111.761196,33.321695],[-111.763684,33.321792],[-111.764196,33.322745],[-111.765196,33.321592],[-111.767196,33.322078],[-111.768815,33.32128],[-111.766136,33.32034],[-111.763196,33.320669],[-111.762196,33.31939],[-111.761584,33.320667],[-111.758873,33.320603],[-111.758496,33.31898],[-111.757196,33.31903],[-111.756726,33.31828],[-111.758983,33.31728],[-111.757442,33.31628],[-111.757534,33.314617],[-111.758525,33.31428],[-111.757502,33.313974],[-111.757196,33.312063],[-111.756856,33.31628],[-111.755938,33.317021],[-111.755583,33.318666],[-111.753505,33.320589],[-111.75095,33.320526],[-111.753495,33.31728],[-111.753924,33.31528],[-111.752754,33.31428],[-111.753763,33.31328],[-111.753196,33.311119],[-111.748196,33.31525],[-111.74685,33.314626],[-111.746761,33.31228],[-111.748551,33.31028],[-111.748815,33.307898],[-111.75188,33.30728],[-111.750196,33.30703],[-111.749055,33.306138],[-111.748196,33.306319],[-111.747196,33.302868],[-111.746981,33.30528],[-111.746196,33.306095],[-111.744711,33.305765],[-111.744196,33.303223],[-111.743291,33.306374],[-111.741196,33.306505],[-111.740712,33.305764],[-111.739738,33.302821],[-111.741795,33.297878],[-111.743758,33.295841],[-111.747196,33.293533],[-111.750413,33.292496],[-111.751663,33.290746],[-111.753196,33.290571],[-111.754196,33.289519],[-111.755196,33.289654],[-111.756625,33.287708],[-111.758196,33.287399],[-111.758326,33.28641],[-111.760196,33.28629],[-111.760196,33.285785],[-111.760167,33.28625],[-111.758155,33.286238],[-111.758049,33.287132],[-111.756072,33.287155],[-111.754765,33.288848],[-111.753196,33.289054],[-111.752787,33.28987],[-111.751092,33.290175],[-111.750803,33.290886],[-111.749053,33.291136],[-111.747742,33.292825],[-111.744196,33.294042],[-111.74194,33.296023],[-111.74093,33.297013],[-111.739602,33.300685],[-111.738601,33.30128],[-111.738196,33.305925],[-111.735196,33.305842],[-111.734196,33.304778],[-111.733196,33.304888],[-111.732854,33.305937],[-111.730639,33.30728],[-111.734196,33.307473],[-111.735196,33.306736],[-111.737196,33.306741],[-111.738543,33.307933],[-111.738859,33.31928],[-111.737196,33.321042],[-111.731404,33.31728],[-111.729437,33.317039],[-111.728196,33.315321],[-111.727196,33.315991],[-111.723196,33.315889],[-111.721768,33.314708],[-111.721766,33.313849],[-111.723797,33.31328],[-111.723386,33.31228],[-111.721741,33.31128],[-111.721828,33.309911],[-111.723196,33.308498],[-111.725553,33.307636],[-111.729272,33.30728],[-111.728433,33.307043],[-111.728196,33.306259],[-111.725196,33.306976],[-111.724196,33.306007],[-111.722392,33.306084],[-111.722547,33.30428],[-111.721196,33.301107],[-111.720692,33.303775],[-111.71721,33.30428],[-111.716191,33.30528],[-111.715865,33.306948],[-111.714592,33.306884],[-111.714196,33.305793],[-111.712196,33.306631],[-111.70799,33.306486],[-111.707789,33.30428],[-111.708703,33.30328],[-111.707196,33.301556],[-111.706076,33.3014],[-111.706552,33.299924],[-111.704973,33.29828],[-111.706321,33.298155],[-111.707196,33.299269],[-111.708548,33.29828],[-111.70762,33.296856],[-111.706196,33.296786],[-111.704789,33.295687],[-111.704667,33.29428],[-111.705196,33.293302],[-111.709196,33.293032],[-111.70944,33.292523],[-111.710971,33.29228],[-111.708196,33.291476],[-111.705196,33.291961],[-111.703196,33.291212],[-111.702196,33.291957],[-111.700527,33.291949],[-111.699259,33.291217],[-111.698069,33.291152],[-111.69766,33.29128],[-111.699137,33.291339],[-111.699196,33.29255],[-111.702812,33.293664],[-111.702538,33.29628],[-111.701681,33.29728],[-111.701671,33.298754],[-111.700196,33.298768],[-111.699196,33.29814],[-111.696289,33.298372],[-111.695283,33.300366],[-111.69381,33.300893],[-111.693281,33.30228],[-111.694379,33.303097],[-111.694453,33.306537],[-111.691196,33.306724],[-111.690536,33.30628],[-111.691005,33.30528],[-111.687571,33.30228],[-111.687196,33.297198],[-111.686191,33.298274],[-111.686858,33.298618],[-111.686923,33.30328],[-111.687353,33.30428],[-111.6886,33.304876],[-111.688581,33.305664],[-111.686196,33.306908],[-111.681157,33.30624],[-111.681196,33.30777],[-111.685196,33.308336],[-111.686942,33.31028],[-111.686726,33.311809],[-111.684586,33.31428],[-111.685628,33.31528],[-111.685409,33.316492],[-111.682849,33.318932],[-111.681401,33.321484],[-111.679823,33.31928],[-111.679446,33.31403],[-111.677196,33.311511],[-111.675196,33.310617],[-111.673838,33.311638],[-111.670196,33.309849],[-111.670196,33.310364],[-111.672033,33.312443],[-111.674498,33.312978],[-111.675196,33.314273],[-111.677196,33.313958],[-111.678373,33.315103],[-111.677076,33.31628],[-111.67857,33.31928],[-111.677601,33.32028],[-111.678544,33.32128],[-111.676222,33.32228],[-111.677582,33.322894],[-111.677528,33.323611],[-111.673652,33.32528],[-111.673196,33.32658],[-111.672196,33.32523],[-111.665196,33.326197],[-111.660243,33.323233],[-111.656266,33.32328],[-111.659641,33.323835],[-111.662391,33.327474],[-111.658196,33.32837],[-111.657893,33.328976],[-111.654196,33.329878],[-111.653196,33.330771],[-111.651196,33.331027],[-111.650832,33.331915],[-111.649184,33.332267],[-111.649163,33.333246],[-111.64819,33.333273],[-111.648186,33.334269],[-111.647387,33.33428],[-111.648204,33.334287],[-111.648228,33.333312],[-111.649216,33.333299],[-111.649256,33.332339],[-111.651253,33.332336],[-111.651311,33.331395],[-111.654196,33.331502],[-111.655196,33.330511],[-111.657196,33.330641],[-111.658308,33.329391],[-111.661196,33.329713],[-111.661658,33.328741],[-111.664196,33.328378],[-111.669522,33.328954],[-111.670196,33.33607],[-111.670418,33.33328],[-111.671984,33.329067],[-111.678489,33.328572],[-111.685591,33.328885],[-111.685354,33.330437],[-111.682507,33.33128],[-111.683196,33.334856],[-111.684196,33.333983],[-111.684427,33.33528],[-111.681863,33.335946],[-111.681778,33.33728],[-111.682898,33.33828],[-111.681956,33.33928],[-111.6815,33.34128],[-111.68542,33.34228],[-111.681906,33.34328],[-111.682438,33.345521],[-111.681399,33.349482],[-111.67091,33.349566],[-111.670196,33.339115],[-111.669706,33.34728],[-111.668566,33.34928],[-111.667196,33.349093],[-111.666672,33.349755],[-111.66567,33.349806],[-111.664196,33.348172],[-111.663196,33.349892],[-111.656864,33.35028],[-111.658892,33.350584],[-111.659196,33.3514],[-111.660196,33.351507],[-111.661196,33.350577],[-111.662196,33.351967],[-111.663196,33.350667],[-111.669495,33.350981],[-111.669827,33.35428],[-111.668927,33.35528],[-111.669871,33.35628],[-111.669303,33.35828],[-111.670196,33.361169],[-111.670893,33.36028],[-111.670635,33.35928],[-111.671731,33.35828],[-111.67168,33.35728],[-111.670558,33.35628],[-111.670721,33.35528],[-111.672234,33.35428],[-111.670919,33.35328],[-111.672196,33.351894],[-111.674196,33.351864],[-111.675196,33.350925],[-111.677295,33.351181],[-111.679196,33.352857],[-111.680196,33.352328],[-111.681085,33.354391],[-111.682196,33.354071],[-111.683196,33.354798],[-111.685196,33.353371],[-111.685749,33.35128],[-111.686363,33.351113],[-111.68649,33.35628],[-111.686196,33.356667],[-111.685196,33.355908],[-111.684493,33.35628],[-111.683972,33.358055],[-111.685979,33.36028],[-111.685775,33.36128],[-111.686733,33.361743],[-111.686481,33.363564],[-111.684457,33.364019],[-111.683196,33.363308],[-111.681888,33.364588],[-111.679196,33.363079],[-111.678196,33.36453],[-111.674136,33.36528],[-111.676196,33.365896],[-111.680196,33.365579],[-111.685196,33.366333],[-111.685609,33.367692],[-111.681103,33.368186],[-111.680811,33.36928],[-111.684196,33.369167],[-111.686425,33.370051],[-111.686026,33.37145],[-111.688196,33.37694],[-111.68891,33.36628],[-111.690196,33.365784],[-111.694108,33.36628],[-111.693397,33.36728],[-111.69414,33.36828],[-111.695889,33.368587],[-111.698313,33.370163],[-111.697736,33.37228],[-111.699196,33.373336],[-111.703481,33.373995],[-111.703196,33.374755],[-111.701004,33.375087],[-111.700059,33.376417],[-111.701374,33.376458],[-111.702196,33.375723],[-111.7046,33.37628],[-111.700437,33.37852],[-111.698937,33.378539],[-111.698196,33.377794],[-111.697143,33.379226],[-111.696077,33.37928],[-111.69704,33.379436],[-111.697196,33.380047],[-111.699196,33.379865],[-111.701196,33.380789],[-111.702576,33.3819],[-111.703022,33.38428],[-111.704086,33.38439],[-111.704196,33.384926],[-111.704294,33.38428],[-111.70361,33.38328],[-111.703843,33.382926],[-111.705196,33.382668],[-111.706196,33.383807],[-111.707196,33.381557],[-111.710196,33.381554],[-111.710196,33.379936],[-111.718666,33.37981],[-111.720092,33.380384],[-111.7203,33.381176],[-111.718195,33.38328],[-111.71887,33.383606],[-111.719196,33.385306]]],"type":"Polygon"}},{"type":"Feature","properties":{"station_id":"aid7","status":"mutual-aid","strategy":"all","band":"4min"},"geometry":{"coordinates":[[[-111.704196,33.355355],[-111.704602,33.35328],[-111.705492,33.35228],[-111.704846,33.350929],[-111.707137,33.351339],[-111.70952,33.35028],[-111.706196,33.349614],[-111.706142,33.34828],[-111.707196,33.349022],[-111.710196,33.346675],[-111.711196,33.347239],[-111.712038,33.34628],[-111.708823,33.345907],[-111.708173,33.34628],[-111.708482,33.343565],[-111.709751,33.34228],[-111.709192,33.341275],[-111.710196,33.341205],[-111.712196,33.342718],[-111.713196,33.339958],[-111.71536,33.34028],[-111.716012,33.341464],[-111.716805,33.341671],[-111.718924,33.340007],[-111.720429,33.340047],[-111.720582,33.34228],[-111.719735,33.34328],[-111.720514,33.345597],[-111.715196,33.345689],[-111.713336,33.34628],[-111.715196,33.347373],[-111.716196,33.346694],[-111.718666,33.34881],[-111.718512,33.349595],[-111.715357,33.35028],[-111.718196,33.350708],[-111.719196,33.351451],[-111.72026,33.351216],[-111.720459,33.352542],[-111.719601,33.35328],[-111.720688,33.353789],[-111.721196,33.355265],[-111.72259,33.35328],[-111.721824,33.352652],[-111.721908,33.350992],[-111.725955,33.35028],[-111.722196,33.350019],[-111.72182,33.348903],[-111.725196,33.348268],[-111.726196,33.347035],[-111.727196,33.346597],[-111.728196,33.346916],[-111.728851,33.34628],[-111.725055,33.345421],[-111.723464,33.34428],[-111.726235,33.34328],[-111.726196,33.340741],[-111.728196,33.342568],[-111.730792,33.337875],[-111.731628,33.337848],[-111.733342,33.339425],[-111.733909,33.33928],[-111.733437,33.339039],[-111.733759,33.337842],[-111.735196,33.337106],[-111.737725,33.337751],[-111.738196,33.341006],[-111.738542,33.339625],[-111.739543,33.33928],[-111.738677,33.338799],[-111.738907,33.33699],[-111.744329,33.33628],[-111.742196,33.335177],[-111.739494,33.334982],[-111.738196,33.331602],[-111.73796,33.33428],[-111.737196,33.335093],[-111.735877,33.334599],[-111.735196,33.333145],[-111.734078,33.33328],[-111.734924,33.333552],[-111.734196,33.334845],[-111.730852,33.334624],[-111.730196,33.332684],[-111.728196,33.330948],[-111.727382,33.331465],[-111.726196,33.331232],[-111.725857,33.33194],[-111.723827,33.331649],[-111.722714,33.32928],[-111.726761,33.32828],[-111.722042,33.327434],[-111.722196,33.326666],[-111.72409,33.32528],[-111.722513,33.323963],[-111.721196,33.321145],[-111.720139,33.324222],[-111.719053,33.32528],[-111.720056,33.32542],[-111.7199,33.326983],[-111.717168,33.327308],[-111.717196,33.327998],[-111.717321,33.327404],[-111.719788,33.32828],[-111.7206,33.33028],[-111.720196,33.330738],[-111.717196,33.330724],[-111.716196,33.332721],[-111.715196,33.332005],[-111.713196,33.333223],[-111.712196,33.329298],[-111.707809,33.329892],[-111.706196,33.330979],[-111.705672,33.329756],[-111.70705,33.32928],[-111.705196,33.328767],[-111.704873,33.327956],[-111.707821,33.32728],[-111.706482,33.32628],[-111.707381,33.324464],[-111.706098,33.32228],[-111.707196,33.322574],[-111.709185,33.32128],[-111.70481,33.320666],[-111.704196,33.317002],[-111.703746,33.320829],[-111.700355,33.32128],[-111.703619,33.321857],[-111.703474,33.323557],[-111.702196,33.323468],[-111.701872,33.323955],[-111.702196,33.325714],[-111.702887,33.32497],[-111.703448,33.32528],[-111.703196,33.328905],[-111.700389,33.32928],[-111.696797,33.33288],[-111.696196,33.332972],[-111.695196,33.33192],[-111.692196,33.331917],[-111.691488,33.33228],[-111.691593,33.333676],[-111.690196,33.334178],[-111.688293,33.33328],[-111.688515,33.33228],[-111.687453,33.33128],[-111.687196,33.329759],[-111.685845,33.33528],[-111.682167,33.336309],[-111.682196,33.337026],[-111.684196,33.336848],[-111.68563,33.337846],[-111.687196,33.342566],[-111.687568,33.33728],[-111.688196,33.336757],[-111.694477,33.336999],[-111.695705,33.33828],[-111.696196,33.340374],[-111.697702,33.33828],[-111.698827,33.33828],[-111.698201,33.33928],[-111.699479,33.339997],[-111.699473,33.34128],[-111.702431,33.34228],[-111.699584,33.34428],[-111.700242,33.34628],[-111.698196,33.346947],[-111.697196,33.346071],[-111.696164,33.34728],[-111.699196,33.347622],[-111.701561,33.348915],[-111.701885,33.34928],[-111.701196,33.34969],[-111.698043,33.35028],[-111.70091,33.350566],[-111.703196,33.351896],[-111.704196,33.355355]]],"type":"Polygon"}},{"type":"Feature","properties":{"station_id":"aid8","status":"mutual-aid","strategy":"all","band":"8min"},"geometry":{"coordinates":[[[-111.805206,33.411384],[-111.806824,33.40881],[-111.80861,33.408193],[-111.806934,33.407193],[-111.807197,33.405183],[-111.80853,33.404193],[-111.807095,33.403304],[-111.807206,33.402741],[-111.809206,33.40161],[-111.810206,33.403402],[-111.812177,33.400193],[-111.811206,33.399031],[-111.812626,33.397612],[-111.813691,33.397708],[-111.813828,33.398814],[-111.813012,33.399193],[-111.814206,33.400662],[-111.815246,33.399193],[-111.814553,33.398846],[-111.81472,33.397706],[-111.816169,33.397193],[-111.816503,33.395489],[-111.817206,33.395001],[-111.818206,33.39535],[-111.819732,33.393718],[-111.822047,33.394352],[-111.823206,33.396238],[-111.823948,33.393934],[-111.824929,33.393193],[-111.8238,33.392599],[-111.823829,33.391815],[-111.825471,33.390193],[-111.82392,33.386906],[-111.85018,33.386193],[-111.840206,33.385564],[-111.832206,33.385936],[-111.82781,33.385193],[-111.82848,33.383193],[-111.830206,33.381962],[-111.831195,33.380181],[-111.832995,33.382193],[-111.833941,33.382458],[-111.836459,33.382193],[-111.835664,33.381193],[-111.83657,33.380556],[-111.839206,33.380441],[-111.840206,33.382679],[-111.840819,33.379806],[-111.84408,33.379193],[-111.842783,33.378616],[-111.842809,33.377193],[-111.843206,33.376118],[-111.844206,33.377311],[-111.845008,33.375193],[-111.844018,33.374381],[-111.842887,33.371512],[-111.843206,33.368978],[-111.845206,33.371075],[-111.848249,33.369235],[-111.850206,33.36723],[-111.851206,33.372709],[-111.852256,33.371193],[-111.851791,33.369777],[-111.853263,33.369193],[-111.853621,33.368193],[-111.852093,33.367079],[-111.855206,33.366006],[-111.856206,33.3669],[-111.85688,33.365866],[-111.857656,33.365743],[-111.858411,33.366193],[-111.859206,33.368795],[-111.86028,33.365266],[-111.864643,33.364193],[-111.860163,33.363236],[-111.859206,33.360276],[-111.858188,33.363174],[-111.856703,33.362696],[-111.856206,33.361463],[-111.854928,33.362471],[-111.853392,33.359193],[-111.851833,33.357819],[-111.855042,33.356028],[-111.85621,33.356196],[-111.858206,33.35531],[-111.859206,33.358436],[-111.859831,33.353817],[-111.86161,33.353789],[-111.862206,33.354341],[-111.863739,33.353193],[-111.860839,33.35256],[-111.860425,33.352193],[-111.861218,33.351193],[-111.863643,33.350629],[-111.864206,33.350005],[-111.865206,33.35133],[-111.866812,33.349798],[-111.869239,33.350225],[-111.870318,33.349193],[-111.867206,33.348801],[-111.866206,33.347716],[-111.865542,33.348528],[-111.863989,33.34841],[-111.862206,33.347181],[-111.861313,33.348299],[-111.860206,33.348007],[-111.85954,33.347193],[-111.859497,33.345193],[-111.860232,33.344193],[-111.859206,33.341355],[-111.858233,33.343193],[-111.858912,33.344193],[-111.858547,33.345533],[-111.857131,33.346117],[-111.854835,33.345564],[-111.853847,33.344193],[-111.856,33.343193],[-111.854223,33.342176],[-111.85434,33.340193],[-111.853577,33.338193],[-111.851975,33.338424],[-111.849206,33.337824],[-111.848091,33.336193],[-111.85151,33.335193],[-111.849206,33.334383],[-111.848206,33.334675],[-111.847206,33.333071],[-111.84641,33.334396],[-111.84363,33.333769],[-111.842633,33.332766],[-111.842206,33.328592],[-111.841206,33.327367],[-111.840558,33.330544],[-111.839314,33.331193],[-111.840254,33.332193],[-111.839702,33.333688],[-111.839206,33.333903],[-111.838508,33.333193],[-111.839086,33.331193],[-111.837288,33.330111],[-111.836206,33.333038],[-111.835206,33.332847],[-111.833941,33.333927],[-111.832562,33.333837],[-111.832206,33.330623],[-111.831193,33.332206],[-111.830664,33.330193],[-111.832126,33.329112],[-111.837772,33.328193],[-111.836399,33.328],[-111.835206,33.326915],[-111.834071,33.327328],[-111.833206,33.324391],[-111.831547,33.326533],[-111.829206,33.32579],[-111.828206,33.327807],[-111.826897,33.327502],[-111.826206,33.32623],[-111.825206,33.326747],[-111.824952,33.326193],[-111.826761,33.325747],[-111.827518,33.324193],[-111.829933,33.321919],[-111.832206,33.321399],[-111.833206,33.32178],[-111.83406,33.321193],[-111.833206,33.320354],[-111.829206,33.320576],[-111.828206,33.318917],[-111.827206,33.319769],[-111.825878,33.319521],[-111.82468,33.317193],[-111.824206,33.313565],[-111.824006,33.316193],[-111.823206,33.317147],[-111.822251,33.317148],[-111.820206,33.315551],[-111.819647,33.316633],[-111.818857,33.316542],[-111.819369,33.315193],[-111.818712,33.314193],[-111.819639,33.313193],[-111.819756,33.311742],[-111.820906,33.311493],[-111.821538,33.312193],[-111.820206,33.308343],[-111.818206,33.310069],[-111.815591,33.308808],[-111.81487,33.307856],[-111.815918,33.306904],[-111.8187,33.306193],[-111.812206,33.305124],[-111.811403,33.302996],[-111.809947,33.303933],[-111.810491,33.305477],[-111.809206,33.304657],[-111.808206,33.305061],[-111.807206,33.296392],[-111.806638,33.298624],[-111.804867,33.299193],[-111.80584,33.299559],[-111.806583,33.300816],[-111.806694,33.302193],[-111.805738,33.303193],[-111.806317,33.305303],[-111.805206,33.305714],[-111.804009,33.30539],[-111.803206,33.304153],[-111.802206,33.305655],[-111.799601,33.305798],[-111.798206,33.305307],[-111.796616,33.306193],[-111.802206,33.30657],[-111.803206,33.308441],[-111.803798,33.306784],[-111.806506,33.306893],[-111.804835,33.309821],[-111.805801,33.312788],[-111.80353,33.315516],[-111.801576,33.315823],[-111.800206,33.313866],[-111.798771,33.317193],[-111.799619,33.318193],[-111.797861,33.318538],[-111.797898,33.315193],[-111.797287,33.314112],[-111.795685,33.313193],[-111.795713,33.311699],[-111.796469,33.31093],[-111.795099,33.311193],[-111.794875,33.313193],[-111.793206,33.315453],[-111.790672,33.312727],[-111.790512,33.311498],[-111.791039,33.311193],[-111.790206,33.308885],[-111.789122,33.311193],[-111.789406,33.312193],[-111.787233,33.315193],[-111.789206,33.315519],[-111.78976,33.316193],[-111.789206,33.31678],[-111.786573,33.317193],[-111.78738,33.318193],[-111.786206,33.31825],[-111.785046,33.319193],[-111.785705,33.319694],[-111.785585,33.320571],[-111.783206,33.320826],[-111.782206,33.319495],[-111.781206,33.320456],[-111.780206,33.319763],[-111.779815,33.320801],[-111.778391,33.321008],[-111.778206,33.320542],[-111.776923,33.321193],[-111.779782,33.321617],[-111.781206,33.322405],[-111.783166,33.322193],[-111.78395,33.323193],[-111.783024,33.324193],[-111.779206,33.325844],[-111.776206,33.324585],[-111.774822,33.325193],[-111.777558,33.326841],[-111.778206,33.328342],[-111.780206,33.328682],[-111.78082,33.327807],[-111.781595,33.327804],[-111.782111,33.328193],[-111.781531,33.329517],[-111.777138,33.331124],[-111.774206,33.330839],[-111.774205,33.328193],[-111.773206,33.324969],[-111.772386,33.330372],[-111.770206,33.329686],[-111.76886,33.330193],[-111.77093,33.333193],[-111.770806,33.334193],[-111.768826,33.334193],[-111.767206,33.332031],[-111.76654,33.334526],[-111.762077,33.335193],[-111.763206,33.335913],[-111.765206,33.335682],[-111.768206,33.336639],[-111.769214,33.336193],[-111.768745,33.336731],[-111.769259,33.338193],[-111.767073,33.340059],[-111.767018,33.341193],[-111.769206,33.341611],[-111.769638,33.342193],[-111.767206,33.342837],[-111.766206,33.342334],[-111.764206,33.343523],[-111.762635,33.348621],[-111.760734,33.348193],[-111.76262,33.346193],[-111.760206,33.345463],[-111.758206,33.345978],[-111.757106,33.345293],[-111.756206,33.340024],[-111.7557,33.342193],[-111.754332,33.344193],[-111.755041,33.345193],[-111.753418,33.346193],[-111.754217,33.347193],[-111.753206,33.348393],[-111.752206,33.347641],[-111.751206,33.348948],[-111.750206,33.348065],[-111.749206,33.349104],[-111.748206,33.348565],[-111.747206,33.350012],[-111.74354,33.350193],[-111.745206,33.350822],[-111.747743,33.350656],[-111.749964,33.352193],[-111.751206,33.351126],[-111.753206,33.352382],[-111.754472,33.352193],[-111.754063,33.354193],[-111.756114,33.358193],[-111.754466,33.362193],[-111.755614,33.363193],[-111.754206,33.363499],[-111.753206,33.364617],[-111.751206,33.362844],[-111.750573,33.364559],[-111.74857,33.365193],[-111.752093,33.366306],[-111.753206,33.365554],[-111.75447,33.365929],[-111.756206,33.370121],[-111.7571,33.366193],[-111.758206,33.36642],[-111.759652,33.367193],[-111.759637,33.368762],[-111.760206,33.369187],[-111.761485,33.368914],[-111.761206,33.369827],[-111.7604,33.369999],[-111.760206,33.369288],[-111.760051,33.370193],[-111.761206,33.370605],[-111.763134,33.370193],[-111.764038,33.368193],[-111.763009,33.36739],[-111.763221,33.366193],[-111.762171,33.365193],[-111.764375,33.365024],[-111.764382,33.368193],[-111.765206,33.368937],[-111.767467,33.368932],[-111.768206,33.369448],[-111.76814,33.372127],[-111.769206,33.374072],[-111.770206,33.373604],[-111.771631,33.374193],[-111.770206,33.374721],[-111.768206,33.374152],[-111.767922,33.377908],[-111.764189,33.379193],[-111.769522,33.380193],[-111.771206,33.384179],[-111.771854,33.383193],[-111.771689,33.381675],[-111.77285,33.380836],[-111.775206,33.382381],[-111.777206,33.382343],[-111.778011,33.383193],[-111.777063,33.384193],[-111.778709,33.385193],[-111.754985,33.386193],[-111.779206,33.38676],[-111.779968,33.387193],[-111.780206,33.389236],[-111.780877,33.386863],[-111.787402,33.386997],[-111.786397,33.388193],[-111.786533,33.389519],[-111.785072,33.390193],[-111.786511,33.390888],[-111.787099,33.392193],[-111.786764,33.39275],[-111.78484,33.393193],[-111.787206,33.39415],[-111.788206,33.39659],[-111.789206,33.393756],[-111.790206,33.393327],[-111.790539,33.39386],[-111.792206,33.393874],[-111.793206,33.395112],[-111.794206,33.393721],[-111.796239,33.39616],[-111.797206,33.398667],[-111.798206,33.397099],[-111.800206,33.39813],[-111.800934,33.400465],[-111.802394,33.401193],[-111.801264,33.402193],[-111.803241,33.403193],[-111.8019,33.404193],[-111.803209,33.405193],[-111.803251,33.407193],[-111.801454,33.408193],[-111.804489,33.40891],[-111.805206,33.411384]]],"type":"Polygon"}},{"type":"Feature","properties":{"station_id":"aid8","status":"mutual-aid","strategy":"all","band":"4min"},"geometry":{"coordinates":[[[-111.807206,33.381199],[-111.807762,33.379748],[-111.809178,33.379193],[-111.808281,33.378193],[-111.808578,33.375564],[-111.809206,33.37529],[-111.810206,33.37607],[-111.811103,33.375089],[-111.812206,33.375148],[-111.813374,33.374193],[-111.812206,33.373386],[-111.810838,33.373561],[-111.810726,33.372712],[-111.811206,33.372258],[-111.812206,33.373094],[-111.813835,33.371821],[-111.815926,33.371193],[-111.807924,33.369475],[-111.808206,33.368791],[-111.813005,33.368193],[-111.810841,33.367558],[-111.810609,33.365595],[-111.812206,33.364563],[-111.815558,33.364841],[-111.815819,33.365805],[-111.815105,33.367294],[-111.816206,33.367507],[-111.81677,33.365756],[-111.818206,33.36495],[-111.820206,33.366945],[-111.821206,33.365736],[-111.822206,33.365997],[-111.823206,33.365232],[-111.824206,33.365791],[-111.824666,33.364652],[-111.825854,33.364193],[-111.824206,33.363463],[-111.818206,33.363388],[-111.815471,33.361928],[-111.814118,33.362281],[-111.813206,33.361196],[-111.812206,33.361276],[-111.811878,33.360521],[-111.810947,33.360452],[-111.810943,33.359929],[-111.812647,33.360193],[-111.813206,33.361186],[-111.813599,33.360193],[-111.815206,33.359463],[-111.816206,33.361172],[-111.816539,33.358193],[-111.817341,33.357193],[-111.816842,33.355829],[-111.818206,33.355585],[-111.819206,33.356324],[-111.820206,33.355269],[-111.821206,33.355648],[-111.823176,33.355193],[-111.821413,33.353986],[-111.819206,33.353896],[-111.817934,33.353193],[-111.822206,33.351366],[-111.823206,33.35146],[-111.823889,33.354193],[-111.823229,33.355193],[-111.824206,33.3565],[-111.824992,33.355193],[-111.824612,33.354193],[-111.825835,33.353193],[-111.825067,33.352193],[-111.825949,33.350935],[-111.832034,33.350193],[-111.831206,33.349273],[-111.830206,33.349897],[-111.829206,33.348876],[-111.828206,33.349692],[-111.826206,33.34865],[-111.824968,33.349431],[-111.825729,33.348193],[-111.824564,33.346193],[-111.824887,33.345193],[-111.824206,33.34418],[-111.823206,33.344403],[-111.822475,33.343924],[-111.822206,33.34312],[-111.820206,33.34699],[-111.817206,33.343942],[-111.816224,33.346193],[-111.816209,33.348193],[-111.819544,33.349193],[-111.816016,33.349383],[-111.816197,33.346193],[-111.815334,33.345193],[-111.815489,33.34391],[-111.81309,33.342309],[-111.813576,33.341193],[-111.812671,33.340728],[-111.811945,33.339193],[-111.813675,33.336661],[-111.815063,33.336336],[-111.815272,33.337193],[-111.815317,33.336193],[-111.813206,33.334569],[-111.810206,33.334735],[-111.808741,33.333658],[-111.808798,33.331784],[-111.810293,33.331193],[-111.807862,33.330537],[-111.807206,33.327641],[-111.806121,33.329107],[-111.806592,33.330193],[-111.805444,33.332193],[-111.805379,33.334193],[-111.802206,33.334136],[-111.801879,33.334865],[-111.799502,33.335193],[-111.802206,33.335506],[-111.803206,33.33662],[-111.805206,33.336086],[-111.805558,33.337545],[-111.803206,33.337401],[-111.801094,33.338305],[-111.798944,33.33793],[-111.798869,33.342193],[-111.796766,33.343193],[-111.796613,33.345599],[-111.794128,33.346114],[-111.792869,33.348193],[-111.793152,33.349193],[-111.792206,33.349672],[-111.791634,33.349193],[-111.790772,33.347193],[-111.791204,33.346193],[-111.789206,33.342951],[-111.7878,33.348193],[-111.788661,33.348738],[-111.788595,33.349581],[-111.787759,33.34964],[-111.787206,33.348587],[-111.784805,33.349791],[-111.781711,33.350193],[-111.784206,33.350812],[-111.786206,33.350581],[-111.788206,33.351426],[-111.789206,33.35562],[-111.790409,33.353396],[-111.794206,33.351048],[-111.794747,33.352193],[-111.793863,33.353193],[-111.797626,33.353773],[-111.797145,33.357193],[-111.797987,33.358193],[-111.797903,33.359193],[-111.796314,33.360193],[-111.795801,33.361787],[-111.793976,33.362962],[-111.791206,33.363253],[-111.790499,33.3629],[-111.790206,33.361324],[-111.789519,33.363505],[-111.786511,33.364193],[-111.789419,33.36498],[-111.790206,33.366303],[-111.791206,33.365467],[-111.793206,33.366595],[-111.794161,33.365148],[-111.795206,33.365246],[-111.798206,33.37184],[-111.800206,33.371835],[-111.801206,33.372962],[-111.802597,33.372193],[-111.805235,33.375164],[-111.805054,33.376193],[-111.806312,33.378298],[-111.804262,33.379193],[-111.805885,33.379514],[-111.807206,33.381199]]],"type":"Polygon"}},{"type":"Feature","properties":{"station_id":"aid9","status":"mutual-aid","strategy":"all","band":"8min"},"geometry":{"coordinates":[[[-111.771282,33.420842],[-111.772114,33.416964],[-111.774282,33.416408],[-111.776044,33.415133],[-111.77286,33.414555],[-111.77292,33.41377],[-111.774775,33.413133],[-111.771954,33.412133],[-111.776559,33.411133],[-111.776535,33.40988],[-111.775155,33.409005],[-111.776282,33.408685],[-111.777282,33.409653],[-111.779753,33.410133],[-111.781282,33.408742],[-111.785194,33.408133],[-111.781238,33.407133],[-111.783564,33.403133],[-111.783889,33.401133],[-111.783189,33.400039],[-111.785152,33.398002],[-111.786806,33.400133],[-111.786029,33.401133],[-111.787628,33.402787],[-111.788282,33.405427],[-111.788638,33.402133],[-111.79025,33.401133],[-111.789194,33.400044],[-111.792053,33.397133],[-111.792899,33.394749],[-111.795927,33.394488],[-111.797282,33.396445],[-111.797847,33.393697],[-111.800282,33.393858],[-111.801611,33.393133],[-111.798713,33.392133],[-111.799333,33.390133],[-111.800706,33.389133],[-111.800559,33.388133],[-111.798282,33.387087],[-111.799282,33.386579],[-111.80378,33.386635],[-111.805282,33.390471],[-111.806672,33.386522],[-111.814126,33.386133],[-111.806282,33.385774],[-111.805869,33.384719],[-111.806282,33.383688],[-111.807282,33.384015],[-111.808282,33.383383],[-111.810282,33.384047],[-111.812282,33.381817],[-111.813272,33.382143],[-111.814282,33.38435],[-111.81505,33.383133],[-111.814627,33.382133],[-111.816032,33.379883],[-111.817609,33.379806],[-111.818282,33.380747],[-111.819282,33.379686],[-111.823039,33.379133],[-111.819234,33.378133],[-111.820906,33.375133],[-111.820178,33.374133],[-111.820424,33.372275],[-111.821147,33.371997],[-111.822282,33.372016],[-111.823489,33.372926],[-111.823639,33.374489],[-111.822639,33.375133],[-111.823573,33.375842],[-111.824282,33.378998],[-111.825299,33.37715],[-111.824982,33.376133],[-111.82589,33.373133],[-111.824728,33.372133],[-111.825282,33.371543],[-111.826282,33.372166],[-111.827527,33.371133],[-111.827035,33.370133],[-111.825282,33.369861],[-111.824926,33.368776],[-111.825282,33.368197],[-111.828282,33.368205],[-111.828282,33.36663],[-111.829282,33.367089],[-111.830965,33.364816],[-111.832699,33.364716],[-111.833796,33.365619],[-111.834282,33.368452],[-111.835039,33.367889],[-111.835554,33.365404],[-111.837282,33.365046],[-111.838282,33.365524],[-111.839667,33.364517],[-111.841638,33.364133],[-111.838282,33.363235],[-111.836988,33.363427],[-111.835282,33.36233],[-111.834282,33.362857],[-111.833282,33.360752],[-111.832647,33.363498],[-111.831931,33.363484],[-111.831282,33.362008],[-111.829381,33.362231],[-111.82908,33.363335],[-111.829763,33.364133],[-111.82898,33.364435],[-111.827744,33.363133],[-111.828193,33.361222],[-111.827282,33.359156],[-111.826282,33.35851],[-111.825678,33.359528],[-111.824795,33.359133],[-111.825052,33.355902],[-111.826489,33.355339],[-111.826282,33.354679],[-111.824902,33.354133],[-111.825807,33.353133],[-111.82475,33.352665],[-111.824282,33.350909],[-111.824012,33.354133],[-111.823282,33.355006],[-111.822277,33.355133],[-111.823475,33.35594],[-111.822973,33.358133],[-111.823961,33.359133],[-111.823282,33.36062],[-111.820001,33.360851],[-111.818282,33.361802],[-111.816653,33.360762],[-111.816282,33.357009],[-111.815282,33.358768],[-111.814282,33.35689],[-111.809893,33.356522],[-111.809984,33.350834],[-111.810998,33.351133],[-111.811347,33.353133],[-111.814282,33.35544],[-111.815282,33.355541],[-111.816295,33.355133],[-111.813737,33.353133],[-111.815982,33.350832],[-111.817524,33.350891],[-111.818282,33.35161],[-111.820282,33.350567],[-111.82374,33.350133],[-111.821052,33.349363],[-111.820331,33.348084],[-111.819885,33.349735],[-111.815826,33.349589],[-111.814652,33.346133],[-111.813768,33.345647],[-111.813282,33.344326],[-111.812282,33.346697],[-111.811282,33.346784],[-111.808477,33.345133],[-111.810265,33.344133],[-111.807551,33.342133],[-111.808164,33.337133],[-111.807282,33.335587],[-111.8064,33.338251],[-111.80491,33.339133],[-111.805781,33.340133],[-111.804787,33.341133],[-111.805548,33.342133],[-111.804282,33.342738],[-111.803282,33.342084],[-111.801282,33.342647],[-111.800213,33.342133],[-111.80103,33.341881],[-111.80283,33.339133],[-111.802282,33.339018],[-111.801282,33.339703],[-111.801006,33.339409],[-111.801022,33.335872],[-111.802739,33.335676],[-111.803282,33.33688],[-111.804282,33.335946],[-111.807125,33.335133],[-111.802282,33.334142],[-111.801282,33.334755],[-111.800282,33.333408],[-111.799282,33.334692],[-111.798282,33.33282],[-111.795282,33.3344],[-111.794926,33.333133],[-111.792669,33.332746],[-111.792718,33.331568],[-111.794705,33.330133],[-111.792241,33.329133],[-111.792389,33.328133],[-111.794522,33.326893],[-111.794282,33.326292],[-111.793937,33.326787],[-111.790859,33.326556],[-111.790282,33.320925],[-111.788282,33.320479],[-111.787282,33.320866],[-111.786282,33.319392],[-111.785282,33.320786],[-111.782282,33.320681],[-111.781705,33.319555],[-111.782435,33.319133],[-111.780282,33.318216],[-111.779282,33.320611],[-111.778282,33.317273],[-111.777282,33.317241],[-111.775282,33.319639],[-111.774474,33.318133],[-111.774607,33.315133],[-111.775977,33.314133],[-111.77426,33.312155],[-111.774445,33.310133],[-111.773503,33.309133],[-111.773949,33.308133],[-111.773282,33.306733],[-111.77258,33.31043],[-111.770827,33.312133],[-111.772296,33.313119],[-111.771293,33.314133],[-111.771819,33.315133],[-111.769386,33.316133],[-111.771019,33.317133],[-111.769282,33.318794],[-111.767282,33.319572],[-111.766265,33.318115],[-111.763342,33.320192],[-111.762282,33.319121],[-111.761691,33.320542],[-111.758484,33.320931],[-111.757241,33.320133],[-111.75653,33.318133],[-111.756663,33.317513],[-111.757874,33.317133],[-111.757282,33.315321],[-111.756982,33.316832],[-111.756153,33.317003],[-111.75602,33.318133],[-111.754956,33.319133],[-111.754846,33.322133],[-111.753674,33.323133],[-111.754398,33.324249],[-111.751536,33.325133],[-111.754025,33.326133],[-111.753616,33.329466],[-111.752282,33.328838],[-111.750871,33.329133],[-111.751282,33.330565],[-111.753823,33.332133],[-111.753494,33.335344],[-111.747282,33.335531],[-111.746282,33.333922],[-111.743978,33.334437],[-111.742282,33.333518],[-111.741022,33.333872],[-111.740282,33.334839],[-111.73936,33.333133],[-111.739908,33.332133],[-111.738934,33.331481],[-111.738282,33.3287],[-111.737278,33.331128],[-111.737848,33.332567],[-111.737657,33.335507],[-111.735693,33.335722],[-111.735282,33.334395],[-111.733712,33.335562],[-111.731284,33.336133],[-111.734933,33.336482],[-111.737658,33.337757],[-111.736993,33.343843],[-111.736118,33.344133],[-111.735739,33.345589],[-111.734826,33.346133],[-111.734814,33.347133],[-111.735689,33.347726],[-111.735504,33.349354],[-111.732038,33.349377],[-111.733163,33.347133],[-111.732282,33.345604],[-111.730282,33.34765],[-111.729282,33.346047],[-111.728282,33.345782],[-111.726282,33.347683],[-111.725282,33.346361],[-111.724321,33.347133],[-111.724522,33.348372],[-111.723282,33.348462],[-111.722668,33.349518],[-111.721913,33.349502],[-111.721828,33.348678],[-111.72421,33.347133],[-111.721816,33.346599],[-111.721282,33.343638],[-111.720806,33.345657],[-111.719416,33.347133],[-111.720282,33.347657],[-111.720282,33.34852],[-111.713428,33.350133],[-111.717827,33.351133],[-111.717463,33.352313],[-111.713586,33.353133],[-111.714282,33.353598],[-111.717282,33.35347],[-111.718086,33.354133],[-111.717452,33.357133],[-111.715335,33.358133],[-111.716738,33.358677],[-111.716707,33.359557],[-111.714616,33.360466],[-111.713282,33.359505],[-111.712282,33.361436],[-111.711282,33.360334],[-111.710282,33.361883],[-111.708282,33.362298],[-111.707282,33.361434],[-111.706282,33.362422],[-111.704788,33.360627],[-111.704282,33.357932],[-111.70327,33.363133],[-111.700282,33.364052],[-111.699282,33.364919],[-111.696459,33.365133],[-111.700282,33.366086],[-111.701282,33.365711],[-111.703317,33.366098],[-111.702955,33.367133],[-111.703822,33.368133],[-111.70377,33.369133],[-111.705101,33.369314],[-111.705282,33.371287],[-111.705886,33.366736],[-111.709282,33.368565],[-111.71025,33.3681],[-111.711374,33.366133],[-111.712557,33.365858],[-111.713711,33.367133],[-111.712945,33.368133],[-111.714282,33.36878],[-111.71534,33.368075],[-111.7176,33.371133],[-111.71636,33.372133],[-111.71951,33.373133],[-111.718104,33.375133],[-111.718839,33.376576],[-111.719987,33.377133],[-111.719755,33.378133],[-111.716116,33.379133],[-111.721221,33.380194],[-111.721017,33.381867],[-111.720337,33.382133],[-111.72091,33.382505],[-111.722843,33.381133],[-111.723186,33.380036],[-111.724282,33.380568],[-111.725297,33.380118],[-111.726533,33.380882],[-111.726625,33.382475],[-111.724434,33.383133],[-111.726667,33.383748],[-111.727246,33.385133],[-111.725282,33.385844],[-111.714684,33.386133],[-111.727282,33.386386],[-111.728282,33.386994],[-111.729282,33.386407],[-111.735718,33.386697],[-111.735282,33.388125],[-111.733102,33.389133],[-111.734718,33.389697],[-111.73602,33.391133],[-111.735209,33.392133],[-111.735282,33.393243],[-111.734165,33.394133],[-111.736081,33.394334],[-111.736282,33.396316],[-111.73704,33.39489],[-111.739058,33.395357],[-111.740282,33.394666],[-111.742282,33.396477],[-111.743282,33.394974],[-111.745781,33.395634],[-111.746282,33.396457],[-111.747282,33.395672],[-111.748698,33.395717],[-111.748799,33.397133],[-111.751689,33.399133],[-111.750987,33.399428],[-111.750282,33.398403],[-111.748066,33.400916],[-111.74554,33.401133],[-111.751521,33.402894],[-111.75108,33.404133],[-111.751966,33.405133],[-111.752716,33.407133],[-111.752231,33.408133],[-111.752988,33.408427],[-111.753282,33.40987],[-111.754567,33.408133],[-111.754708,33.406558],[-111.755604,33.406133],[-111.755156,33.405133],[-111.756039,33.404133],[-111.754872,33.403543],[-111.75509,33.401941],[-111.756431,33.401984],[-111.757282,33.402682],[-111.758282,33.401496],[-111.760634,33.401781],[-111.761644,33.407494],[-111.75622,33.408133],[-111.759039,33.408376],[-111.760282,33.409055],[-111.763282,33.409028],[-111.764282,33.409798],[-111.765282,33.408941],[-111.766282,33.409435],[-111.768282,33.408762],[-111.769695,33.40972],[-111.770148,33.410998],[-111.769594,33.412133],[-111.77077,33.412645],[-111.77074,33.41459],[-111.765055,33.415133],[-111.769282,33.415562],[-111.770183,33.416133],[-111.769925,33.417133],[-111.771149,33.417266],[-111.771282,33.420842]]],"type":"Polygon"}},{"type":"Feature","properties":{"station_id":"aid9","status":"mutual-aid","strategy":"all","band":"4min"},"geometry":{"coordinates":[[[-111.771282,33.389643],[-111.771537,33.385387],[-111.77343,33.384133],[-111.774282,33.381493],[-111.776282,33.381326],[-111.777232,33.380083],[-111.778652,33.379502],[-111.782282,33.379602],[-111.783303,33.379133],[-111.782739,33.378133],[-111.783603,33.377133],[-111.783197,33.376133],[-111.785533,33.373383],[-111.788574,33.372841],[-111.789233,33.376182],[-111.79051,33.375133],[-111.790941,33.372792],[-111.793526,33.372133],[-111.791071,33.370344],[-111.792642,33.369133],[-111.79148,33.367133],[-111.792282,33.366659],[-111.793282,33.367529],[-111.795203,33.366133],[-111.794235,33.365085],[-111.79653,33.364884],[-111.797341,33.365133],[-111.798282,33.367775],[-111.798779,33.36463],[-111.803877,33.364133],[-111.799268,33.363147],[-111.798282,33.361465],[-111.797413,33.363263],[-111.795282,33.362074],[-111.794282,33.362838],[-111.792282,33.363246],[-111.79154,33.362875],[-111.791645,33.360495],[-111.792662,33.360133],[-111.79229,33.359125],[-111.790749,33.358133],[-111.79063,33.356133],[-111.789282,33.354001],[-111.788405,33.356133],[-111.78851,33.358133],[-111.787517,33.359133],[-111.788541,33.360133],[-111.787282,33.362669],[-111.786718,33.361133],[-111.787423,33.359992],[-111.787021,33.359133],[-111.785094,33.358321],[-111.783586,33.356829],[-111.783282,33.355471],[-111.782322,33.355133],[-111.783531,33.353884],[-111.782524,33.351133],[-111.785253,33.350133],[-111.78344,33.349975],[-111.781282,33.348926],[-111.778282,33.34949],[-111.777694,33.349133],[-111.775506,33.347133],[-111.776001,33.346133],[-111.774047,33.345133],[-111.773282,33.339381],[-111.772017,33.341133],[-111.773031,33.342133],[-111.771608,33.343133],[-111.772923,33.344133],[-111.771934,33.345784],[-111.771845,33.348133],[-111.772587,33.349437],[-111.770919,33.349497],[-111.770282,33.347267],[-111.769282,33.348777],[-111.768282,33.347326],[-111.767282,33.349682],[-111.76568,33.349735],[-111.764282,33.348985],[-111.764014,33.349865],[-111.762128,33.350133],[-111.764034,33.350381],[-111.764282,33.350944],[-111.766282,33.35157],[-111.768553,33.350862],[-111.768684,33.352133],[-111.767171,33.353133],[-111.768532,33.354133],[-111.769101,33.357314],[-111.772282,33.357663],[-111.772484,33.358334],[-111.769282,33.358481],[-111.768282,33.359493],[-111.767282,33.357764],[-111.76557,33.359133],[-111.766665,33.35975],[-111.766587,33.360437],[-111.764938,33.360477],[-111.76206,33.358133],[-111.761951,33.357133],[-111.762895,33.356133],[-111.762282,33.354968],[-111.759842,33.355692],[-111.759282,33.357989],[-111.757282,33.358051],[-111.756925,33.355776],[-111.7596,33.355451],[-111.758089,33.354133],[-111.758725,33.353133],[-111.757282,33.352139],[-111.757112,33.351133],[-111.758891,33.350133],[-111.756253,33.349133],[-111.755282,33.347471],[-111.754925,33.349133],[-111.753907,33.350133],[-111.755432,33.351133],[-111.752882,33.355133],[-111.754159,33.357133],[-111.752405,33.358255],[-111.750393,33.358243],[-111.750197,33.359133],[-111.751682,33.359733],[-111.751608,33.360458],[-111.748282,33.360818],[-111.747282,33.362922],[-111.746282,33.361048],[-111.745282,33.364621],[-111.744282,33.361842],[-111.743282,33.364677],[-111.742282,33.362969],[-111.741162,33.363013],[-111.740282,33.363767],[-111.738282,33.361793],[-111.738072,33.363923],[-111.735396,33.365133],[-111.739282,33.366487],[-111.74057,33.365845],[-111.742282,33.366967],[-111.743204,33.366054],[-111.744503,33.365912],[-111.744415,33.368],[-111.743855,33.369705],[-111.743069,33.370133],[-111.74313,33.371133],[-111.748841,33.367691],[-111.75258,33.368835],[-111.752708,33.371558],[-111.750825,33.372133],[-111.752282,33.372403],[-111.753972,33.374133],[-111.753951,33.376133],[-111.753144,33.377133],[-111.753999,33.378133],[-111.753587,33.379133],[-111.754282,33.379446],[-111.755049,33.375899],[-111.757282,33.373905],[-111.759737,33.373678],[-111.760774,33.376133],[-111.759997,33.377133],[-111.761746,33.377669],[-111.761799,33.378133],[-111.758934,33.379133],[-111.761282,33.379473],[-111.762282,33.380495],[-111.763863,33.379713],[-111.765282,33.380192],[-111.766282,33.3799],[-111.768489,33.381133],[-111.769401,33.382133],[-111.768386,33.383133],[-111.768896,33.384133],[-111.771021,33.385394],[-111.771282,33.389643]]],"type":"Polygon"}},{"type":"Feature","properties":{"station_id":"aid10","status":"mutual-aid","strategy":"all","band":"8min"},"geometry":{"coordinates":[[[-111.721342,33.307449],[-111.722304,33.303979],[-111.721987,33.302979],[-111.723453,33.301979],[-111.72273,33.300979],[-111.724162,33.299979],[-111.722144,33.298979],[-111.725349,33.297979],[-111.723322,33.296979],[-111.724342,33.296281],[-111.725342,33.296631],[-111.725976,33.295979],[-111.724861,33.294979],[-111.726342,33.294202],[-111.728342,33.294121],[-111.730342,33.2926],[-111.731342,33.29329],[-111.733342,33.292511],[-111.735342,33.293436],[-111.735578,33.292214],[-111.73724,33.292081],[-111.738342,33.293167],[-111.738933,33.291979],[-111.738647,33.289979],[-111.74019,33.288979],[-111.738893,33.288428],[-111.738882,33.286518],[-111.739342,33.285802],[-111.740342,33.286435],[-111.742031,33.283979],[-111.739089,33.282979],[-111.742813,33.281979],[-111.743332,33.280979],[-111.740342,33.280504],[-111.740031,33.279667],[-111.745342,33.278726],[-111.746106,33.281215],[-111.749342,33.281286],[-111.749648,33.280979],[-111.747342,33.280773],[-111.746651,33.279979],[-111.747125,33.278761],[-111.749342,33.278612],[-111.750932,33.279389],[-111.751342,33.28087],[-111.751879,33.278515],[-111.754131,33.27819],[-111.755342,33.278753],[-111.755839,33.277979],[-111.756823,33.273979],[-111.756342,33.271945],[-111.759342,33.270693],[-111.761422,33.270979],[-111.763075,33.267979],[-111.762207,33.266979],[-111.763495,33.265979],[-111.763342,33.2655],[-111.761342,33.265475],[-111.76103,33.264667],[-111.763342,33.264334],[-111.764342,33.263466],[-111.766671,33.26365],[-111.767332,33.263979],[-111.766888,33.264979],[-111.767342,33.267226],[-111.767565,33.266201],[-111.768966,33.264979],[-111.769113,33.263749],[-111.771916,33.263405],[-111.772342,33.264797],[-111.772865,33.263501],[-111.77505,33.262979],[-111.772342,33.262064],[-111.771342,33.262635],[-111.76997,33.262351],[-111.767342,33.259491],[-111.766797,33.260979],[-111.767698,33.261623],[-111.767574,33.26221],[-111.764,33.262321],[-111.760889,33.259432],[-111.76076,33.257979],[-111.759228,33.258093],[-111.757977,33.256979],[-111.758584,33.255979],[-111.756342,33.25579],[-111.755558,33.254979],[-111.755657,33.252293],[-111.756732,33.251979],[-111.755617,33.251704],[-111.755456,33.250979],[-111.755482,33.245979],[-111.755653,33.245289],[-111.756804,33.244979],[-111.755491,33.24483],[-111.75549,33.241979],[-111.755653,33.241289],[-111.758444,33.240979],[-111.755998,33.239979],[-111.759342,33.238005],[-111.759887,33.234523],[-111.763899,33.234422],[-111.764342,33.23648],[-111.765342,33.2344],[-111.768342,33.23463],[-111.772652,33.233979],[-111.765342,33.233772],[-111.764527,33.232979],[-111.764342,33.231216],[-111.763342,33.233561],[-111.762582,33.232739],[-111.760916,33.232405],[-111.760342,33.23074],[-111.759342,33.230012],[-111.758834,33.232979],[-111.758052,33.233269],[-111.757567,33.228979],[-111.75675,33.227979],[-111.758294,33.226979],[-111.756342,33.226642],[-111.755736,33.225979],[-111.755468,33.219979],[-111.756138,33.218979],[-111.752572,33.218749],[-111.751342,33.217878],[-111.748771,33.21855],[-111.746342,33.216461],[-111.745342,33.218459],[-111.743008,33.218313],[-111.742369,33.216952],[-111.738802,33.217979],[-111.739875,33.214979],[-111.741947,33.213979],[-111.741982,33.211979],[-111.741121,33.2112],[-111.740468,33.208979],[-111.739266,33.208903],[-111.74002,33.211979],[-111.73767,33.214307],[-111.73514,33.212776],[-111.733342,33.214788],[-111.732631,33.213979],[-111.734476,33.212112],[-111.735077,33.209713],[-111.738479,33.207979],[-111.735342,33.207384],[-111.733509,33.209145],[-111.730342,33.209927],[-111.729342,33.207416],[-111.728894,33.20853],[-111.727342,33.209501],[-111.7266,33.208721],[-111.723534,33.207979],[-111.724342,33.206466],[-111.725811,33.20651],[-111.726342,33.207156],[-111.727845,33.205979],[-111.725342,33.204882],[-111.724342,33.205491],[-111.723008,33.205313],[-111.722713,33.204349],[-111.723645,33.203979],[-111.722342,33.203776],[-111.721342,33.202647],[-111.718342,33.202455],[-111.716342,33.204373],[-111.699351,33.204979],[-111.702342,33.205186],[-111.703342,33.205778],[-111.706342,33.205388],[-111.707342,33.206982],[-111.708342,33.206188],[-111.709342,33.206402],[-111.710515,33.206806],[-111.711342,33.208024],[-111.712335,33.206979],[-111.712229,33.205865],[-111.716459,33.205979],[-111.712415,33.206979],[-111.715375,33.207946],[-111.715832,33.208979],[-111.715342,33.211326],[-111.712057,33.211264],[-111.711342,33.209226],[-111.710785,33.210421],[-111.709559,33.210762],[-111.707342,33.209244],[-111.706192,33.210828],[-111.704342,33.211424],[-111.703342,33.211029],[-111.703013,33.211649],[-111.7013,33.211979],[-111.703342,33.2128],[-111.706342,33.212385],[-111.707342,33.213348],[-111.707942,33.212578],[-111.709342,33.212612],[-111.710275,33.214046],[-111.71156,33.213196],[-111.715342,33.21354],[-111.716037,33.213979],[-111.715601,33.215237],[-111.714342,33.214513],[-111.712033,33.214669],[-111.711342,33.215392],[-111.709342,33.214835],[-111.708342,33.218292],[-111.707342,33.215332],[-111.704947,33.216374],[-111.703342,33.214015],[-111.703224,33.21486],[-111.701826,33.215979],[-111.702758,33.216563],[-111.702698,33.217335],[-111.702342,33.217716],[-111.701342,33.217379],[-111.700478,33.218979],[-111.700766,33.219555],[-111.702352,33.219969],[-111.702117,33.220979],[-111.700342,33.221465],[-111.698342,33.220313],[-111.698027,33.221294],[-111.697959,33.221979],[-111.699342,33.222516],[-111.702751,33.22257],[-111.704342,33.228062],[-111.705494,33.227979],[-111.705583,33.225738],[-111.704804,33.224979],[-111.705342,33.224289],[-111.706784,33.225537],[-111.708342,33.228931],[-111.710429,33.228979],[-111.710664,33.227657],[-111.709751,33.226979],[-111.710342,33.22663],[-111.711853,33.228468],[-111.713532,33.228789],[-111.713342,33.229356],[-111.711877,33.229513],[-111.711472,33.230109],[-111.709342,33.230122],[-111.708342,33.231289],[-111.707342,33.230395],[-111.70613,33.230766],[-111.706342,33.232285],[-111.705342,33.232453],[-111.704342,33.231574],[-111.703342,33.231638],[-111.701376,33.231979],[-111.702469,33.232979],[-111.697811,33.232979],[-111.697543,33.231979],[-111.695999,33.231322],[-111.695728,33.229979],[-111.694342,33.228428],[-111.693384,33.228979],[-111.693145,33.229979],[-111.692075,33.229979],[-111.692051,33.228687],[-111.695278,33.226979],[-111.695342,33.223569],[-111.695127,33.224764],[-111.694208,33.224844],[-111.690981,33.227979],[-111.69111,33.231211],[-111.692342,33.232267],[-111.693799,33.232522],[-111.693758,33.233394],[-111.688933,33.233388],[-111.688598,33.230723],[-111.687048,33.229979],[-111.687959,33.227595],[-111.689875,33.226979],[-111.690172,33.224979],[-111.689459,33.223979],[-111.690628,33.222979],[-111.690342,33.22216],[-111.6887,33.221979],[-111.689342,33.221509],[-111.690342,33.221772],[-111.691342,33.220863],[-111.692342,33.221088],[-111.693342,33.21977],[-111.694342,33.220542],[-111.69545,33.219086],[-111.697817,33.218979],[-111.691342,33.21837],[-111.690342,33.217415],[-111.689169,33.217805],[-111.688713,33.219349],[-111.687027,33.219294],[-111.686924,33.21756],[-111.688528,33.215979],[-111.687697,33.215624],[-111.686772,33.213549],[-111.686769,33.212405],[-111.688194,33.211979],[-111.686846,33.211475],[-111.686342,33.209184],[-111.685832,33.211468],[-111.684093,33.211979],[-111.685127,33.212194],[-111.68507,33.214706],[-111.682725,33.219361],[-111.681938,33.219383],[-111.681342,33.217339],[-111.680342,33.2187],[-111.679342,33.218059],[-111.678342,33.21972],[-111.677342,33.21845],[-111.676342,33.21957],[-111.674511,33.219979],[-111.677342,33.220682],[-111.678342,33.220237],[-111.681342,33.220865],[-111.683342,33.220953],[-111.684342,33.220284],[-111.685642,33.220679],[-111.684342,33.222647],[-111.678378,33.222979],[-111.682342,33.223425],[-111.683095,33.225226],[-111.684593,33.225728],[-111.684342,33.226352],[-111.682342,33.226461],[-111.681342,33.225364],[-111.678439,33.226979],[-111.681734,33.227587],[-111.681939,33.228575],[-111.681109,33.228979],[-111.683734,33.229587],[-111.68348,33.230979],[-111.685331,33.230979],[-111.684716,33.229979],[-111.685545,33.229776],[-111.685342,33.23239],[-111.684342,33.232328],[-111.683342,33.233263],[-111.682115,33.233206],[-111.681342,33.232457],[-111.680342,33.233291],[-111.678107,33.233214],[-111.678048,33.232684],[-111.679867,33.231979],[-111.680228,33.230979],[-111.677938,33.230383],[-111.677342,33.228249],[-111.676771,33.230408],[-111.675256,33.230979],[-111.675234,33.231979],[-111.676342,33.232371],[-111.676584,33.23322],[-111.673342,33.233374],[-111.672342,33.232831],[-111.671342,33.233404],[-111.670031,33.23329],[-111.669685,33.231321],[-111.671808,33.229979],[-111.669653,33.227979],[-111.670187,33.226979],[-111.669342,33.223899],[-111.668916,33.226552],[-111.667578,33.226979],[-111.668416,33.227979],[-111.666392,33.229979],[-111.668342,33.23035],[-111.66891,33.230979],[-111.668342,33.231541],[-111.665563,33.231979],[-111.66776,33.232561],[-111.667713,33.233349],[-111.661342,33.23373],[-111.660342,33.233345],[-111.658266,33.233979],[-111.660342,33.234856],[-111.663342,33.234303],[-111.668342,33.234483],[-111.668781,33.234979],[-111.668621,33.237257],[-111.665232,33.237868],[-111.665989,33.238979],[-111.665462,33.240098],[-111.661342,33.242858],[-111.660342,33.242373],[-111.658929,33.243979],[-111.659567,33.244979],[-111.658805,33.246441],[-111.656342,33.248349],[-111.655342,33.246735],[-111.654342,33.247414],[-111.65201,33.247311],[-111.651807,33.245979],[-111.653291,33.244979],[-111.653455,33.242866],[-111.651565,33.240979],[-111.651342,33.23863],[-111.6507,33.240979],[-111.651106,33.243979],[-111.650185,33.244979],[-111.650878,33.245979],[-111.650342,33.246729],[-111.648342,33.248292],[-111.647619,33.247702],[-111.644342,33.247192],[-111.643342,33.248386],[-111.639667,33.248979],[-111.645342,33.249804],[-111.645702,33.251338],[-111.645097,33.251979],[-111.646065,33.252256],[-111.648133,33.249769],[-111.650645,33.249676],[-111.650738,33.250374],[-111.649142,33.251979],[-111.650422,33.252899],[-111.650342,33.254413],[-111.650392,33.254028],[-111.652002,33.254319],[-111.652342,33.258404],[-111.653342,33.252364],[-111.655342,33.252246],[-111.656342,33.251265],[-111.658815,33.252506],[-111.659342,33.253409],[-111.662342,33.253351],[-111.662937,33.252573],[-111.663805,33.252516],[-111.663725,33.254361],[-111.662342,33.254376],[-111.661797,33.254979],[-111.663961,33.255979],[-111.664118,33.257979],[-111.663208,33.258979],[-111.665998,33.259979],[-111.666342,33.260979],[-111.668342,33.261473],[-111.668669,33.262305],[-111.667342,33.263302],[-111.66539,33.261931],[-111.659203,33.262979],[-111.66193,33.263391],[-111.662342,33.264139],[-111.663342,33.263709],[-111.666342,33.266197],[-111.668342,33.265008],[-111.669342,33.272355],[-111.670064,33.269979],[-111.669603,33.267979],[-111.670337,33.266979],[-111.670007,33.264643],[-111.670947,33.264979],[-111.670353,33.266979],[-111.672721,33.266979],[-111.671705,33.265979],[-111.672342,33.265528],[-111.673342,33.266666],[-111.674342,33.266413],[-111.674853,33.268979],[-111.673721,33.270979],[-111.674736,33.271979],[-111.674459,33.272979],[-111.675774,33.273547],[-111.676784,33.275979],[-111.678124,33.276979],[-111.675733,33.277979],[-111.679043,33.278278],[-111.680342,33.27987],[-111.681342,33.27846],[-111.684708,33.278613],[-111.684536,33.282172],[-111.682342,33.282788],[-111.682182,33.283818],[-111.681065,33.283979],[-111.685135,33.284186],[-111.686342,33.287836],[-111.686808,33.284444],[-111.687985,33.282979],[-111.687195,33.282127],[-111.687913,33.280979],[-111.687313,33.279979],[-111.689342,33.279219],[-111.690342,33.279035],[-111.691342,33.281904],[-111.692419,33.280055],[-111.694342,33.279591],[-111.696342,33.281558],[-111.700342,33.281141],[-111.700593,33.282229],[-111.69842,33.282979],[-111.699026,33.284979],[-111.697295,33.287026],[-111.698342,33.287021],[-111.698496,33.286132],[-111.702105,33.284979],[-111.702071,33.282707],[-111.704088,33.282724],[-111.704355,33.281966],[-111.705342,33.283044],[-111.707385,33.281979],[-111.708342,33.280246],[-111.708786,33.280535],[-111.708975,33.283611],[-111.706823,33.285979],[-111.707681,33.287979],[-111.706004,33.288979],[-111.706827,33.289494],[-111.707836,33.291979],[-111.706962,33.292599],[-111.703177,33.292979],[-111.709342,33.293367],[-111.710342,33.29496],[-111.711342,33.294137],[-111.714625,33.293696],[-111.715342,33.29522],[-111.718179,33.296979],[-111.717435,33.299979],[-111.71885,33.300979],[-111.718628,33.301979],[-111.719949,33.302979],[-111.71928,33.303979],[-111.721342,33.307449]]],"type":"Polygon"}},{"type":"Feature","properties":{"station_id":"aid10","status":"mutual-aid","strategy":"all","band":"4min"},"geometry":{"coordinates":[[[-111.720342,33.275814],[-111.721217,33.273979],[-111.720668,33.273653],[-111.72078,33.271417],[-111.722721,33.269979],[-111.720655,33.269666],[-111.720524,33.268979],[-111.721607,33.267243],[-111.722445,33.266979],[-111.72294,33.264979],[-111.725664,33.2643],[-111.728342,33.26443],[-111.729342,33.263325],[-111.732342,33.264039],[-111.732483,33.263119],[-111.735035,33.262979],[-111.732342,33.262701],[-111.731342,33.261963],[-111.730342,33.262678],[-111.728342,33.262603],[-111.72652,33.261801],[-111.724342,33.26248],[-111.723353,33.258968],[-111.721764,33.2604],[-111.721081,33.26024],[-111.721103,33.249979],[-111.723826,33.249462],[-111.724134,33.24777],[-111.725736,33.247372],[-111.728273,33.243979],[-111.727366,33.241955],[-111.725654,33.240979],[-111.724792,33.237979],[-111.725342,33.237351],[-111.726655,33.237979],[-111.727465,33.234979],[-111.728589,33.234732],[-111.729342,33.235197],[-111.730703,33.234339],[-111.73298,33.233979],[-111.729342,33.232685],[-111.728342,33.233095],[-111.727342,33.232739],[-111.72671,33.231979],[-111.727914,33.230979],[-111.727342,33.229738],[-111.727051,33.230687],[-111.725013,33.231979],[-111.725516,33.233152],[-111.724069,33.233252],[-111.722201,33.228979],[-111.721086,33.227979],[-111.723706,33.226979],[-111.722342,33.226101],[-111.720985,33.226336],[-111.720544,33.224979],[-111.720996,33.223979],[-111.720342,33.22315],[-111.719871,33.225507],[-111.718441,33.226979],[-111.719342,33.227072],[-111.720049,33.227979],[-111.718785,33.232421],[-111.717342,33.233207],[-111.712342,33.232577],[-111.708365,33.232979],[-111.71164,33.233681],[-111.711679,33.234315],[-111.709904,33.234979],[-111.713827,33.236979],[-111.712342,33.237853],[-111.712342,33.239213],[-111.714466,33.239855],[-111.714378,33.240979],[-111.712342,33.240283],[-111.711342,33.244683],[-111.707342,33.242531],[-111.706342,33.242762],[-111.70584,33.244476],[-111.704717,33.244604],[-111.703165,33.240979],[-111.7025,33.241979],[-111.702949,33.242979],[-111.701693,33.243979],[-111.702443,33.245079],[-111.70143,33.244892],[-111.701342,33.244942],[-111.7011,33.245736],[-111.69864,33.247277],[-111.695878,33.247443],[-111.694342,33.245556],[-111.693342,33.245407],[-111.691679,33.245979],[-111.69051,33.247979],[-111.687342,33.24852],[-111.686677,33.247979],[-111.686342,33.24369],[-111.685972,33.248608],[-111.679513,33.248979],[-111.681067,33.249254],[-111.681342,33.249893],[-111.681637,33.249274],[-111.684842,33.249479],[-111.684779,33.252979],[-111.685342,33.253828],[-111.686077,33.252979],[-111.685903,33.249979],[-111.686666,33.249302],[-111.697092,33.250229],[-111.698342,33.250979],[-111.698328,33.253964],[-111.699304,33.254017],[-111.699342,33.256781],[-111.701124,33.253979],[-111.701,33.252979],[-111.702517,33.252804],[-111.702931,33.257979],[-111.702141,33.258979],[-111.703003,33.259979],[-111.703342,33.263383],[-111.704342,33.25743],[-111.706557,33.257764],[-111.706131,33.259979],[-111.707159,33.261162],[-111.711706,33.260615],[-111.712157,33.261793],[-111.711342,33.263582],[-111.704183,33.263979],[-111.707342,33.264737],[-111.707645,33.264281],[-111.712342,33.264466],[-111.713361,33.26396],[-111.716485,33.266979],[-111.719342,33.268191],[-111.719844,33.269979],[-111.719374,33.272979],[-111.720342,33.275814]]],"type":"Polygon"}},{"type":"Feature","properties":{"station_id":"aid11","status":"mutual-aid","strategy":"all","band":"8min"},"geometry":{"coordinates":[[[-111.805074,33.392456],[-111.805346,33.39018],[-111.806862,33.388909],[-111.806611,33.387445],[-111.80988,33.386909],[-111.806442,33.386541],[-111.806714,33.384548],[-111.808295,33.383688],[-111.810074,33.384547],[-111.811074,33.382724],[-111.813074,33.38174],[-111.814074,33.384948],[-111.815196,33.383909],[-111.814926,33.382909],[-111.815988,33.379822],[-111.817414,33.379569],[-111.818074,33.379909],[-111.818098,33.380885],[-111.818952,33.381031],[-111.820074,33.379384],[-111.821074,33.380095],[-111.822074,33.379171],[-111.824177,33.378909],[-111.819669,33.377909],[-111.820958,33.371792],[-111.823325,33.372658],[-111.823237,33.374909],[-111.825074,33.377995],[-111.825757,33.372591],[-111.827169,33.370909],[-111.825817,33.368651],[-111.827518,33.368909],[-111.827775,33.365609],[-111.828397,33.365586],[-111.829074,33.366949],[-111.829742,33.365577],[-111.83251,33.364473],[-111.835074,33.367863],[-111.836137,33.364971],[-111.838074,33.364464],[-111.839074,33.364826],[-111.840204,33.363909],[-111.834074,33.362693],[-111.833074,33.361252],[-111.832074,33.363446],[-111.831074,33.362043],[-111.828681,33.361302],[-111.82776,33.360223],[-111.827366,33.357909],[-111.829334,33.357168],[-111.830074,33.355581],[-111.831074,33.355885],[-111.832074,33.354981],[-111.833016,33.354967],[-111.83324,33.355743],[-111.834034,33.355949],[-111.839074,33.355459],[-111.841439,33.356544],[-111.841074,33.357563],[-111.839024,33.357909],[-111.840962,33.359021],[-111.840769,33.360603],[-111.840164,33.360909],[-111.842074,33.364326],[-111.842404,33.361238],[-111.844025,33.358909],[-111.843372,33.357909],[-111.845074,33.356021],[-111.846074,33.351131],[-111.847063,33.351909],[-111.847074,33.353282],[-111.85041,33.355244],[-111.851538,33.354909],[-111.850351,33.351909],[-111.85123,33.351064],[-111.858438,33.349909],[-111.856074,33.349097],[-111.85373,33.349253],[-111.851977,33.346909],[-111.850074,33.345621],[-111.849468,33.346909],[-111.849854,33.347909],[-111.849074,33.348147],[-111.848769,33.346909],[-111.846968,33.345802],[-111.85284,33.343674],[-111.854074,33.344597],[-111.855074,33.34348],[-111.856074,33.343842],[-111.859074,33.34322],[-111.860074,33.342062],[-111.862521,33.341909],[-111.860132,33.340909],[-111.860894,33.339728],[-111.861889,33.339723],[-111.863074,33.337428],[-111.864074,33.338053],[-111.864884,33.336718],[-111.866074,33.336842],[-111.867074,33.338935],[-111.867733,33.335567],[-111.869407,33.335576],[-111.870074,33.336269],[-111.871074,33.335448],[-111.873557,33.334909],[-111.868074,33.334558],[-111.866074,33.332658],[-111.864119,33.333953],[-111.863027,33.333956],[-111.863486,33.33332],[-111.863074,33.331875],[-111.86159,33.330909],[-111.864028,33.328909],[-111.861074,33.328301],[-111.860541,33.329375],[-111.859667,33.329316],[-111.859074,33.324484],[-111.858074,33.327867],[-111.855058,33.326925],[-111.851074,33.326754],[-111.850587,33.324421],[-111.853081,33.323909],[-111.850074,33.32321],[-111.849074,33.324777],[-111.845889,33.322909],[-111.846828,33.321663],[-111.850074,33.321851],[-111.852665,33.320909],[-111.848074,33.319175],[-111.846074,33.319485],[-111.845074,33.318004],[-111.843701,33.318282],[-111.843835,33.315909],[-111.842756,33.315227],[-111.842416,33.313567],[-111.841074,33.31215],[-111.840027,33.314861],[-111.840259,33.316093],[-111.839503,33.316909],[-111.840346,33.317637],[-111.840336,33.31917],[-111.839074,33.318816],[-111.837074,33.319331],[-111.836074,33.318564],[-111.833742,33.318241],[-111.834074,33.317318],[-111.836378,33.317212],[-111.835989,33.314909],[-111.838489,33.313909],[-111.838074,33.312735],[-111.836471,33.312512],[-111.834134,33.310909],[-111.836666,33.309909],[-111.833613,33.308909],[-111.834074,33.307577],[-111.837645,33.305909],[-111.833768,33.305215],[-111.833074,33.303476],[-111.832074,33.305048],[-111.827074,33.303689],[-111.824706,33.302277],[-111.825327,33.300909],[-111.824858,33.299692],[-111.827298,33.298909],[-111.824823,33.29816],[-111.825207,33.296909],[-111.824074,33.295346],[-111.823889,33.297909],[-111.823074,33.298888],[-111.820425,33.298558],[-111.818074,33.296793],[-111.817065,33.297909],[-111.814074,33.298296],[-111.812151,33.297909],[-111.812075,33.296909],[-111.811184,33.296799],[-111.810873,33.297707],[-111.809074,33.298681],[-111.807867,33.298116],[-111.807758,33.296909],[-111.809284,33.295118],[-111.810324,33.291909],[-111.809074,33.292455],[-111.807074,33.291261],[-111.805502,33.294336],[-111.801504,33.296909],[-111.802074,33.297672],[-111.804074,33.297483],[-111.804366,33.2982],[-111.802074,33.298281],[-111.801074,33.299918],[-111.79905,33.297884],[-111.79737,33.302204],[-111.796664,33.302319],[-111.795288,33.300909],[-111.79618,33.299803],[-111.795074,33.29959],[-111.79363,33.297909],[-111.794074,33.296903],[-111.791731,33.296252],[-111.790781,33.292615],[-111.793459,33.292524],[-111.794074,33.294544],[-111.794307,33.292909],[-111.795074,33.292204],[-111.798074,33.293033],[-111.801602,33.291909],[-111.798074,33.291094],[-111.797074,33.291387],[-111.796074,33.290696],[-111.795074,33.291668],[-111.794236,33.290909],[-111.794639,33.289909],[-111.794074,33.289636],[-111.793699,33.290533],[-111.792074,33.290903],[-111.791332,33.287167],[-111.793556,33.285909],[-111.790918,33.285065],[-111.790074,33.281987],[-111.789451,33.285285],[-111.787031,33.285952],[-111.787074,33.286567],[-111.787244,33.286078],[-111.788487,33.286496],[-111.789074,33.288235],[-111.788074,33.288909],[-111.786074,33.28781],[-111.784107,33.290941],[-111.779056,33.291909],[-111.784074,33.29263],[-111.784785,33.293909],[-111.784008,33.295909],[-111.784889,33.296909],[-111.784574,33.297909],[-111.781936,33.298909],[-111.783521,33.299909],[-111.781819,33.301653],[-111.781521,33.304355],[-111.776641,33.305342],[-111.773537,33.304446],[-111.773647,33.299909],[-111.774335,33.298909],[-111.773224,33.298759],[-111.773074,33.297515],[-111.771829,33.298909],[-111.772778,33.299909],[-111.771261,33.302909],[-111.771833,33.303909],[-111.771074,33.30582],[-111.769074,33.304532],[-111.768074,33.306299],[-111.766074,33.305371],[-111.765678,33.306512],[-111.763125,33.306909],[-111.766074,33.30764],[-111.767074,33.307367],[-111.770074,33.308594],[-111.770255,33.310909],[-111.769074,33.310926],[-111.768705,33.312909],[-111.768885,33.314098],[-111.770074,33.314188],[-111.770375,33.315209],[-111.768074,33.315677],[-111.767074,33.315055],[-111.766074,33.31674],[-111.764695,33.316529],[-111.763283,33.317117],[-111.762074,33.31593],[-111.760474,33.316909],[-111.759924,33.318059],[-111.758074,33.317633],[-111.757373,33.314909],[-111.758846,33.313909],[-111.75742,33.313563],[-111.757074,33.311279],[-111.756723,33.315909],[-111.755838,33.316672],[-111.755453,33.318287],[-111.753448,33.320282],[-111.752074,33.320451],[-111.751333,33.319909],[-111.751255,33.318089],[-111.751791,33.317909],[-111.751074,33.317283],[-111.749074,33.320162],[-111.747074,33.319941],[-111.743398,33.320909],[-111.746428,33.321555],[-111.748074,33.322696],[-111.74902,33.321854],[-111.751074,33.321336],[-111.753888,33.321909],[-111.75449,33.323909],[-111.753327,33.324909],[-111.754347,33.325909],[-111.754867,33.327909],[-111.754326,33.33016],[-111.753074,33.329191],[-111.750646,33.329909],[-111.751129,33.330909],[-111.753504,33.331909],[-111.753269,33.335103],[-111.748074,33.335245],[-111.747074,33.333287],[-111.746074,33.332806],[-111.745728,33.333909],[-111.743982,33.334001],[-111.743074,33.332703],[-111.739812,33.335171],[-111.740354,33.332909],[-111.738907,33.331076],[-111.739496,33.329909],[-111.738074,33.3279],[-111.737089,33.330909],[-111.737746,33.331909],[-111.737429,33.335263],[-111.735635,33.335348],[-111.735074,33.333713],[-111.732513,33.335347],[-111.731044,33.334878],[-111.728775,33.335909],[-111.733074,33.337109],[-111.735074,33.336464],[-111.736074,33.337285],[-111.737074,33.337046],[-111.73771,33.337909],[-111.738074,33.342773],[-111.73874,33.339574],[-111.741001,33.338909],[-111.738619,33.338364],[-111.739074,33.337123],[-111.741074,33.337072],[-111.741996,33.337909],[-111.741199,33.338909],[-111.742281,33.339702],[-111.745903,33.338909],[-111.747074,33.338108],[-111.747373,33.336909],[-111.748319,33.336664],[-111.748673,33.339507],[-111.747082,33.341917],[-111.746074,33.341432],[-111.744074,33.342519],[-111.743074,33.342003],[-111.741562,33.342909],[-111.743692,33.343291],[-111.744074,33.344166],[-111.745074,33.34323],[-111.751702,33.343281],[-111.752074,33.347445],[-111.753758,33.347909],[-111.753074,33.348865],[-111.752074,33.348342],[-111.751074,33.349252],[-111.750074,33.348849],[-111.746063,33.349909],[-111.749074,33.350491],[-111.750074,33.351509],[-111.751394,33.350589],[-111.75316,33.351909],[-111.755074,33.352434],[-111.755043,33.355909],[-111.756074,33.357038],[-111.757074,33.352945],[-111.759853,33.351909],[-111.760307,33.350909],[-111.761074,33.350703],[-111.762545,33.350909],[-111.760611,33.351445],[-111.759828,33.352662],[-111.761441,33.354909],[-111.761074,33.356504],[-111.764023,33.355909],[-111.762748,33.354909],[-111.764074,33.352756],[-111.765074,33.354152],[-111.766218,33.353909],[-111.765648,33.355909],[-111.767074,33.356154],[-111.768074,33.355429],[-111.768833,33.35715],[-111.772318,33.357665],[-111.772074,33.359318],[-111.771074,33.35836],[-111.770074,33.358383],[-111.769074,33.359422],[-111.767648,33.359482],[-111.766074,33.360534],[-111.762132,33.360909],[-111.765074,33.361622],[-111.766074,33.361244],[-111.768074,33.362634],[-111.769448,33.361909],[-111.769034,33.360868],[-111.770121,33.360862],[-111.771074,33.361728],[-111.772074,33.361314],[-111.772535,33.362909],[-111.772074,33.363699],[-111.771074,33.363025],[-111.769852,33.363686],[-111.768074,33.363294],[-111.767074,33.364409],[-111.763856,33.364909],[-111.767074,33.3658],[-111.769074,33.365402],[-111.772074,33.366877],[-111.771612,33.367909],[-111.773761,33.370909],[-111.773508,33.371909],[-111.774074,33.372466],[-111.774721,33.369909],[-111.773433,33.367909],[-111.77374,33.365574],[-111.777551,33.367432],[-111.778074,33.368347],[-111.779074,33.36704],[-111.780074,33.366906],[-111.780427,33.368261],[-111.778437,33.368909],[-111.778781,33.370909],[-111.775994,33.371909],[-111.780074,33.373186],[-111.780616,33.37245],[-111.78147,33.372513],[-111.781351,33.374909],[-111.782074,33.375453],[-111.783275,33.374909],[-111.783074,33.37354],[-111.786074,33.374877],[-111.787074,33.37386],[-111.788074,33.37485],[-111.786786,33.37562],[-111.786074,33.377461],[-111.782889,33.378094],[-111.782074,33.377108],[-111.781654,33.378488],[-111.779504,33.378909],[-111.783021,33.379962],[-111.784074,33.379418],[-111.78636,33.379623],[-111.786322,33.381909],[-111.787389,33.382909],[-111.788074,33.385987],[-111.788613,33.382909],[-111.79006,33.381909],[-111.789055,33.380909],[-111.789912,33.379746],[-111.793074,33.379587],[-111.794783,33.3802],[-111.796123,33.37986],[-111.796254,33.381909],[-111.797074,33.383183],[-111.798057,33.379891],[-111.800846,33.38068],[-111.802223,33.37976],[-111.802877,33.380909],[-111.802681,33.382909],[-111.803766,33.384909],[-111.800219,33.385909],[-111.804333,33.38665],[-111.804079,33.388909],[-111.805074,33.392456]]],"type":"Polygon"}},{"type":"Feature","properties":{"station_id":"aid11","status":"mutual-aid","strategy":"all","band":"4min"},"geometry":{"coordinates":[[[-111.807074,33.361766],[-111.808017,33.359909],[-111.807386,33.357909],[-111.809074,33.355602],[-111.810069,33.350909],[-111.812074,33.351851],[-111.814074,33.354182],[-111.814618,33.351452],[-111.8156,33.350434],[-111.818074,33.350573],[-111.820271,33.349909],[-111.815611,33.349372],[-111.813909,33.346743],[-111.816074,33.345981],[-111.817725,33.347909],[-111.819297,33.347909],[-111.818288,33.347695],[-111.81778,33.345909],[-111.819074,33.344912],[-111.819651,33.342485],[-111.82061,33.342373],[-111.821074,33.342909],[-111.822074,33.34574],[-111.822506,33.34434],[-111.823688,33.344295],[-111.824074,33.34518],[-111.824417,33.342251],[-111.825047,33.341909],[-111.824711,33.340909],[-111.82578,33.339909],[-111.825136,33.337909],[-111.825925,33.336759],[-111.828074,33.33676],[-111.829074,33.33533],[-111.830074,33.337158],[-111.831074,33.335828],[-111.832074,33.336689],[-111.833074,33.33565],[-111.835074,33.336034],[-111.83618,33.334909],[-111.830074,33.333753],[-111.827849,33.334134],[-111.827074,33.332234],[-111.824494,33.330909],[-111.824666,33.3295],[-111.825797,33.328909],[-111.82519,33.327909],[-111.824288,33.327695],[-111.824074,33.326621],[-111.823074,33.330733],[-111.820973,33.33001],[-111.820074,33.327967],[-111.818074,33.329273],[-111.816807,33.329176],[-111.816124,33.327859],[-111.815074,33.328555],[-111.810337,33.327909],[-111.81188,33.326714],[-111.813074,33.327114],[-111.814818,33.325652],[-111.816165,33.325909],[-111.818314,33.324909],[-111.818074,33.323938],[-111.817074,33.324184],[-111.816074,33.323237],[-111.814569,33.322909],[-111.814937,33.321909],[-111.818093,33.320909],[-111.813766,33.320217],[-111.813645,33.319479],[-111.814702,33.318909],[-111.814074,33.318546],[-111.812834,33.318668],[-111.812074,33.320263],[-111.810698,33.320285],[-111.809413,33.31957],[-111.80822,33.317763],[-111.808423,33.31656],[-111.807454,33.314909],[-111.807915,33.312909],[-111.807074,33.311143],[-111.805806,33.315909],[-111.804679,33.316909],[-111.80571,33.317909],[-111.805189,33.319023],[-111.803543,33.319909],[-111.80383,33.322909],[-111.800565,33.324909],[-111.801648,33.326335],[-111.80137,33.327204],[-111.797609,33.327443],[-111.796074,33.329837],[-111.794629,33.328909],[-111.794631,33.327909],[-111.797206,33.327041],[-111.795949,33.326034],[-111.79602,33.323963],[-111.795144,33.321978],[-111.796663,33.320909],[-111.795074,33.320289],[-111.793074,33.320607],[-111.792167,33.319816],[-111.791167,33.319816],[-111.790074,33.315233],[-111.788485,33.318909],[-111.78918,33.319909],[-111.788654,33.320489],[-111.784599,33.320909],[-111.787661,33.321909],[-111.787099,33.323909],[-111.788454,33.325909],[-111.788074,33.326387],[-111.786074,33.327177],[-111.784074,33.325091],[-111.779336,33.326909],[-111.782074,33.327375],[-111.782513,33.328347],[-111.780074,33.330673],[-111.774207,33.331909],[-111.774939,33.332044],[-111.774939,33.333909],[-111.776147,33.334909],[-111.773747,33.335236],[-111.773383,33.332217],[-111.774002,33.331909],[-111.773074,33.33104],[-111.772034,33.333909],[-111.770625,33.33546],[-111.767515,33.335909],[-111.772115,33.336868],[-111.773074,33.339176],[-111.773389,33.336909],[-111.77459,33.336424],[-111.776509,33.336909],[-111.775531,33.337909],[-111.778074,33.338655],[-111.780074,33.338564],[-111.782074,33.339242],[-111.783074,33.338218],[-111.784468,33.338515],[-111.785761,33.339909],[-111.784057,33.340891],[-111.784236,33.341909],[-111.786682,33.342909],[-111.785161,33.343909],[-111.786504,33.344909],[-111.786074,33.346661],[-111.787074,33.3486],[-111.788074,33.348198],[-111.788685,33.348909],[-111.788074,33.349649],[-111.787074,33.349119],[-111.784464,33.349909],[-111.788037,33.350946],[-111.789753,33.352909],[-111.789042,33.353909],[-111.790074,33.354519],[-111.791074,33.351248],[-111.793075,33.349909],[-111.797462,33.350521],[-111.798074,33.352793],[-111.798885,33.35072],[-111.801074,33.352237],[-111.801687,33.350521],[-111.802474,33.350509],[-111.803615,33.352909],[-111.805481,33.353502],[-111.806494,33.355489],[-111.806419,33.357253],[-111.80506,33.357909],[-111.807074,33.361766]]],"type":"Polygon"}},{"type":"Feature","properties":{"station_id":"aid12","status":"mutual-aid","strategy":"all","band":"8min"},"geometry":{"coordinates":[[[-111.787764,33.378067],[-111.788764,33.378313],[-111.790368,33.374236],[-111.792418,33.372286],[-111.793764,33.372682],[-111.795906,33.371633],[-111.792207,33.370633],[-111.793582,33.369633],[-111.793312,33.368633],[-111.792149,33.368248],[-111.792237,33.367105],[-111.793764,33.367517],[-111.796779,33.365618],[-111.798045,33.366633],[-111.797699,33.367633],[-111.798764,33.36892],[-111.799331,33.365199],[-111.802764,33.365369],[-111.80558,33.364633],[-111.802764,33.363934],[-111.801764,33.362981],[-111.800755,33.363642],[-111.798764,33.360407],[-111.797465,33.360932],[-111.796842,33.359555],[-111.794604,33.358793],[-111.793413,33.356633],[-111.795178,33.356046],[-111.795218,33.355179],[-111.7944,33.354633],[-111.795462,33.35333],[-111.797033,33.353364],[-111.796333,33.356633],[-111.798764,33.359441],[-111.799715,33.358583],[-111.799525,33.354393],[-111.801142,33.35401],[-111.801764,33.353185],[-111.803764,33.353018],[-111.804488,33.353909],[-111.806089,33.354308],[-111.806189,33.357057],[-111.804224,33.358633],[-111.806155,33.359242],[-111.806764,33.363388],[-111.808649,33.359633],[-111.807433,33.358964],[-111.80721,33.357633],[-111.809764,33.355992],[-111.810468,33.350336],[-111.811406,33.350633],[-111.812113,33.353633],[-111.814764,33.35532],[-111.815579,33.354633],[-111.814405,33.353992],[-111.814451,33.352319],[-111.816585,33.350453],[-111.818764,33.351522],[-111.820764,33.350216],[-111.823248,33.349633],[-111.82017,33.348633],[-111.82016,33.347633],[-111.819086,33.346633],[-111.819136,33.344633],[-111.820523,33.343633],[-111.81933,33.343067],[-111.819398,33.342266],[-111.820205,33.342192],[-111.821056,33.343633],[-111.822252,33.344145],[-111.822403,33.345271],[-111.821551,33.345633],[-111.822313,33.346633],[-111.823764,33.34552],[-111.824764,33.346569],[-111.824281,33.342633],[-111.825305,33.341633],[-111.824872,33.340633],[-111.826068,33.339633],[-111.82641,33.336633],[-111.830764,33.33771],[-111.833764,33.336047],[-111.835764,33.336871],[-111.835974,33.335842],[-111.838032,33.335633],[-111.834764,33.33443],[-111.831764,33.334901],[-111.830764,33.33341],[-111.828602,33.334633],[-111.827317,33.331633],[-111.825599,33.330798],[-111.826427,33.329633],[-111.82482,33.325688],[-111.82733,33.322633],[-111.825322,33.321633],[-111.828087,33.32131],[-111.828066,33.322633],[-111.828764,33.32337],[-111.829764,33.321611],[-111.832184,33.321213],[-111.832764,33.322596],[-111.833107,33.320975],[-111.835545,33.320633],[-111.833148,33.320249],[-111.832764,33.319507],[-111.832158,33.320027],[-111.83041,33.319987],[-111.828764,33.318339],[-111.828402,33.31927],[-111.826582,33.319633],[-111.82459,33.317633],[-111.825908,33.314489],[-111.823764,33.311403],[-111.822925,33.312793],[-111.823466,33.314633],[-111.822764,33.3171],[-111.820975,33.315633],[-111.819764,33.315492],[-111.819389,33.312257],[-111.820764,33.311889],[-111.821764,33.312769],[-111.822526,33.312633],[-111.820065,33.307933],[-111.821328,33.306633],[-111.819764,33.305957],[-111.816764,33.306301],[-111.815764,33.304665],[-111.814198,33.306066],[-111.812561,33.305836],[-111.812764,33.30408],[-111.811764,33.304276],[-111.811097,33.303633],[-111.811764,33.30286],[-111.813552,33.302633],[-111.811764,33.301687],[-111.808806,33.303633],[-111.809564,33.303833],[-111.809264,33.305132],[-111.808385,33.305012],[-111.80751,33.303633],[-111.808512,33.30338],[-111.808491,33.302633],[-111.807211,33.301633],[-111.808075,33.298633],[-111.806994,33.297633],[-111.806764,33.295251],[-111.806102,33.29897],[-111.803353,33.299044],[-111.802331,33.298633],[-111.802013,33.297633],[-111.800764,33.298105],[-111.798626,33.297494],[-111.797764,33.300419],[-111.796764,33.299358],[-111.794468,33.298929],[-111.794505,33.296633],[-111.793764,33.295786],[-111.793145,33.297013],[-111.791514,33.296883],[-111.791417,33.295633],[-111.790432,33.294633],[-111.790764,33.292232],[-111.793073,33.292324],[-111.793764,33.295534],[-111.79478,33.294648],[-111.794235,33.292633],[-111.794764,33.292133],[-111.796916,33.292481],[-111.797764,33.29418],[-111.798148,33.293016],[-111.801764,33.292045],[-111.802764,33.292853],[-111.803146,33.292014],[-111.805306,33.291633],[-111.802764,33.291031],[-111.800764,33.291263],[-111.798764,33.290296],[-111.797331,33.290633],[-111.795764,33.289721],[-111.794764,33.290353],[-111.793764,33.288585],[-111.79271,33.290633],[-111.791843,33.287633],[-111.793764,33.286568],[-111.793949,33.284817],[-111.794759,33.284633],[-111.793764,33.284285],[-111.791764,33.285093],[-111.79109,33.284633],[-111.792686,33.283633],[-111.790121,33.283276],[-111.790414,33.280633],[-111.789764,33.279],[-111.789291,33.282159],[-111.788091,33.282633],[-111.78922,33.283177],[-111.788964,33.284832],[-111.787764,33.284878],[-111.785764,33.287125],[-111.784764,33.286615],[-111.785108,33.290976],[-111.784367,33.29103],[-111.783764,33.290305],[-111.778764,33.291374],[-111.777764,33.290911],[-111.776764,33.291504],[-111.774764,33.291191],[-111.771747,33.296633],[-111.77211,33.297978],[-111.769712,33.29858],[-111.769442,33.299955],[-111.77013,33.300633],[-111.765082,33.305951],[-111.761722,33.305675],[-111.760764,33.304599],[-111.759764,33.305659],[-111.756498,33.305899],[-111.755764,33.305383],[-111.755439,33.306307],[-111.754335,33.306633],[-111.754678,33.308633],[-111.753433,33.309964],[-111.753764,33.310694],[-111.754764,33.309985],[-111.756157,33.31124],[-111.756282,33.313633],[-111.757212,33.314633],[-111.755353,33.317221],[-111.755021,33.318889],[-111.753007,33.320875],[-111.751502,33.320895],[-111.751315,33.319633],[-111.75296,33.318828],[-111.753085,33.316953],[-111.753654,33.316633],[-111.753434,33.315633],[-111.752205,33.314633],[-111.753075,33.313633],[-111.752764,33.312379],[-111.750901,33.313633],[-111.749764,33.315421],[-111.749278,33.318146],[-111.747764,33.318719],[-111.746608,33.317633],[-111.745764,33.320495],[-111.744764,33.318117],[-111.743764,33.319474],[-111.743046,33.318633],[-111.744311,33.317633],[-111.743764,33.315164],[-111.742703,33.315571],[-111.742456,33.319325],[-111.740251,33.321119],[-111.735569,33.321633],[-111.741216,33.322181],[-111.741357,33.323225],[-111.739695,33.324702],[-111.740837,33.324706],[-111.741073,33.323941],[-111.743764,33.322159],[-111.745764,33.323252],[-111.746396,33.322264],[-111.747764,33.322189],[-111.748188,33.323056],[-111.747312,33.323633],[-111.748764,33.32523],[-111.750282,33.32315],[-111.751616,33.322781],[-111.75218,33.323633],[-111.75034,33.324633],[-111.751764,33.325571],[-111.752764,33.325038],[-111.754262,33.326633],[-111.754014,33.327882],[-111.751018,33.329633],[-111.751764,33.331045],[-111.753355,33.331633],[-111.752983,33.334851],[-111.747764,33.335011],[-111.746764,33.333692],[-111.745889,33.334633],[-111.744764,33.334825],[-111.743126,33.334633],[-111.741877,33.33352],[-111.74015,33.334247],[-111.739329,33.333633],[-111.738764,33.3303],[-111.73821,33.335078],[-111.735764,33.33535],[-111.734764,33.334575],[-111.733543,33.335411],[-111.731744,33.335633],[-111.734764,33.335868],[-111.735764,33.336746],[-111.736944,33.336453],[-111.737611,33.337786],[-111.738394,33.338003],[-111.738764,33.340159],[-111.739312,33.338633],[-111.738634,33.336502],[-111.739372,33.337025],[-111.742764,33.336828],[-111.743397,33.337633],[-111.74276,33.338637],[-111.743434,33.338963],[-111.745003,33.338633],[-111.748036,33.336361],[-111.749622,33.340633],[-111.743856,33.342633],[-111.744764,33.343145],[-111.751367,33.34303],[-111.751931,33.344466],[-111.753357,33.345633],[-111.752208,33.346633],[-111.754177,33.34822],[-111.754618,33.349779],[-111.757764,33.351086],[-111.763764,33.351315],[-111.76401,33.352633],[-111.764973,33.352633],[-111.765763,33.351631],[-111.766913,33.352484],[-111.769111,33.356633],[-111.771764,33.357134],[-111.772188,33.358633],[-111.771764,33.359125],[-111.770452,33.35832],[-111.767295,33.360163],[-111.764846,33.360633],[-111.766764,33.360893],[-111.767837,33.361705],[-111.768764,33.361568],[-111.769764,33.360416],[-111.771764,33.361483],[-111.772585,33.364453],[-111.771682,33.365633],[-111.773399,33.366633],[-111.773476,33.368344],[-111.77262,33.368633],[-111.773764,33.369809],[-111.774764,33.364878],[-111.777764,33.366101],[-111.780045,33.365352],[-111.781764,33.370163],[-111.783849,33.367633],[-111.782293,33.367104],[-111.782349,33.366217],[-111.784764,33.365575],[-111.785549,33.366848],[-111.787793,33.366604],[-111.78816,33.368029],[-111.78716,33.370633],[-111.785764,33.370444],[-111.783253,33.371633],[-111.784764,33.371912],[-111.785764,33.372927],[-111.787764,33.372007],[-111.788533,33.372633],[-111.789054,33.374633],[-111.788186,33.375633],[-111.787764,33.378067]]],"type":"Polygon"}},{"type":"Feature","properties":{"station_id":"aid12","status":"mutual-aid","strategy":"all","band":"4min"},"geometry":{"coordinates":[[[-111.789764,33.346367],[-111.791327,33.342633],[-111.790764,33.341357],[-111.791764,33.340759],[-111.794024,33.340633],[-111.793329,33.339633],[-111.793747,33.338615],[-111.796505,33.337633],[-111.795478,33.336633],[-111.801012,33.335633],[-111.799061,33.335336],[-111.798764,33.334635],[-111.795764,33.334778],[-111.794453,33.333944],[-111.791499,33.334633],[-111.7924,33.332268],[-111.795041,33.330909],[-111.796063,33.329633],[-111.79446,33.328633],[-111.796814,33.327633],[-111.797689,33.324633],[-111.795847,33.321633],[-111.796764,33.321103],[-111.798764,33.321831],[-111.800665,33.320633],[-111.796417,33.31998],[-111.795764,33.318153],[-111.793968,33.319836],[-111.792484,33.319913],[-111.792192,33.317633],[-111.791188,33.316633],[-111.792535,33.315633],[-111.790803,33.314633],[-111.789764,33.311849],[-111.789524,33.314633],[-111.788475,33.315633],[-111.789417,33.316633],[-111.787091,33.318633],[-111.788272,33.319125],[-111.788182,33.32005],[-111.786292,33.320105],[-111.785764,33.319187],[-111.784764,33.320352],[-111.780479,33.320633],[-111.783258,33.321633],[-111.782472,33.32234],[-111.782479,33.323633],[-111.779963,33.324434],[-111.777764,33.324157],[-111.776764,33.325156],[-111.776152,33.324633],[-111.776465,33.323633],[-111.773884,33.323633],[-111.772764,33.322302],[-111.77241,33.324278],[-111.770016,33.325633],[-111.772146,33.326251],[-111.772764,33.327566],[-111.774351,33.326633],[-111.775481,33.326916],[-111.777222,33.328633],[-111.777322,33.329633],[-111.776213,33.330633],[-111.774428,33.330969],[-111.773359,33.330038],[-111.772764,33.327733],[-111.772037,33.330905],[-111.770764,33.330317],[-111.769898,33.330633],[-111.770561,33.330836],[-111.770764,33.332398],[-111.772318,33.333633],[-111.77211,33.334978],[-111.770403,33.335633],[-111.772764,33.336627],[-111.774167,33.336035],[-111.776764,33.336277],[-111.777194,33.336633],[-111.7766,33.337633],[-111.777764,33.338283],[-111.779764,33.337612],[-111.781147,33.338633],[-111.783764,33.336788],[-111.784764,33.338129],[-111.786451,33.33632],[-111.788066,33.336331],[-111.788195,33.337063],[-111.786842,33.338633],[-111.788328,33.339633],[-111.787776,33.341633],[-111.788758,33.342633],[-111.789764,33.346367]]],"type":"Polygon"}},{"type":"Feature","properties":{"station_id":"aid13","status":"mutual-aid","strategy":"all","band":"8min"},"geometry":{"coordinates":[[[-111.561639,33.466229],[-111.568249,33.466043],[-111.564892,33.46579],[-111.564371,33.465311],[-111.565771,33.464043],[-111.565121,33.463043],[-111.56595,33.462043],[-111.564206,33.461043],[-111.566639,33.459675],[-111.567639,33.459977],[-111.569412,33.459043],[-111.568218,33.458043],[-111.568858,33.456043],[-111.568109,33.455043],[-111.568446,33.453849],[-111.569639,33.454186],[-111.570639,33.453607],[-111.570457,33.455043],[-111.571639,33.456289],[-111.573394,33.453797],[-111.574639,33.454198],[-111.575362,33.453043],[-111.573639,33.452727],[-111.573192,33.452043],[-111.574639,33.451599],[-111.575813,33.452869],[-111.57936,33.453043],[-111.580639,33.455452],[-111.581148,33.446043],[-111.58262,33.445043],[-111.581207,33.444043],[-111.581273,33.441043],[-111.583396,33.437799],[-111.596639,33.437283],[-111.598227,33.43763],[-111.598962,33.437043],[-111.598442,33.434845],[-111.599639,33.434601],[-111.600639,33.435325],[-111.603238,33.434043],[-111.602297,33.433043],[-111.602296,33.431699],[-111.603639,33.43059],[-111.604639,33.43088],[-111.605772,33.430043],[-111.604776,33.429043],[-111.605401,33.428043],[-111.603268,33.427414],[-111.603639,33.426599],[-111.606785,33.426897],[-111.607475,33.429207],[-111.608046,33.429043],[-111.608639,33.426517],[-111.609639,33.429036],[-111.610639,33.426485],[-111.611639,33.428294],[-111.612103,33.427506],[-111.613557,33.427125],[-111.613985,33.429043],[-111.612557,33.430043],[-111.614887,33.431043],[-111.614098,33.432043],[-111.615128,33.432554],[-111.615285,33.433688],[-111.614344,33.434043],[-111.615339,33.434343],[-111.615639,33.435879],[-111.616763,33.431166],[-111.6178,33.430043],[-111.616543,33.428139],[-111.616626,33.427029],[-111.617639,33.427315],[-111.618857,33.426261],[-111.622639,33.425156],[-111.624639,33.423172],[-111.625639,33.423057],[-111.626639,33.423863],[-111.627639,33.422286],[-111.6307,33.422043],[-111.622485,33.421197],[-111.619908,33.419774],[-111.619639,33.41894],[-111.617225,33.418457],[-111.617276,33.415679],[-111.619529,33.416153],[-111.620889,33.415043],[-111.616178,33.414504],[-111.615639,33.411987],[-111.615367,33.41377],[-111.614009,33.414412],[-111.612174,33.414043],[-111.610639,33.412506],[-111.609923,33.414043],[-111.608322,33.41436],[-111.606639,33.412109],[-111.606048,33.414043],[-111.605478,33.414204],[-111.604477,33.413043],[-111.60466,33.411043],[-111.603967,33.40937],[-111.605639,33.408289],[-111.608094,33.408043],[-111.604639,33.407771],[-111.603639,33.406384],[-111.601639,33.406119],[-111.600131,33.405043],[-111.600394,33.404043],[-111.598143,33.401539],[-111.597639,33.398708],[-111.597282,33.401685],[-111.595679,33.404043],[-111.595639,33.405239],[-111.594456,33.405226],[-111.593639,33.403617],[-111.592639,33.40413],[-111.589639,33.401372],[-111.589304,33.403707],[-111.588639,33.403951],[-111.58331,33.403043],[-111.585061,33.401464],[-111.588379,33.401043],[-111.58549,33.398192],[-111.582639,33.398547],[-111.581333,33.398043],[-111.583507,33.397043],[-111.58228,33.396402],[-111.581338,33.393741],[-111.587639,33.393174],[-111.590639,33.393462],[-111.591639,33.394062],[-111.593315,33.393043],[-111.581331,33.392351],[-111.581141,33.387544],[-111.583022,33.387043],[-111.580816,33.386866],[-111.580639,33.38386],[-111.580463,33.386866],[-111.579639,33.386998],[-111.566639,33.386655],[-111.564811,33.386043],[-111.566228,33.384043],[-111.566053,33.383629],[-111.564639,33.383701],[-111.564298,33.382701],[-111.565993,33.382689],[-111.566639,33.383677],[-111.567639,33.382602],[-111.56959,33.382043],[-111.565605,33.381077],[-111.56542,33.379823],[-111.578752,33.379043],[-111.564337,33.378345],[-111.564052,33.37263],[-111.562639,33.368335],[-111.562944,33.378347],[-111.562282,33.3784],[-111.561639,33.377336],[-111.560639,33.378578],[-111.551273,33.379043],[-111.560639,33.379165],[-111.562988,33.379694],[-111.562397,33.3828],[-111.560743,33.382939],[-111.560639,33.382557],[-111.560179,33.383043],[-111.561112,33.384043],[-111.56036,33.385043],[-111.557514,33.385917],[-111.547639,33.386188],[-111.547126,33.381043],[-111.546093,33.380043],[-111.546238,33.379043],[-111.545639,33.378635],[-111.541639,33.378872],[-111.54032,33.379043],[-111.545039,33.379643],[-111.546121,33.383043],[-111.543635,33.384038],[-111.54474,33.385143],[-111.539762,33.386043],[-111.544639,33.386471],[-111.545201,33.387043],[-111.544639,33.387645],[-111.542361,33.387764],[-111.539639,33.390785],[-111.538186,33.390496],[-111.537639,33.388892],[-111.533639,33.390929],[-111.532361,33.390321],[-111.531592,33.388043],[-111.532256,33.387043],[-111.529253,33.386429],[-111.529659,33.384043],[-111.528946,33.383736],[-111.528639,33.382262],[-111.528445,33.383848],[-111.526483,33.386043],[-111.527639,33.38617],[-111.528321,33.387043],[-111.526965,33.389043],[-111.52799,33.390043],[-111.527639,33.392222],[-111.520639,33.39303],[-111.517639,33.392236],[-111.516639,33.392679],[-111.515979,33.392043],[-111.516338,33.390043],[-111.515639,33.389084],[-111.514601,33.392043],[-111.512639,33.392539],[-111.512085,33.391488],[-111.51277,33.390043],[-111.511929,33.389753],[-111.511639,33.38821],[-111.511233,33.393043],[-111.514997,33.394685],[-111.514617,33.397043],[-111.515639,33.39806],[-111.517639,33.396695],[-111.519029,33.397653],[-111.518392,33.40029],[-111.519639,33.401751],[-111.520348,33.398751],[-111.522879,33.399803],[-111.522639,33.400914],[-111.520162,33.402043],[-111.522425,33.403043],[-111.52199,33.405393],[-111.521222,33.40546],[-111.521216,33.404043],[-111.519639,33.403389],[-111.518639,33.404673],[-111.51796,33.407363],[-111.516574,33.407108],[-111.515639,33.405514],[-111.514813,33.407217],[-111.513185,33.407497],[-111.512189,33.406043],[-111.512075,33.404043],[-111.512639,33.40333],[-111.513639,33.403845],[-111.513793,33.403196],[-111.511866,33.400043],[-111.511639,33.397478],[-111.511263,33.399666],[-111.510123,33.400043],[-111.511336,33.401043],[-111.510951,33.407354],[-111.507639,33.407612],[-111.506639,33.406585],[-111.503639,33.40776],[-111.499415,33.408043],[-111.501639,33.408282],[-111.502639,33.408993],[-111.503639,33.408325],[-111.51094,33.408742],[-111.510816,33.421219],[-111.503639,33.42136],[-111.5021,33.420043],[-111.502018,33.419043],[-111.500061,33.418621],[-111.499639,33.417971],[-111.499359,33.418763],[-111.497639,33.419577],[-111.496639,33.417552],[-111.495639,33.418195],[-111.49519,33.417492],[-111.495159,33.415562],[-111.496022,33.415043],[-111.49491,33.414043],[-111.494639,33.410648],[-111.494419,33.411822],[-111.493449,33.412043],[-111.493482,33.413885],[-111.492362,33.415043],[-111.493639,33.415277],[-111.494269,33.416043],[-111.493639,33.416686],[-111.491671,33.417043],[-111.491316,33.418043],[-111.492312,33.41837],[-111.492041,33.420043],[-111.493241,33.421043],[-111.492639,33.421546],[-111.490639,33.420886],[-111.489104,33.422043],[-111.490636,33.424046],[-111.492351,33.425043],[-111.491318,33.426043],[-111.49405,33.426632],[-111.494094,33.427497],[-111.492269,33.428043],[-111.493175,33.428507],[-111.493279,33.430043],[-111.494639,33.431173],[-111.495223,33.427043],[-111.496695,33.426043],[-111.495227,33.425455],[-111.495639,33.42439],[-111.497639,33.424354],[-111.4983,33.426043],[-111.499964,33.426718],[-111.500639,33.428134],[-111.501639,33.426233],[-111.502639,33.428848],[-111.503421,33.422824],[-111.510815,33.422867],[-111.510961,33.436043],[-111.508639,33.436442],[-111.508039,33.437043],[-111.508639,33.437643],[-111.517904,33.438043],[-111.513443,33.438846],[-111.512853,33.442256],[-111.511198,33.442601],[-111.509639,33.44441],[-111.504639,33.444963],[-111.501639,33.438354],[-111.501127,33.440043],[-111.502247,33.440435],[-111.502249,33.443043],[-111.501169,33.444043],[-111.501125,33.445043],[-111.502639,33.445425],[-111.502958,33.446361],[-111.500354,33.447757],[-111.498097,33.4505],[-111.496492,33.450896],[-111.496247,33.451651],[-111.49404,33.453043],[-111.496639,33.45279],[-111.501639,33.448515],[-111.502639,33.450668],[-111.504114,33.450043],[-111.503093,33.449589],[-111.503119,33.448043],[-111.504639,33.446599],[-111.507146,33.447043],[-111.506661,33.451043],[-111.507639,33.452039],[-111.508311,33.447714],[-111.511647,33.44705],[-111.510334,33.446348],[-111.510391,33.445794],[-111.512416,33.44382],[-111.514091,33.443494],[-111.516447,33.44085],[-111.517639,33.440765],[-111.518458,33.439861],[-111.519639,33.441617],[-111.520639,33.441766],[-111.520223,33.440043],[-111.521095,33.439498],[-111.521639,33.437799],[-111.526816,33.437866],[-111.525639,33.440589],[-111.527639,33.439651],[-111.528639,33.440942],[-111.530601,33.439043],[-111.529639,33.438657],[-111.529639,33.4378],[-111.534639,33.437756],[-111.534914,33.438317],[-111.53321,33.439043],[-111.533639,33.43953],[-111.535987,33.439695],[-111.536639,33.440682],[-111.539639,33.437805],[-111.544639,33.437834],[-111.544639,33.440387],[-111.542639,33.439315],[-111.541912,33.440043],[-111.544815,33.443218],[-111.541121,33.444043],[-111.544819,33.444863],[-111.544639,33.445371],[-111.541583,33.446099],[-111.542296,33.447386],[-111.544849,33.447833],[-111.544865,33.450268],[-111.53848,33.451043],[-111.539639,33.452248],[-111.541048,33.452634],[-111.541639,33.453879],[-111.542639,33.452888],[-111.54493,33.453752],[-111.544639,33.454724],[-111.542709,33.455043],[-111.54504,33.455642],[-111.54491,33.457043],[-111.545639,33.457886],[-111.547096,33.457043],[-111.547639,33.455632],[-111.551458,33.455043],[-111.551639,33.453577],[-111.552934,33.453748],[-111.553236,33.455043],[-111.55425,33.455432],[-111.554639,33.456352],[-111.555372,33.454775],[-111.556125,33.454557],[-111.55772,33.456043],[-111.557848,33.457043],[-111.5595,33.457182],[-111.559119,33.458522],[-111.557154,33.459043],[-111.559932,33.461043],[-111.558934,33.462043],[-111.5612,33.463482],[-111.561639,33.466229]]],"type":"Polygon"}},{"type":"Feature","properties":{"station_id":"aid13","status":"mutual-aid","strategy":"all","band":"4min"},"geometry":{"coordinates":[[[-111.563639,33.441615],[-111.564224,33.437627],[-111.568282,33.437043],[-111.565283,33.436399],[-111.565287,33.43569],[-111.566858,33.435043],[-111.56461,33.434043],[-111.568051,33.433043],[-111.56623,33.432452],[-111.565538,33.431043],[-111.566865,33.430817],[-111.567639,33.431401],[-111.569778,33.430181],[-111.569964,33.429718],[-111.568182,33.4295],[-111.568234,33.428637],[-111.569149,33.428533],[-111.570639,33.429526],[-111.571639,33.432514],[-111.572776,33.431179],[-111.575221,33.430043],[-111.574894,33.429043],[-111.57776,33.426163],[-111.578639,33.42585],[-111.580639,33.429755],[-111.582198,33.426043],[-111.585322,33.422725],[-111.586859,33.422823],[-111.587639,33.423735],[-111.588639,33.422296],[-111.589639,33.423477],[-111.592032,33.422043],[-111.588094,33.421588],[-111.584639,33.420052],[-111.582375,33.421307],[-111.581231,33.420043],[-111.582618,33.419043],[-111.581402,33.418043],[-111.580639,33.41496],[-111.575639,33.414676],[-111.574639,33.413916],[-111.573639,33.413975],[-111.571639,33.41205],[-111.57,33.413403],[-111.568639,33.412081],[-111.568097,33.4135],[-111.566281,33.413401],[-111.565913,33.410769],[-111.564639,33.412097],[-111.564184,33.409587],[-111.565576,33.409106],[-111.566629,33.410053],[-111.569639,33.408419],[-111.570639,33.408683],[-111.572289,33.408043],[-111.569639,33.407569],[-111.567639,33.406513],[-111.566639,33.406754],[-111.564639,33.405243],[-111.565274,33.404043],[-111.563639,33.400407],[-111.562616,33.402019],[-111.562888,33.403043],[-111.561958,33.404043],[-111.563337,33.404345],[-111.56335,33.406043],[-111.562051,33.407454],[-111.56118,33.407502],[-111.560639,33.406824],[-111.559639,33.407731],[-111.556639,33.407359],[-111.55484,33.408043],[-111.561089,33.409043],[-111.560036,33.410439],[-111.55726,33.411663],[-111.556639,33.413637],[-111.553639,33.413977],[-111.552226,33.413456],[-111.551639,33.408577],[-111.550531,33.409934],[-111.550341,33.411744],[-111.548639,33.412615],[-111.547639,33.411943],[-111.547042,33.411043],[-111.547162,33.409043],[-111.547786,33.408189],[-111.548921,33.408043],[-111.547639,33.407799],[-111.545639,33.405227],[-111.545171,33.410574],[-111.5439,33.410782],[-111.541639,33.409147],[-111.539607,33.409043],[-111.540539,33.409143],[-111.540639,33.41023],[-111.544269,33.413043],[-111.541385,33.415043],[-111.54494,33.415742],[-111.544996,33.419399],[-111.543639,33.419573],[-111.542639,33.420718],[-111.541639,33.420415],[-111.540639,33.421425],[-111.538571,33.420111],[-111.537639,33.41827],[-111.534639,33.420866],[-111.532639,33.419608],[-111.532034,33.421437],[-111.530166,33.421516],[-111.52915,33.421043],[-111.528639,33.419593],[-111.528147,33.42155],[-111.524143,33.422043],[-111.526193,33.422489],[-111.526639,33.423267],[-111.527013,33.422417],[-111.528123,33.422559],[-111.528639,33.424888],[-111.528902,33.423043],[-111.529639,33.422391],[-111.539903,33.422779],[-111.539916,33.42332],[-111.53827,33.423673],[-111.537133,33.425536],[-111.535335,33.425739],[-111.534237,33.427445],[-111.535938,33.427341],[-111.537146,33.425549],[-111.538639,33.425579],[-111.541639,33.423647],[-111.542931,33.423751],[-111.543817,33.426043],[-111.54608,33.428043],[-111.544408,33.430043],[-111.545639,33.436819],[-111.546027,33.43443],[-111.547836,33.433043],[-111.547065,33.432617],[-111.547154,33.431557],[-111.548639,33.431162],[-111.549639,33.430119],[-111.550639,33.430465],[-111.551639,33.42835],[-111.552545,33.430043],[-111.554639,33.431669],[-111.555639,33.430456],[-111.556639,33.431189],[-111.557639,33.430669],[-111.558639,33.433342],[-111.560639,33.43338],[-111.561543,33.434043],[-111.559758,33.435043],[-111.561639,33.435833],[-111.562639,33.435484],[-111.563175,33.436043],[-111.562639,33.436668],[-111.561639,33.436269],[-111.559819,33.436863],[-111.558639,33.43655],[-111.55813,33.437043],[-111.56305,33.437632],[-111.563639,33.441615]]],"type":"Polygon"}},{"type":"Feature","properties":{"station_id":"aid14","status":"mutual-aid","strategy":"all","band":"8min"},"geometry":{"coordinates":[[[-111.855533,33.523818],[-111.857485,33.523716],[-111.857173,33.522355],[-111.861302,33.520716],[-111.857232,33.520017],[-111.85728,33.517463],[-111.858533,33.51821],[-111.859533,33.517193],[-111.863097,33.516716],[-111.857533,33.516106],[-111.857323,33.513505],[-111.864533,33.513129],[-111.865533,33.514662],[-111.866043,33.513225],[-111.867114,33.512716],[-111.866108,33.512141],[-111.866533,33.510312],[-111.873533,33.510127],[-111.874533,33.511925],[-111.875533,33.510031],[-111.879619,33.509716],[-111.875533,33.5094],[-111.874994,33.508716],[-111.875351,33.495533],[-111.881779,33.49547],[-111.882533,33.500298],[-111.883533,33.495333],[-111.886851,33.495398],[-111.887533,33.499033],[-111.888,33.495182],[-111.890945,33.495304],[-111.891533,33.499667],[-111.892317,33.495499],[-111.894533,33.496104],[-111.895533,33.495186],[-111.89768,33.494716],[-111.894533,33.493979],[-111.89216,33.494089],[-111.891533,33.490413],[-111.891227,33.491409],[-111.890533,33.491555],[-111.889022,33.491227],[-111.888533,33.490259],[-111.888349,33.493716],[-111.887533,33.494403],[-111.883276,33.493973],[-111.882533,33.489723],[-111.881533,33.491282],[-111.87521,33.490716],[-111.875533,33.488277],[-111.877533,33.488843],[-111.880335,33.487716],[-111.874137,33.486716],[-111.87422,33.484402],[-111.878318,33.483716],[-111.874206,33.483043],[-111.874145,33.481328],[-111.879531,33.480716],[-111.877533,33.479927],[-111.875533,33.48039],[-111.874164,33.479085],[-111.873691,33.475873],[-111.874732,33.474914],[-111.875079,33.473261],[-111.876332,33.472716],[-111.874147,33.472102],[-111.874203,33.470385],[-111.877533,33.469844],[-111.878533,33.4704],[-111.879239,33.466421],[-111.881533,33.466248],[-111.882168,33.468716],[-111.881043,33.469716],[-111.882076,33.470173],[-111.882533,33.472421],[-111.883013,33.470195],[-111.884326,33.469716],[-111.882899,33.468716],[-111.884763,33.467716],[-111.883721,33.466716],[-111.886533,33.466098],[-111.887533,33.467951],[-111.887877,33.466059],[-111.891359,33.46589],[-111.891533,33.466319],[-111.892419,33.465716],[-111.890729,33.46552],[-111.889533,33.464613],[-111.889302,33.465484],[-111.884533,33.465269],[-111.883533,33.463192],[-111.882533,33.465203],[-111.881201,33.465048],[-111.880533,33.464317],[-111.879533,33.465154],[-111.875533,33.465108],[-111.875082,33.464716],[-111.875533,33.464137],[-111.878134,33.463716],[-111.875055,33.462194],[-111.874533,33.460783],[-111.873412,33.462716],[-111.8738,33.464982],[-111.866533,33.465034],[-111.866218,33.4604],[-111.870005,33.458716],[-111.866202,33.458047],[-111.865971,33.454716],[-111.867184,33.453366],[-111.869533,33.453139],[-111.870533,33.452119],[-111.873533,33.452033],[-111.874533,33.45285],[-111.875533,33.451961],[-111.880451,33.451716],[-111.875533,33.45147],[-111.874533,33.449968],[-111.873533,33.451398],[-111.869533,33.451312],[-111.868917,33.452099],[-111.867533,33.452246],[-111.866722,33.451716],[-111.867156,33.450716],[-111.866533,33.450584],[-111.865318,33.4515],[-111.864871,33.453053],[-111.863533,33.453187],[-111.862533,33.454162],[-111.860533,33.454144],[-111.859533,33.455125],[-111.858274,33.454975],[-111.858023,33.449716],[-111.856992,33.448716],[-111.857246,33.447428],[-111.859024,33.445206],[-111.861533,33.445018],[-111.862059,33.444241],[-111.863689,33.443871],[-111.864862,33.442044],[-111.865627,33.441809],[-111.865738,33.44092],[-111.866575,33.440757],[-111.866598,33.43978],[-111.86724,33.439716],[-111.866562,33.439687],[-111.866484,33.440666],[-111.865506,33.440688],[-111.865463,33.441645],[-111.864504,33.441686],[-111.86441,33.442592],[-111.863481,33.442663],[-111.863347,33.443529],[-111.861436,33.443618],[-111.86123,33.444412],[-111.857239,33.44401],[-111.856533,33.442301],[-111.854947,33.443716],[-111.855454,33.444716],[-111.850889,33.449071],[-111.849299,33.449481],[-111.847777,33.450959],[-111.845191,33.450058],[-111.843533,33.450459],[-111.841928,33.448321],[-111.842219,33.446401],[-111.843533,33.446677],[-111.844223,33.445716],[-111.843825,33.444716],[-111.844533,33.444054],[-111.846533,33.444897],[-111.848504,33.443716],[-111.843533,33.44332],[-111.842533,33.442015],[-111.841533,33.442928],[-111.840321,33.441928],[-111.842422,33.439716],[-111.840112,33.439137],[-111.839807,33.437716],[-111.840516,33.435733],[-111.839533,33.434799],[-111.83846,33.441716],[-111.836682,33.442865],[-111.835533,33.442687],[-111.834533,33.443396],[-111.8319,33.443716],[-111.83327,33.443979],[-111.833533,33.444733],[-111.834533,33.444387],[-111.835533,33.445589],[-111.836533,33.444927],[-111.83735,33.445899],[-111.836652,33.447834],[-111.835533,33.446957],[-111.833597,33.448779],[-111.832533,33.448784],[-111.831533,33.445085],[-111.82892,33.450102],[-111.827533,33.450553],[-111.826533,33.449568],[-111.825533,33.451387],[-111.823102,33.451147],[-111.822533,33.450236],[-111.821993,33.451176],[-111.820645,33.451716],[-111.822533,33.452453],[-111.825533,33.452176],[-111.826553,33.452735],[-111.829045,33.452716],[-111.830924,33.454325],[-111.831419,33.456601],[-111.83067,33.457852],[-111.828296,33.458478],[-111.827168,33.46035],[-111.825304,33.461716],[-111.824437,33.46462],[-111.822533,33.464692],[-111.82251,33.465692],[-111.821988,33.465716],[-111.82254,33.465722],[-111.822561,33.464743],[-111.824614,33.464796],[-111.825713,33.463716],[-111.825641,33.461823],[-111.826799,33.461716],[-111.829045,33.459227],[-111.831533,33.459406],[-111.832533,33.458493],[-111.839533,33.459284],[-111.841687,33.461562],[-111.842745,33.464716],[-111.841533,33.464953],[-111.840533,33.464035],[-111.839533,33.464055],[-111.837468,33.46565],[-111.837533,33.466309],[-111.841533,33.466479],[-111.841666,33.467848],[-111.840256,33.467993],[-111.839533,33.467192],[-111.837795,33.470716],[-111.836663,33.471845],[-111.835035,33.472217],[-111.834652,33.473834],[-111.832648,33.47583],[-111.830873,33.476055],[-111.829533,33.477881],[-111.82787,33.478052],[-111.826648,33.47983],[-111.824885,33.480067],[-111.823651,33.481833],[-111.821903,33.482085],[-111.820647,33.483829],[-111.818533,33.482008],[-111.817426,33.482608],[-111.817533,33.484452],[-111.818653,33.484836],[-111.816655,33.486837],[-111.814904,33.487086],[-111.81366,33.488842],[-111.812533,33.48891],[-111.810299,33.491481],[-111.809445,33.491627],[-111.809275,33.492457],[-111.808449,33.492632],[-111.808288,33.493471],[-111.80475,33.494716],[-111.804348,33.49553],[-111.802533,33.495399],[-111.801533,33.496251],[-111.800209,33.496391],[-111.797716,33.498898],[-111.796062,33.499244],[-111.794706,33.500889],[-111.791051,33.502233],[-111.790533,33.502998],[-111.788224,33.502716],[-111.787883,33.481716],[-111.789206,33.480716],[-111.787793,33.479716],[-111.787533,33.475219],[-111.787274,33.479716],[-111.786361,33.480716],[-111.787184,33.481716],[-111.786983,33.501165],[-111.782504,33.501686],[-111.783023,33.503716],[-111.782533,33.505051],[-111.779533,33.505072],[-111.778533,33.506081],[-111.774533,33.506117],[-111.773533,33.507126],[-111.769533,33.506582],[-111.768877,33.508059],[-111.766533,33.508215],[-111.765533,33.509229],[-111.763236,33.509418],[-111.762533,33.510288],[-111.76145,33.509632],[-111.759955,33.511138],[-111.758316,33.511498],[-111.756123,33.513305],[-111.754073,33.513716],[-111.752533,33.514604],[-111.752449,33.515631],[-111.75165,33.515716],[-111.752562,33.515745],[-111.752657,33.51484],[-111.754533,33.514874],[-111.757533,33.513065],[-111.763533,33.511149],[-111.764533,33.510183],[-111.766533,33.510207],[-111.767533,33.509233],[-111.771533,33.509103],[-111.772217,33.508399],[-111.775021,33.508204],[-111.776533,33.507333],[-111.779533,33.507353],[-111.780533,33.505988],[-111.783533,33.506384],[-111.785163,33.505345],[-111.787533,33.505529],[-111.787565,33.506716],[-111.788533,33.507134],[-111.788802,33.504985],[-111.792609,33.504791],[-111.792743,33.503925],[-111.798921,33.501103],[-111.800374,33.499556],[-111.802065,33.499247],[-111.803533,33.497491],[-111.804813,33.498716],[-111.806108,33.502141],[-111.809533,33.502244],[-111.810922,33.503327],[-111.812533,33.502394],[-111.815533,33.504367],[-111.818723,33.504526],[-111.817371,33.505878],[-111.821704,33.506545],[-111.821769,33.508951],[-111.81903,33.509716],[-111.821833,33.511416],[-111.821947,33.513129],[-111.820788,33.513716],[-111.822009,33.51424],[-111.822533,33.515399],[-111.823267,33.513716],[-111.82326,33.510442],[-111.825152,33.509716],[-111.82328,33.508969],[-111.823533,33.506498],[-111.823943,33.507306],[-111.826533,33.507538],[-111.826989,33.50826],[-111.828782,33.508467],[-111.829092,33.509157],[-111.831533,33.509221],[-111.832162,33.510087],[-111.836048,33.511201],[-111.837533,33.512499],[-111.839533,33.512],[-111.840533,33.513516],[-111.842688,33.513561],[-111.843016,33.514233],[-111.846533,33.515419],[-111.847533,33.516448],[-111.848745,33.516504],[-111.850533,33.518143],[-111.852824,33.517006],[-111.853145,33.514716],[-111.853819,33.51443],[-111.853993,33.516716],[-111.855937,33.518716],[-111.855202,33.520716],[-111.856093,33.522716],[-111.854824,33.523716],[-111.855533,33.523818]]],"type":"Polygon"}},{"type":"Feature","properties":{"station_id":"aid14","status":"mutual-aid","strategy":"all","band":"4min"},"geometry":{"coordinates":[[[-111.840533,33.512731],[-111.84062,33.511716],[-111.83988,33.510716],[-111.840107,33.510289],[-111.844485,33.509716],[-111.841533,33.509464],[-111.840116,33.508133],[-111.840209,33.506392],[-111.843784,33.505716],[-111.840533,33.505249],[-111.840266,33.503448],[-111.845533,33.502744],[-111.847533,33.503068],[-111.848264,33.504716],[-111.847467,33.505716],[-111.848229,33.50602],[-111.848533,33.507384],[-111.848867,33.503716],[-111.850587,33.502716],[-111.849864,33.502385],[-111.849047,33.499716],[-111.849533,33.499154],[-111.852297,33.498716],[-111.849216,33.498033],[-111.850259,33.495441],[-111.853873,33.495376],[-111.853978,33.49616],[-111.852854,33.496716],[-111.854533,33.497527],[-111.855179,33.495361],[-111.855917,33.495332],[-111.85592,33.498716],[-111.856533,33.500035],[-111.857249,33.498716],[-111.856774,33.497716],[-111.857132,33.495314],[-111.863018,33.494716],[-111.857121,33.494128],[-111.856533,33.490328],[-111.855927,33.494109],[-111.85025,33.494],[-111.84921,33.492392],[-111.852301,33.491716],[-111.849533,33.491288],[-111.849034,33.490716],[-111.849145,33.488328],[-111.850439,33.487716],[-111.848851,33.486716],[-111.848533,33.483361],[-111.848286,33.485716],[-111.847341,33.486716],[-111.848061,33.489716],[-111.846452,33.490634],[-111.84623,33.492412],[-111.847832,33.493417],[-111.847789,33.493971],[-111.842533,33.494015],[-111.841533,33.493091],[-111.840314,33.492935],[-111.840533,33.492317],[-111.843062,33.491716],[-111.84125,33.490999],[-111.840167,33.488716],[-111.842832,33.488014],[-111.842832,33.487417],[-111.841211,33.487038],[-111.841021,33.485716],[-111.841533,33.485085],[-111.843624,33.484716],[-111.840202,33.484047],[-111.839967,33.481716],[-111.840533,33.481045],[-111.84463,33.480716],[-111.840102,33.480147],[-111.839533,33.476118],[-111.839197,33.479716],[-111.838533,33.480385],[-111.836153,33.480096],[-111.835533,33.477804],[-111.834897,33.480079],[-111.831533,33.480142],[-111.8311,33.479716],[-111.832185,33.477367],[-111.833828,33.47701],[-111.836111,33.474293],[-111.839347,33.473716],[-111.839222,33.472404],[-111.840042,33.471224],[-111.841424,33.470716],[-111.842533,33.468226],[-111.839123,33.471305],[-111.835299,33.473481],[-111.8329,33.476082],[-111.831533,33.476245],[-111.829855,33.478037],[-111.828211,33.478393],[-111.826903,33.480085],[-111.825262,33.480444],[-111.823933,33.482115],[-111.822337,33.48252],[-111.820889,33.484071],[-111.819533,33.484124],[-111.816977,33.48716],[-111.815345,33.487527],[-111.814099,33.489281],[-111.812533,33.48958],[-111.812297,33.490479],[-111.811455,33.490716],[-111.811469,33.491651],[-111.810369,33.491716],[-111.811554,33.491736],[-111.811691,33.490873],[-111.812611,33.490793],[-111.812768,33.489951],[-111.814533,33.489928],[-111.816061,33.488243],[-111.818533,33.487131],[-111.819249,33.488],[-111.820837,33.488412],[-111.821905,33.489716],[-111.821768,33.49095],[-111.818695,33.491716],[-111.82176,33.492489],[-111.821729,33.494911],[-111.820533,33.495037],[-111.819533,33.494097],[-111.818533,33.495103],[-111.817497,33.494752],[-111.816533,33.492039],[-111.815533,33.492845],[-111.814952,33.495134],[-111.813971,33.495278],[-111.813533,33.494549],[-111.812605,33.495716],[-111.814533,33.497059],[-111.815081,33.496263],[-111.816533,33.496225],[-111.817019,33.498716],[-111.820886,33.499363],[-111.821296,33.500953],[-111.822277,33.501716],[-111.821807,33.502716],[-111.823965,33.504284],[-111.825077,33.506716],[-111.827402,33.507847],[-111.829263,33.507986],[-111.829412,33.508837],[-111.83231,33.508939],[-111.832441,33.509808],[-111.834396,33.509853],[-111.834498,33.510751],[-111.836648,33.51083],[-111.838533,33.510071],[-111.839105,33.511716],[-111.840521,33.511728],[-111.840533,33.512731]]],"type":"Polygon"}},{"type":"Feature","properties":{"station_id":"aid15","status":"mutual-aid","strategy":"all","band":"8min"},"geometry":{"coordinates":[[[-111.786369,33.499577],[-111.786803,33.491309],[-111.787885,33.490309],[-111.788121,33.48206],[-111.801369,33.482122],[-111.802369,33.481133],[-111.804369,33.481157],[-111.804775,33.482903],[-111.805369,33.483106],[-111.805964,33.482903],[-111.806257,33.481196],[-111.807369,33.481132],[-111.807756,33.481922],[-111.813369,33.483031],[-111.814091,33.482309],[-111.814134,33.480309],[-111.814902,33.479841],[-111.815119,33.478309],[-111.816938,33.477877],[-111.817154,33.477309],[-111.816369,33.476524],[-111.814243,33.476435],[-111.814208,33.474309],[-111.817369,33.474123],[-111.818184,33.473309],[-111.817369,33.472494],[-111.814262,33.472416],[-111.814244,33.471183],[-111.816909,33.470849],[-111.820369,33.467065],[-111.824822,33.466761],[-111.824798,33.46588],[-111.823138,33.46554],[-111.822778,33.464309],[-111.823369,33.463659],[-111.824685,33.463624],[-111.824025,33.462309],[-111.825632,33.459571],[-111.828556,33.458309],[-111.826915,33.457763],[-111.826646,33.455309],[-111.823929,33.45475],[-111.823673,33.452612],[-111.825369,33.451631],[-111.82774,33.451309],[-111.82395,33.450729],[-111.822369,33.446855],[-111.821225,33.450164],[-111.817722,33.451309],[-111.821454,33.452224],[-111.819756,33.454695],[-111.818287,33.455309],[-111.821772,33.457309],[-111.820369,33.458778],[-111.818949,33.458729],[-111.818369,33.458054],[-111.816922,33.458309],[-111.81623,33.459309],[-111.818837,33.460309],[-111.819598,33.462309],[-111.817969,33.462709],[-111.817365,33.461304],[-111.816836,33.462775],[-111.815369,33.463928],[-111.814688,33.463309],[-111.814998,33.461309],[-111.813885,33.460309],[-111.815081,33.459309],[-111.813866,33.458812],[-111.813369,33.45644],[-111.813104,33.458309],[-111.812369,33.458998],[-111.810982,33.458696],[-111.810369,33.457516],[-111.809369,33.458768],[-111.808369,33.457167],[-111.807369,33.457712],[-111.804369,33.457632],[-111.803369,33.458653],[-111.800369,33.458934],[-111.799369,33.459931],[-111.798177,33.460116],[-111.797986,33.460926],[-111.796528,33.461309],[-111.797506,33.462172],[-111.797148,33.463309],[-111.800545,33.464133],[-111.801021,33.465309],[-111.800369,33.465846],[-111.790919,33.465759],[-111.791074,33.462013],[-111.795074,33.459309],[-111.793369,33.458098],[-111.792808,33.458747],[-111.792018,33.45866],[-111.79165,33.456309],[-111.789585,33.455309],[-111.790375,33.454303],[-111.789564,33.453309],[-111.790369,33.452514],[-111.791369,33.452589],[-111.791594,33.451533],[-111.794061,33.451309],[-111.788888,33.45079],[-111.787629,33.449309],[-111.788708,33.448309],[-111.787369,33.446169],[-111.786521,33.45046],[-111.782608,33.451309],[-111.784883,33.451795],[-111.786637,33.453041],[-111.786558,33.454497],[-111.785369,33.454202],[-111.785086,33.455025],[-111.786616,33.457062],[-111.786575,33.458514],[-111.785202,33.458476],[-111.784369,33.457448],[-111.783369,33.459035],[-111.780273,33.459309],[-111.784536,33.460142],[-111.786369,33.462097],[-111.787369,33.462046],[-111.786415,33.462354],[-111.786826,33.465765],[-111.785127,33.466066],[-111.784369,33.467016],[-111.779369,33.466846],[-111.778499,33.465179],[-111.777369,33.465732],[-111.775755,33.464923],[-111.775369,33.462806],[-111.774369,33.464064],[-111.772845,33.464309],[-111.772887,33.465309],[-111.772189,33.465489],[-111.77164,33.465309],[-111.77225,33.464309],[-111.771527,33.462309],[-111.770629,33.462049],[-111.770369,33.461037],[-111.769715,33.465654],[-111.766369,33.465585],[-111.763854,33.466309],[-111.774369,33.466821],[-111.775369,33.467783],[-111.777369,33.467816],[-111.777654,33.468593],[-111.775969,33.469309],[-111.776355,33.471323],[-111.776927,33.469867],[-111.780369,33.468885],[-111.780784,33.469309],[-111.779904,33.470309],[-111.779224,33.473163],[-111.778369,33.473598],[-111.779478,33.473417],[-111.780642,33.472581],[-111.780682,33.470621],[-111.781527,33.470466],[-111.781834,33.468773],[-111.782966,33.468712],[-111.783894,33.470309],[-111.782994,33.471309],[-111.783458,33.472397],[-111.782086,33.473309],[-111.783386,33.476325],[-111.780919,33.477309],[-111.781553,33.478309],[-111.78412,33.478558],[-111.784369,33.479743],[-111.786086,33.478025],[-111.786697,33.478309],[-111.785788,33.481309],[-111.78674,33.482309],[-111.786836,33.489309],[-111.785868,33.490309],[-111.786369,33.499577]]],"type":"Polygon"}},{"type":"Feature","properties":{"station_id":"aid15","status":"mutual-aid","strategy":"all","band":"4min"},"geometry":{"coordinates":[[[-111.800369,33.481478],[-111.801369,33.481578],[-111.802369,33.480723],[-111.804369,33.480923],[-111.805369,33.482227],[-111.806369,33.480776],[-111.808846,33.481309],[-111.809707,33.480309],[-111.805369,33.479768],[-111.805172,33.478111],[-111.812369,33.477635],[-111.813369,33.478026],[-111.814504,33.477309],[-111.813789,33.476889],[-111.814077,33.474016],[-111.817654,33.473309],[-111.814068,33.47261],[-111.814183,33.470309],[-111.813369,33.469277],[-111.812369,33.470246],[-111.810369,33.469936],[-111.809369,33.468503],[-111.808369,33.469778],[-111.80515,33.469528],[-111.805369,33.466774],[-111.807369,33.466696],[-111.808436,33.467375],[-111.809994,33.466684],[-111.811369,33.467273],[-111.811552,33.466492],[-111.812585,33.466309],[-111.805545,33.466133],[-111.805369,33.463303],[-111.804155,33.464309],[-111.805295,33.464383],[-111.805193,33.466132],[-111.803369,33.465797],[-111.803241,33.46618],[-111.798186,33.466309],[-111.800369,33.46715],[-111.801369,33.466599],[-111.802369,33.467646],[-111.802917,33.466856],[-111.803705,33.466973],[-111.803536,33.472475],[-111.801142,33.472536],[-111.800369,33.470552],[-111.799611,33.47255],[-111.797369,33.472737],[-111.796369,33.470518],[-111.795736,33.472675],[-111.792488,33.473309],[-111.795721,33.473957],[-111.796322,33.476309],[-111.795571,33.477309],[-111.796369,33.477957],[-111.803572,33.478106],[-111.803638,33.479577],[-111.801161,33.4801],[-111.799749,33.481309],[-111.800369,33.481478]]],"type":"Polygon"}},{"type":"Feature","properties":{"station_id":"aid16","status":"mutual-aid","strategy":"all","band":"8min"},"geometry":{"coordinates":[[[-111.635072,33.315716],[-111.635914,33.313721],[-111.635225,33.313568],[-111.635188,33.312721],[-111.635545,33.304721],[-111.636072,33.30411],[-111.637553,33.30424],[-111.638072,33.306086],[-111.638575,33.304721],[-111.637697,33.302721],[-111.635606,33.301721],[-111.635879,33.285527],[-111.651072,33.285207],[-111.652072,33.28654],[-111.653072,33.285153],[-111.656072,33.285052],[-111.657072,33.286174],[-111.658072,33.285166],[-111.659072,33.285863],[-111.659505,33.285153],[-111.661487,33.284721],[-111.654072,33.28375],[-111.653072,33.284288],[-111.652409,33.283721],[-111.652844,33.282721],[-111.652072,33.281528],[-111.651273,33.283721],[-111.649072,33.284221],[-111.648213,33.282721],[-111.645072,33.282502],[-111.644528,33.281721],[-111.645072,33.281139],[-111.647173,33.280821],[-111.648568,33.281225],[-111.649072,33.282287],[-111.650072,33.278268],[-111.652072,33.278205],[-111.653072,33.279043],[-111.655072,33.278309],[-111.656238,33.278886],[-111.659072,33.27808],[-111.660405,33.278388],[-111.661072,33.279255],[-111.661337,33.277985],[-111.668072,33.278294],[-111.668412,33.28106],[-111.666976,33.281721],[-111.66848,33.285128],[-111.667582,33.285211],[-111.667072,33.284223],[-111.662846,33.284721],[-111.664644,33.285149],[-111.665072,33.285952],[-111.668504,33.286289],[-111.669072,33.291324],[-111.669649,33.286297],[-111.673877,33.285916],[-111.674029,33.286764],[-111.675155,33.286721],[-111.674198,33.286595],[-111.674072,33.285564],[-111.670795,33.284998],[-111.671263,33.283721],[-111.669575,33.282721],[-111.669737,33.278385],[-111.671072,33.277903],[-111.672072,33.278256],[-111.672427,33.279721],[-111.674776,33.282017],[-111.676474,33.282319],[-111.677928,33.283865],[-111.680072,33.284183],[-111.683088,33.283705],[-111.680072,33.28277],[-111.679072,33.283302],[-111.677298,33.281495],[-111.675623,33.281171],[-111.674599,33.279721],[-111.674755,33.278403],[-111.675432,33.278361],[-111.675948,33.279845],[-111.678072,33.278042],[-111.679909,33.279884],[-111.684842,33.278721],[-111.68321,33.278583],[-111.683072,33.277638],[-111.680654,33.278139],[-111.678072,33.274658],[-111.677089,33.276737],[-111.675769,33.276024],[-111.676635,33.274721],[-111.675072,33.273813],[-111.672948,33.273845],[-111.672892,33.269721],[-111.670072,33.269331],[-111.6697,33.267348],[-111.674994,33.266642],[-111.676503,33.26729],[-111.677153,33.267721],[-111.676131,33.268721],[-111.676072,33.270857],[-111.676327,33.269975],[-111.678503,33.269151],[-111.679601,33.267249],[-111.68489,33.266903],[-111.685839,33.266954],[-111.686072,33.267501],[-111.686971,33.266721],[-111.686147,33.264646],[-111.686778,33.254427],[-111.687072,33.254001],[-111.688354,33.254439],[-111.688072,33.255852],[-111.689072,33.256178],[-111.689132,33.25478],[-111.689915,33.254721],[-111.690569,33.253721],[-111.690091,33.251721],[-111.689072,33.252809],[-111.688528,33.251721],[-111.687072,33.251552],[-111.686782,33.250431],[-111.689072,33.250321],[-111.690072,33.249447],[-111.702072,33.248846],[-111.702911,33.248882],[-111.703072,33.249618],[-111.703242,33.24889],[-111.705506,33.248721],[-111.703289,33.248504],[-111.703072,33.247501],[-111.70274,33.248388],[-111.702072,33.248482],[-111.699072,33.247538],[-111.695072,33.248248],[-111.69439,33.247721],[-111.69404,33.245688],[-111.691911,33.246559],[-111.691118,33.247766],[-111.689072,33.248107],[-111.688072,33.249091],[-111.686842,33.248951],[-111.686771,33.246419],[-111.689042,33.245721],[-111.689508,33.244721],[-111.687719,33.242721],[-111.689234,33.241721],[-111.687072,33.241319],[-111.686531,33.240721],[-111.687171,33.239721],[-111.686451,33.238721],[-111.686434,33.235721],[-111.687072,33.235112],[-111.690072,33.235241],[-111.692072,33.234566],[-111.689072,33.234482],[-111.686757,33.233036],[-111.686072,33.229575],[-111.685072,33.233405],[-111.679072,33.232733],[-111.678072,33.229797],[-111.67653,33.230721],[-111.677566,33.231227],[-111.677542,33.23319],[-111.675774,33.233422],[-111.675072,33.234081],[-111.674072,33.23308],[-111.672197,33.232721],[-111.672744,33.231392],[-111.675628,33.230721],[-111.669826,33.229967],[-111.670072,33.229301],[-111.67509,33.228721],[-111.672072,33.228276],[-111.67144,33.227721],[-111.674059,33.226721],[-111.671072,33.225424],[-111.669776,33.226017],[-111.669734,33.224382],[-111.672717,33.223721],[-111.671133,33.222721],[-111.671916,33.221721],[-111.670072,33.221373],[-111.669459,33.220721],[-111.671072,33.220084],[-111.672072,33.221376],[-111.673072,33.220002],[-111.674072,33.220517],[-111.675072,33.219892],[-111.677276,33.219721],[-111.67457,33.219223],[-111.673072,33.218344],[-111.672072,33.219081],[-111.669624,33.218169],[-111.669538,33.217186],[-111.670326,33.216721],[-111.66931,33.215721],[-111.669754,33.214721],[-111.669072,33.21346],[-111.668753,33.215401],[-111.668171,33.215721],[-111.668551,33.216721],[-111.667077,33.217721],[-111.668515,33.218278],[-111.668072,33.21925],[-111.665072,33.215913],[-111.664456,33.218104],[-111.663072,33.218668],[-111.662072,33.216199],[-111.660072,33.214565],[-111.65916,33.215721],[-111.659242,33.21689],[-111.657867,33.216721],[-111.658911,33.215721],[-111.656941,33.214852],[-111.65677,33.213721],[-111.658072,33.214288],[-111.660072,33.213244],[-111.660504,33.212152],[-111.66278,33.211721],[-111.660072,33.210908],[-111.659072,33.211395],[-111.656489,33.210304],[-111.656072,33.209321],[-111.655759,33.210721],[-111.654725,33.211068],[-111.65405,33.209721],[-111.655632,33.208721],[-111.653013,33.20778],[-111.653503,33.206721],[-111.652474,33.205721],[-111.654072,33.205093],[-111.655072,33.206148],[-111.656072,33.206272],[-111.657072,33.204965],[-111.658072,33.205911],[-111.658456,33.205104],[-111.660484,33.204721],[-111.657072,33.204389],[-111.656072,33.203396],[-111.655072,33.204321],[-111.652072,33.204393],[-111.651072,33.202393],[-111.650072,33.203599],[-111.646467,33.204115],[-111.635072,33.204017],[-111.635072,33.202343],[-111.636368,33.202425],[-111.637072,33.203238],[-111.643574,33.202721],[-111.64029,33.201503],[-111.640072,33.200603],[-111.638072,33.199514],[-111.637423,33.201071],[-111.634816,33.200977],[-111.635624,33.197721],[-111.634072,33.196356],[-111.632694,33.197721],[-111.633121,33.198769],[-111.631072,33.200085],[-111.62781,33.199983],[-111.627072,33.198209],[-111.626072,33.199446],[-111.623072,33.198463],[-111.621308,33.198485],[-111.621072,33.19762],[-111.619072,33.198286],[-111.614072,33.198342],[-111.613338,33.197721],[-111.614072,33.196153],[-111.611949,33.197597],[-111.60924,33.197553],[-111.608952,33.196721],[-111.609047,33.197746],[-111.610811,33.197982],[-111.610951,33.198842],[-111.613072,33.19993],[-111.613632,33.19928],[-111.615072,33.199083],[-111.617072,33.200191],[-111.621072,33.200279],[-111.622072,33.201448],[-111.623072,33.201274],[-111.624072,33.202133],[-111.626283,33.201721],[-111.625666,33.202314],[-111.626003,33.20279],[-111.628407,33.203386],[-111.628072,33.20411],[-111.622072,33.203914],[-111.621072,33.202874],[-111.619072,33.204078],[-111.614678,33.204721],[-111.616072,33.204909],[-111.617072,33.205839],[-111.618414,33.205062],[-111.626468,33.205325],[-111.627622,33.208721],[-111.625986,33.209807],[-111.627072,33.210957],[-111.630072,33.211106],[-111.631705,33.209721],[-111.633254,33.209539],[-111.633257,33.211905],[-111.627072,33.211959],[-111.62372,33.212721],[-111.627072,33.213194],[-111.627582,33.213721],[-111.625072,33.215266],[-111.621698,33.215721],[-111.624072,33.217411],[-111.625072,33.216194],[-111.625546,33.217721],[-111.628072,33.218226],[-111.631072,33.218316],[-111.631263,33.217911],[-111.629072,33.217253],[-111.628828,33.216476],[-111.633072,33.216483],[-111.633218,33.218866],[-111.610072,33.219104],[-111.609072,33.216862],[-111.608072,33.219137],[-111.601072,33.219289],[-111.600072,33.217487],[-111.599072,33.219313],[-111.593038,33.219721],[-111.599072,33.220076],[-111.600072,33.221499],[-111.601072,33.22023],[-111.603072,33.220546],[-111.6043,33.219948],[-111.608072,33.219948],[-111.60918,33.220829],[-111.610072,33.22018],[-111.611072,33.221611],[-111.612185,33.221608],[-111.611631,33.222721],[-111.614072,33.223982],[-111.6154,33.223721],[-111.613711,33.222082],[-111.614072,33.220385],[-111.616289,33.220504],[-111.617072,33.223599],[-111.618072,33.220425],[-111.630226,33.220567],[-111.630072,33.222102],[-111.625747,33.222395],[-111.624072,33.223103],[-111.622367,33.222721],[-111.622698,33.225721],[-111.622072,33.226306],[-111.617158,33.226721],[-111.619843,33.228721],[-111.617072,33.229635],[-111.616886,33.230721],[-111.619754,33.233721],[-111.617072,33.234006],[-111.614397,33.232396],[-111.612072,33.2323],[-111.610952,33.2316],[-111.60871,33.232358],[-111.608072,33.234032],[-111.604021,33.233772],[-111.605525,33.232721],[-111.604037,33.230721],[-111.594819,33.229974],[-111.593092,33.227721],[-111.595502,33.226721],[-111.590334,33.226459],[-111.590518,33.224721],[-111.587382,33.222411],[-111.586072,33.219205],[-111.585187,33.220721],[-111.58593,33.220863],[-111.58632,33.222721],[-111.589809,33.225984],[-111.590716,33.228077],[-111.594719,33.232074],[-111.596298,33.232495],[-111.597403,33.23439],[-111.599127,33.234775],[-111.596072,33.238481],[-111.594072,33.238311],[-111.593372,33.23902],[-111.590072,33.239445],[-111.589072,33.238427],[-111.587429,33.239721],[-111.592842,33.241721],[-111.593291,33.243502],[-111.594449,33.243721],[-111.593072,33.243753],[-111.592072,33.244452],[-111.591389,33.243404],[-111.589206,33.243721],[-111.589282,33.24493],[-111.586877,33.245721],[-111.589072,33.247153],[-111.590072,33.246181],[-111.590298,33.247946],[-111.586072,33.248111],[-111.585072,33.247436],[-111.583776,33.248017],[-111.584515,33.246163],[-111.585647,33.245721],[-111.583751,33.245042],[-111.584181,33.243721],[-111.583072,33.241206],[-111.582066,33.243714],[-111.5827,33.244093],[-111.582559,33.245207],[-111.580737,33.245721],[-111.582364,33.246429],[-111.582382,33.24803],[-111.571551,33.248721],[-111.573701,33.249092],[-111.574072,33.250498],[-111.575072,33.248994],[-111.580593,33.2492],[-111.581072,33.250749],[-111.582072,33.250899],[-111.582674,33.251721],[-111.582037,33.252756],[-111.583072,33.255929],[-111.584072,33.252233],[-111.585072,33.252488],[-111.588072,33.251183],[-111.594072,33.253984],[-111.595531,33.253721],[-111.595771,33.251721],[-111.597072,33.251023],[-111.598373,33.25142],[-111.599529,33.253264],[-111.599591,33.257721],[-111.596868,33.258721],[-111.597165,33.259628],[-111.599072,33.259308],[-111.599297,33.259945],[-111.597623,33.260271],[-111.596072,33.262159],[-111.592072,33.261165],[-111.589072,33.262248],[-111.584905,33.262721],[-111.586835,33.262958],[-111.587072,33.263792],[-111.588072,33.262976],[-111.590386,33.263407],[-111.591072,33.264763],[-111.592111,33.264759],[-111.593072,33.263169],[-111.599347,33.263446],[-111.598471,33.266119],[-111.596976,33.266721],[-111.5995,33.267293],[-111.600072,33.271687],[-111.6011,33.270721],[-111.600357,33.269436],[-111.601072,33.264195],[-111.604072,33.264226],[-111.605072,33.265239],[-111.606336,33.264457],[-111.607894,33.266721],[-111.607066,33.267721],[-111.609072,33.26979],[-111.609393,33.267041],[-111.611239,33.264721],[-111.610699,33.263721],[-111.617403,33.26339],[-111.617569,33.270217],[-111.613326,33.270721],[-111.615441,33.271721],[-111.614466,33.273721],[-111.617349,33.274444],[-111.617407,33.277055],[-111.615072,33.277325],[-111.613072,33.276697],[-111.612072,33.277512],[-111.609884,33.277721],[-111.615008,33.278785],[-111.617072,33.278314],[-111.617569,33.278721],[-111.61716,33.279721],[-111.618072,33.280612],[-111.619072,33.278254],[-111.622072,33.278329],[-111.623072,33.27906],[-111.625072,33.278383],[-111.626072,33.280968],[-111.627072,33.278412],[-111.634231,33.278562],[-111.634072,33.282224],[-111.631072,33.283187],[-111.630072,33.283009],[-111.628493,33.284141],[-111.625885,33.284721],[-111.634263,33.28553],[-111.634283,33.287931],[-111.631095,33.288721],[-111.633331,33.289462],[-111.634303,33.290952],[-111.632072,33.292033],[-111.631072,33.291135],[-111.618344,33.291721],[-111.630072,33.292294],[-111.631072,33.293311],[-111.634306,33.293487],[-111.634362,33.29901],[-111.631072,33.299006],[-111.630136,33.300721],[-111.630876,33.303524],[-111.628917,33.303721],[-111.629859,33.303934],[-111.629979,33.304814],[-111.631552,33.305241],[-111.63186,33.305933],[-111.634072,33.306145],[-111.63465,33.306721],[-111.635072,33.315716]]],"type":"Polygon"}},{"type":"Feature","properties":{"station_id":"aid16","status":"mutual-aid","strategy":"all","band":"4min"},"geometry":{"coordinates":[[[-111.635072,33.271349],[-111.636072,33.265019],[-111.638093,33.263741],[-111.639312,33.261721],[-111.639072,33.260891],[-111.638072,33.260558],[-111.638072,33.259431],[-111.641483,33.26031],[-111.642877,33.261916],[-111.645666,33.263127],[-111.645957,33.263836],[-111.647825,33.263968],[-111.649024,33.265769],[-111.651004,33.265789],[-111.651059,33.266734],[-111.652228,33.266721],[-111.651481,33.265721],[-111.649664,33.265129],[-111.648834,33.263721],[-111.646734,33.263059],[-111.646692,33.261721],[-111.643745,33.261048],[-111.6433,33.259493],[-111.641672,33.257721],[-111.642208,33.255857],[-111.644072,33.254134],[-111.648072,33.254684],[-111.648762,33.25341],[-111.649995,33.253721],[-111.650587,33.255206],[-111.65192,33.255873],[-111.652072,33.260183],[-111.653755,33.254721],[-111.652824,33.252472],[-111.654072,33.252643],[-111.655397,33.251721],[-111.655736,33.250384],[-111.658072,33.24943],[-111.660072,33.250471],[-111.662416,33.249065],[-111.664072,33.249402],[-111.665713,33.248721],[-111.661072,33.248405],[-111.660072,33.24702],[-111.656072,33.248237],[-111.655072,33.247406],[-111.653027,33.247766],[-111.652557,33.245721],[-111.65342,33.244721],[-111.653586,33.242721],[-111.6524,33.241721],[-111.652735,33.239721],[-111.652072,33.237712],[-111.651669,33.240317],[-111.65044,33.240721],[-111.651631,33.241162],[-111.651804,33.244721],[-111.650075,33.245721],[-111.649497,33.247145],[-111.648453,33.247721],[-111.645256,33.245537],[-111.643323,33.24547],[-111.642072,33.244484],[-111.640072,33.244807],[-111.638889,33.243904],[-111.639072,33.24278],[-111.642072,33.240082],[-111.64097,33.238721],[-111.642323,33.237721],[-111.642072,33.235625],[-111.643072,33.234989],[-111.645072,33.236581],[-111.647733,33.234381],[-111.650072,33.235268],[-111.651072,33.234022],[-111.651737,33.234056],[-111.652072,33.234907],[-111.652556,33.233721],[-111.649072,33.232969],[-111.648072,33.233454],[-111.646072,33.232855],[-111.644072,33.233259],[-111.643072,33.231471],[-111.640386,33.232721],[-111.635828,33.232965],[-111.635641,33.229721],[-111.636174,33.227822],[-111.636967,33.227721],[-111.636294,33.227499],[-111.635461,33.225721],[-111.636083,33.224721],[-111.635661,33.219721],[-111.635072,33.218939],[-111.633302,33.222721],[-111.632995,33.225721],[-111.631417,33.226721],[-111.633529,33.227264],[-111.633151,33.229799],[-111.632072,33.229046],[-111.629867,33.230721],[-111.63134,33.232453],[-111.631465,33.233721],[-111.629547,33.235721],[-111.631072,33.236481],[-111.63236,33.235433],[-111.632535,33.236183],[-111.631788,33.236721],[-111.633072,33.237187],[-111.633281,33.239929],[-111.630708,33.239085],[-111.630072,33.238195],[-111.629072,33.238519],[-111.628072,33.237617],[-111.627098,33.237721],[-111.62855,33.239721],[-111.626946,33.242721],[-111.624451,33.243721],[-111.624638,33.245721],[-111.624072,33.246273],[-111.619768,33.246025],[-111.618832,33.244721],[-111.620129,33.243664],[-111.618072,33.24354],[-111.617072,33.244246],[-111.616072,33.243502],[-111.614324,33.243469],[-111.614121,33.242672],[-111.613072,33.242537],[-111.613122,33.24277],[-111.613927,33.242866],[-111.613989,33.243804],[-111.615605,33.244188],[-111.6168,33.245993],[-111.618459,33.246334],[-111.618804,33.247721],[-111.617072,33.24828],[-111.616072,33.247313],[-111.614072,33.247586],[-111.613072,33.247166],[-111.612624,33.248272],[-111.60951,33.248721],[-111.612072,33.249076],[-111.613072,33.249802],[-111.614072,33.24905],[-111.616309,33.249484],[-111.617072,33.253188],[-111.617289,33.251937],[-111.618957,33.250605],[-111.621271,33.25092],[-111.621727,33.249375],[-111.623072,33.249327],[-111.624912,33.250881],[-111.626479,33.251314],[-111.627859,33.252934],[-111.629609,33.253184],[-111.629937,33.253856],[-111.632692,33.255101],[-111.633884,33.256721],[-111.633502,33.25815],[-111.631927,33.258721],[-111.632668,33.261721],[-111.631072,33.262331],[-111.62444,33.262721],[-111.625862,33.262931],[-111.626072,33.263517],[-111.627546,33.263247],[-111.629072,33.264571],[-111.629575,33.263223],[-111.63147,33.263323],[-111.634511,33.266282],[-111.634476,33.267124],[-111.632907,33.267721],[-111.634564,33.268229],[-111.635072,33.271349]]],"type":"Polygon"}},{"type":"Feature","properties":{"station_id":"aid17","status":"mutual-aid","strategy":"all","band":"8min"},"geometry":{"coordinates":[[[-111.678518,33.320802],[-111.678909,33.313825],[-111.677177,33.310825],[-111.68028,33.309825],[-111.677334,33.308825],[-111.675518,33.309443],[-111.673805,33.308825],[-111.675139,33.305445],[-111.679518,33.30427],[-111.680518,33.304591],[-111.681455,33.303825],[-111.680518,33.303311],[-111.679518,33.303529],[-111.678518,33.302748],[-111.676823,33.30352],[-111.67366,33.302825],[-111.675481,33.300825],[-111.675235,33.299825],[-111.674518,33.2991],[-111.673335,33.299007],[-111.670369,33.295974],[-111.670304,33.294825],[-111.671518,33.293533],[-111.675413,33.292825],[-111.670374,33.291969],[-111.670401,33.285707],[-111.670891,33.286452],[-111.673648,33.286695],[-111.673911,33.287432],[-111.675518,33.287625],[-111.67593,33.288413],[-111.677518,33.288615],[-111.678518,33.289608],[-111.685679,33.289664],[-111.685518,33.292106],[-111.6758,33.292825],[-111.685792,33.293825],[-111.683518,33.2943],[-111.682518,33.295741],[-111.680518,33.295703],[-111.679236,33.296825],[-111.682518,33.300788],[-111.683518,33.300581],[-111.684518,33.301244],[-111.685518,33.300662],[-111.685831,33.306138],[-111.683518,33.306322],[-111.680518,33.305595],[-111.68039,33.307953],[-111.680518,33.30853],[-111.681518,33.307548],[-111.682518,33.308423],[-111.685878,33.308465],[-111.686137,33.312443],[-111.685513,33.314819],[-111.686518,33.316787],[-111.687749,33.314825],[-111.686874,33.313825],[-111.687814,33.31212],[-111.68812,33.309426],[-111.689043,33.308349],[-111.691518,33.307174],[-111.695296,33.307047],[-111.695518,33.307638],[-111.696794,33.306825],[-111.691033,33.30631],[-111.687218,33.301125],[-111.687307,33.297613],[-111.687944,33.297825],[-111.688518,33.299956],[-111.689518,33.299546],[-111.69001,33.297825],[-111.689871,33.296472],[-111.687227,33.295825],[-111.687348,33.291654],[-111.687828,33.291515],[-111.688518,33.292749],[-111.690151,33.291825],[-111.689607,33.290736],[-111.687913,33.29043],[-111.688064,33.28937],[-111.689518,33.289185],[-111.690238,33.290105],[-111.691966,33.290377],[-111.692518,33.291208],[-111.693887,33.291194],[-111.694518,33.290519],[-111.695518,33.291503],[-111.696744,33.291599],[-111.697959,33.292825],[-111.697233,33.293825],[-111.697518,33.294648],[-111.699518,33.29315],[-111.700518,33.294102],[-111.702815,33.293528],[-111.702401,33.296825],[-111.702658,33.297825],[-111.703322,33.298021],[-111.703518,33.302208],[-111.703904,33.298825],[-111.705691,33.297825],[-111.704133,33.29621],[-111.704521,33.293825],[-111.705911,33.293432],[-111.707518,33.293969],[-111.709518,33.29312],[-111.710518,33.294086],[-111.711518,33.293356],[-111.714965,33.292825],[-111.709424,33.291919],[-111.708518,33.288988],[-111.70753,33.290825],[-111.707736,33.292042],[-111.704518,33.292296],[-111.703518,33.290606],[-111.702831,33.292137],[-111.701518,33.292224],[-111.701052,33.291825],[-111.701817,33.290526],[-111.699295,33.286601],[-111.702518,33.28619],[-111.703546,33.283852],[-111.705518,33.283785],[-111.706743,33.282049],[-111.70761,33.281916],[-111.707748,33.280054],[-111.708584,33.27989],[-111.708625,33.278931],[-111.709658,33.278964],[-111.710518,33.278002],[-111.715891,33.278825],[-111.714148,33.279825],[-111.713615,33.280825],[-111.715292,33.281051],[-111.715539,33.281845],[-111.716291,33.280598],[-111.718518,33.280451],[-111.719518,33.279144],[-111.720518,33.281695],[-111.721202,33.278508],[-111.721703,33.278009],[-111.723999,33.277825],[-111.721518,33.277587],[-111.720967,33.276825],[-111.723978,33.273825],[-111.721518,33.273431],[-111.721155,33.272461],[-111.722274,33.27158],[-111.723518,33.271892],[-111.72529,33.270825],[-111.723518,33.269444],[-111.722518,33.270218],[-111.721107,33.269825],[-111.721093,33.268399],[-111.723518,33.26605],[-111.726647,33.264696],[-111.727819,33.264825],[-111.727362,33.265825],[-111.728695,33.266001],[-111.729242,33.263548],[-111.730518,33.263388],[-111.731107,33.264825],[-111.73034,33.265825],[-111.73267,33.265976],[-111.733285,33.265825],[-111.73193,33.264825],[-111.733046,33.263353],[-111.736518,33.263202],[-111.737212,33.263825],[-111.737518,33.267965],[-111.738314,33.26362],[-111.740986,33.263825],[-111.74362,33.262825],[-111.739042,33.262301],[-111.737518,33.259684],[-111.737243,33.261825],[-111.736518,33.26225],[-111.734064,33.261279],[-111.733518,33.260038],[-111.730518,33.262262],[-111.728225,33.262118],[-111.727518,33.260594],[-111.725785,33.262091],[-111.724518,33.262175],[-111.723117,33.260825],[-111.725512,33.259825],[-111.725553,33.25779],[-111.724758,33.256585],[-111.723387,33.257693],[-111.722849,33.259155],[-111.721278,33.260066],[-111.720864,33.249825],[-111.722125,33.248825],[-111.721014,33.248329],[-111.720518,33.24713],[-111.720017,33.248323],[-111.719052,33.248291],[-111.718518,33.246561],[-111.717518,33.246871],[-111.716518,33.248285],[-111.714604,33.246739],[-111.713423,33.244729],[-111.715518,33.24407],[-111.716518,33.242584],[-111.712303,33.243609],[-111.71092,33.244825],[-111.710518,33.247149],[-111.708518,33.246866],[-111.708051,33.246292],[-111.708028,33.245334],[-111.709455,33.244825],[-111.707518,33.243139],[-111.707215,33.244521],[-111.705662,33.244681],[-111.704225,33.244118],[-111.703518,33.241948],[-111.702161,33.243825],[-111.703032,33.244825],[-111.702518,33.245949],[-111.699653,33.245825],[-111.698699,33.247005],[-111.695518,33.246494],[-111.694518,33.247618],[-111.694255,33.243562],[-111.695215,33.240825],[-111.694518,33.24041],[-111.693901,33.241207],[-111.692518,33.241414],[-111.691758,33.240825],[-111.690828,33.237825],[-111.691246,33.234552],[-111.693836,33.234507],[-111.694518,33.237647],[-111.695518,33.234328],[-111.696518,33.23682],[-111.697518,33.234272],[-111.698518,33.236061],[-111.699518,33.234195],[-111.702176,33.234167],[-111.703518,33.234779],[-111.703856,33.234163],[-111.705641,33.233825],[-111.695518,33.23302],[-111.695518,33.230929],[-111.693518,33.231256],[-111.691934,33.230409],[-111.691518,33.228388],[-111.691434,33.230825],[-111.692331,33.231012],[-111.692518,33.231931],[-111.694252,33.232091],[-111.694135,33.233441],[-111.688273,33.23407],[-111.687737,33.230606],[-111.686251,33.230092],[-111.686078,33.227825],[-111.686888,33.227455],[-111.687518,33.229026],[-111.687896,33.227202],[-111.689672,33.226825],[-111.688518,33.225241],[-111.687967,33.226274],[-111.686199,33.226144],[-111.686188,33.223494],[-111.688592,33.222825],[-111.685876,33.221825],[-111.686518,33.221072],[-111.690487,33.219825],[-111.688786,33.219557],[-111.688518,33.218736],[-111.688212,33.219518],[-111.686049,33.219294],[-111.685797,33.218103],[-111.686515,33.217825],[-111.685518,33.216521],[-111.684957,33.218263],[-111.682518,33.219388],[-111.681518,33.217014],[-111.680518,33.21854],[-111.679518,33.217033],[-111.678842,33.219148],[-111.678206,33.219137],[-111.678031,33.217337],[-111.678917,33.216825],[-111.677518,33.215745],[-111.676518,33.217075],[-111.675254,33.217089],[-111.673823,33.213825],[-111.676518,33.212277],[-111.677518,33.212905],[-111.679398,33.211825],[-111.675567,33.210776],[-111.674518,33.211015],[-111.673518,33.209871],[-111.672371,33.210677],[-111.670429,33.210914],[-111.671685,33.208991],[-111.67162,33.207825],[-111.669084,33.206259],[-111.669059,33.205365],[-111.67326,33.204825],[-111.670841,33.204502],[-111.670518,33.203795],[-111.669518,33.204531],[-111.668518,33.203562],[-111.667518,33.204524],[-111.665229,33.204825],[-111.667518,33.205123],[-111.667967,33.205825],[-111.667169,33.206825],[-111.667953,33.20739],[-111.667915,33.208221],[-111.666774,33.208569],[-111.666518,33.207758],[-111.666054,33.208825],[-111.667899,33.209444],[-111.666881,33.211187],[-111.666107,33.211236],[-111.665518,33.209983],[-111.664518,33.210175],[-111.663518,33.211527],[-111.661518,33.211263],[-111.660286,33.211825],[-111.662127,33.212216],[-111.662518,33.213214],[-111.663518,33.212122],[-111.664204,33.212825],[-111.6644,33.214825],[-111.663187,33.215825],[-111.664098,33.216825],[-111.662822,33.219128],[-111.662229,33.219114],[-111.661944,33.217399],[-111.660518,33.215863],[-111.659521,33.216825],[-111.659518,33.217916],[-111.658895,33.217448],[-111.656761,33.217582],[-111.656518,33.217053],[-111.654518,33.219436],[-111.653518,33.217726],[-111.652518,33.219509],[-111.651846,33.218825],[-111.651708,33.217014],[-111.651698,33.216004],[-111.652307,33.215825],[-111.651518,33.214941],[-111.65118,33.217825],[-111.650205,33.219511],[-111.648109,33.219825],[-111.650518,33.220019],[-111.651095,33.220825],[-111.650853,33.226159],[-111.649964,33.22727],[-111.648121,33.227825],[-111.649918,33.228425],[-111.65081,33.230533],[-111.650518,33.231375],[-111.645417,33.231925],[-111.643518,33.230587],[-111.642518,33.232237],[-111.639518,33.232156],[-111.637875,33.233181],[-111.635518,33.233442],[-111.634784,33.232825],[-111.634518,33.229966],[-111.634039,33.232825],[-111.632586,33.233825],[-111.634022,33.234825],[-111.633862,33.240168],[-111.632518,33.240111],[-111.631378,33.240825],[-111.632392,33.241825],[-111.632011,33.243317],[-111.628558,33.243825],[-111.629518,33.244875],[-111.628276,33.245067],[-111.626861,33.243825],[-111.624518,33.243404],[-111.623933,33.243825],[-111.623881,33.246187],[-111.620518,33.246231],[-111.619038,33.244825],[-111.620378,33.243825],[-111.615518,33.243576],[-111.614518,33.242709],[-111.612631,33.242825],[-111.614315,33.243028],[-111.614402,33.243941],[-111.616005,33.244338],[-111.617242,33.246101],[-111.621372,33.247825],[-111.619518,33.248348],[-111.618518,33.247502],[-111.617518,33.248406],[-111.615518,33.247484],[-111.613518,33.248058],[-111.612518,33.247624],[-111.612298,33.248604],[-111.61043,33.248825],[-111.616518,33.249437],[-111.616996,33.249825],[-111.61645,33.250825],[-111.617518,33.251966],[-111.618518,33.250493],[-111.621571,33.250877],[-111.622184,33.249491],[-111.623518,33.249377],[-111.625247,33.251096],[-111.626862,33.251481],[-111.628297,33.253046],[-111.631696,33.254647],[-111.632885,33.256191],[-111.630518,33.256612],[-111.629825,33.256518],[-111.629518,33.25569],[-111.627666,33.255825],[-111.628655,33.256961],[-111.627972,33.259278],[-111.627518,33.259504],[-111.626518,33.258637],[-111.624259,33.259565],[-111.623518,33.260693],[-111.622518,33.259203],[-111.621518,33.259034],[-111.621024,33.26033],[-111.618518,33.261844],[-111.617518,33.257358],[-111.616272,33.260578],[-111.616652,33.261959],[-111.610518,33.262073],[-111.607954,33.262825],[-111.608518,33.263348],[-111.608574,33.26288],[-111.617227,33.263116],[-111.617518,33.268577],[-111.618284,33.266825],[-111.618049,33.265355],[-111.619518,33.264793],[-111.620187,33.263493],[-111.620812,33.263531],[-111.621518,33.265671],[-111.622233,33.263539],[-111.625518,33.263459],[-111.626484,33.266859],[-111.62892,33.267423],[-111.630211,33.269825],[-111.633518,33.270326],[-111.633518,33.272225],[-111.631464,33.272825],[-111.630591,33.273825],[-111.631518,33.275511],[-111.633518,33.275609],[-111.633782,33.277088],[-111.631847,33.277496],[-111.630518,33.276933],[-111.629032,33.277825],[-111.633518,33.278194],[-111.634024,33.278825],[-111.633518,33.283209],[-111.632672,33.283978],[-111.629269,33.284825],[-111.6338,33.285543],[-111.633976,33.287825],[-111.632943,33.288825],[-111.63389,33.289453],[-111.634042,33.290825],[-111.633518,33.291465],[-111.628344,33.291825],[-111.633908,33.292435],[-111.634266,33.297825],[-111.635314,33.298825],[-111.635225,33.299531],[-111.634057,33.299825],[-111.635262,33.300081],[-111.635518,33.301761],[-111.635735,33.297825],[-111.634847,33.296825],[-111.634908,33.292825],[-111.635903,33.291825],[-111.634922,33.290825],[-111.635252,33.285559],[-111.651518,33.285576],[-111.652518,33.289637],[-111.653355,33.285661],[-111.655518,33.285597],[-111.656274,33.291069],[-111.656518,33.291571],[-111.657518,33.289355],[-111.658518,33.291905],[-111.659518,33.289445],[-111.665989,33.289295],[-111.666391,33.285697],[-111.668636,33.285707],[-111.668662,33.293968],[-111.667518,33.292079],[-111.666518,33.294067],[-111.662048,33.294354],[-111.662518,33.29553],[-111.666775,33.295825],[-111.664732,33.298039],[-111.663095,33.298401],[-111.661799,33.300105],[-111.660238,33.300544],[-111.660233,33.30211],[-111.660518,33.302578],[-111.661884,33.302459],[-111.663518,33.304026],[-111.666651,33.302958],[-111.667518,33.301776],[-111.668518,33.302763],[-111.669428,33.302825],[-111.668518,33.302925],[-111.667951,33.304825],[-111.668889,33.305825],[-111.669106,33.310237],[-111.672134,33.313209],[-111.673855,33.313488],[-111.674769,33.314574],[-111.675518,33.314792],[-111.676518,33.313961],[-111.677888,33.314455],[-111.678518,33.320802]]],"type":"Polygon"}},{"type":"Feature","properties":{"station_id":"aid17","status":"mutual-aid","strategy":"all","band":"4min"},"geometry":{"coordinates":[[[-111.669518,33.291683],[-111.670119,33.285425],[-111.670982,33.285361],[-111.671518,33.286092],[-111.67428,33.286063],[-111.674461,33.286882],[-111.675555,33.286825],[-111.674681,33.286662],[-111.674592,33.285751],[-111.673518,33.285068],[-111.670488,33.283855],[-111.671492,33.282825],[-111.670054,33.281825],[-111.670518,33.277616],[-111.67272,33.278623],[-111.673236,33.281107],[-111.676946,33.282397],[-111.678397,33.283946],[-111.682231,33.283825],[-111.680759,33.283584],[-111.680518,33.282926],[-111.679518,33.283597],[-111.67777,33.281573],[-111.676093,33.28125],[-111.675699,33.280005],[-111.677518,33.278241],[-111.679063,33.27828],[-111.680505,33.279838],[-111.681745,33.278052],[-111.68512,33.278223],[-111.686518,33.282143],[-111.687069,33.279375],[-111.68931,33.277825],[-111.687662,33.277681],[-111.687047,33.276296],[-111.687118,33.271424],[-111.687518,33.271175],[-111.688518,33.272296],[-111.689905,33.272438],[-111.690518,33.273448],[-111.692037,33.271343],[-111.693627,33.270933],[-111.694018,33.269825],[-111.693487,33.269793],[-111.693108,33.270415],[-111.690518,33.270643],[-111.689518,33.269362],[-111.688928,33.270234],[-111.687518,33.270251],[-111.686946,33.268825],[-111.687854,33.268161],[-111.68822,33.266526],[-111.691939,33.266245],[-111.692518,33.265448],[-111.693914,33.265429],[-111.694074,33.266381],[-111.69331,33.266825],[-111.694518,33.269519],[-111.695623,33.268929],[-111.695188,33.266825],[-111.696432,33.266738],[-111.6968,33.265825],[-111.696301,33.264607],[-111.703163,33.263825],[-111.696518,33.263408],[-111.694861,33.262482],[-111.694518,33.260496],[-111.694341,33.264647],[-111.691518,33.264539],[-111.691251,33.265557],[-111.690518,33.265682],[-111.689793,33.26555],[-111.689518,33.264651],[-111.687016,33.264327],[-111.686811,33.258825],[-111.686032,33.258311],[-111.685729,33.256825],[-111.685688,33.253994],[-111.68656,33.252825],[-111.685758,33.252585],[-111.685518,33.251345],[-111.684988,33.258825],[-111.685758,33.259825],[-111.685893,33.262199],[-111.685074,33.262269],[-111.684545,33.260798],[-111.683518,33.261289],[-111.682518,33.260987],[-111.682074,33.261825],[-111.682635,33.262941],[-111.681518,33.26299],[-111.68075,33.264056],[-111.675343,33.264],[-111.675261,33.263082],[-111.673961,33.262825],[-111.675408,33.261825],[-111.675103,33.260825],[-111.676518,33.260342],[-111.677543,33.260825],[-111.676518,33.258025],[-111.674518,33.258491],[-111.674195,33.256501],[-111.67603,33.255825],[-111.672518,33.254368],[-111.673166,33.255825],[-111.672959,33.257825],[-111.670335,33.258008],[-111.670195,33.253825],[-111.66918,33.252825],[-111.669375,33.249681],[-111.670918,33.249825],[-111.672518,33.252351],[-111.674349,33.250825],[-111.674518,33.249786],[-111.679518,33.249232],[-111.680373,33.249825],[-111.680518,33.25143],[-111.682036,33.249342],[-111.684458,33.248885],[-111.684554,33.249825],[-111.684647,33.248825],[-111.678518,33.248444],[-111.677518,33.247797],[-111.675518,33.248302],[-111.671219,33.248124],[-111.670794,33.246549],[-111.669078,33.245825],[-111.668991,33.242825],[-111.669518,33.242202],[-111.671769,33.241825],[-111.669122,33.241221],[-111.669088,33.240394],[-111.671151,33.239825],[-111.669068,33.239275],[-111.668518,33.237577],[-111.667518,33.241794],[-111.665901,33.242825],[-111.667518,33.24313],[-111.668009,33.243825],[-111.6666,33.244825],[-111.667612,33.245825],[-111.666662,33.246968],[-111.661518,33.247698],[-111.660518,33.24662],[-111.658518,33.248271],[-111.657518,33.2478],[-111.656518,33.248599],[-111.653622,33.248825],[-111.657903,33.24944],[-111.660518,33.250646],[-111.662518,33.249294],[-111.663518,33.251744],[-111.664167,33.249473],[-111.665055,33.249825],[-111.665373,33.251825],[-111.664147,33.252453],[-111.663927,33.254233],[-111.662518,33.25372],[-111.661323,33.254825],[-111.66128,33.255825],[-111.664067,33.256825],[-111.663808,33.258114],[-111.661282,33.258588],[-111.660714,33.26202],[-111.660027,33.261825],[-111.659679,33.259664],[-111.658449,33.259755],[-111.657518,33.260609],[-111.656379,33.259964],[-111.655518,33.258267],[-111.654995,33.259301],[-111.653866,33.258825],[-111.654027,33.257825],[-111.655649,33.256825],[-111.653961,33.255825],[-111.653817,33.253825],[-111.652149,33.253194],[-111.652113,33.252419],[-111.653492,33.251825],[-111.651995,33.250348],[-111.65221,33.248825],[-111.651518,33.248055],[-111.651297,33.250825],[-111.650108,33.251825],[-111.650457,33.252825],[-111.649848,33.254154],[-111.650935,33.256408],[-111.650913,33.260825],[-111.651796,33.265102],[-111.650368,33.264975],[-111.649518,33.263512],[-111.647158,33.263185],[-111.645518,33.261344],[-111.643518,33.260431],[-111.641794,33.260549],[-111.641609,33.259825],[-111.640891,33.259825],[-111.641484,33.259859],[-111.641503,33.26084],[-111.64342,33.260923],[-111.64348,33.261863],[-111.644389,33.261954],[-111.644828,33.262825],[-111.64631,33.263033],[-111.646445,33.263898],[-111.649203,33.26514],[-111.649409,33.265934],[-111.651097,33.266246],[-111.652518,33.268055],[-111.656163,33.26918],[-111.657362,33.270981],[-111.658969,33.271374],[-111.66214,33.274203],[-111.663936,33.274407],[-111.666836,33.275825],[-111.663518,33.27738],[-111.662518,33.276599],[-111.661518,33.277471],[-111.660518,33.276511],[-111.659518,33.277389],[-111.657369,33.277825],[-111.659518,33.278154],[-111.660518,33.27945],[-111.660871,33.278177],[-111.661719,33.278025],[-111.668781,33.278562],[-111.668844,33.28115],[-111.666936,33.281825],[-111.66783,33.282825],[-111.667508,33.283825],[-111.666198,33.284504],[-111.662325,33.284825],[-111.665518,33.285837],[-111.666518,33.285098],[-111.668914,33.285429],[-111.669518,33.291683]]],"type":"Polygon"}},{"type":"Feature","properties":{"station_id":"aid18","status":"mutual-aid","strategy":"all","band":"8min"},"geometry":{"coordinates":[[[-111.600306,33.31476],[-111.600573,33.312396],[-111.603059,33.31213],[-111.600664,33.311772],[-111.600832,33.306655],[-111.609805,33.30613],[-111.606306,33.305904],[-111.605306,33.304488],[-111.604306,33.305716],[-111.601021,33.305415],[-111.60104,33.303863],[-111.602598,33.30313],[-111.601063,33.300373],[-111.601306,33.299815],[-111.607306,33.299449],[-111.609306,33.300497],[-111.612306,33.300401],[-111.613306,33.301375],[-111.61598,33.301456],[-111.616204,33.302232],[-111.617779,33.302657],[-111.619306,33.304257],[-111.621094,33.30413],[-111.619575,33.303861],[-111.618482,33.301954],[-111.616822,33.301614],[-111.616306,33.300747],[-111.614306,33.300809],[-111.613306,33.299643],[-111.610306,33.299763],[-111.609591,33.298845],[-111.606038,33.298398],[-111.606132,33.292955],[-111.608512,33.292924],[-111.609306,33.295431],[-111.610306,33.292832],[-111.617306,33.292739],[-111.618306,33.2957],[-111.619306,33.292692],[-111.630609,33.29213],[-111.61803,33.291406],[-111.618063,33.27913],[-111.619154,33.277977],[-111.620306,33.277895],[-111.621306,33.27888],[-111.62551,33.278926],[-111.626306,33.281477],[-111.627306,33.278828],[-111.633306,33.278735],[-111.634537,33.279899],[-111.634588,33.283411],[-111.633306,33.282911],[-111.629756,33.28513],[-111.634747,33.28613],[-111.634645,33.288468],[-111.632924,33.28913],[-111.633722,33.289714],[-111.633898,33.29113],[-111.632577,33.29213],[-111.634898,33.29313],[-111.635103,33.299926],[-111.634106,33.30013],[-111.635127,33.300308],[-111.635306,33.301403],[-111.636008,33.285831],[-111.648272,33.28513],[-111.645306,33.284392],[-111.644306,33.284692],[-111.643306,33.284066],[-111.64185,33.284586],[-111.641217,33.283041],[-111.642257,33.28113],[-111.641835,33.28013],[-111.642306,33.279302],[-111.643306,33.280546],[-111.646306,33.278534],[-111.648306,33.278855],[-111.650201,33.27813],[-111.648306,33.277837],[-111.647306,33.276976],[-111.64515,33.277286],[-111.643841,33.276595],[-111.643306,33.275257],[-111.642725,33.276548],[-111.641306,33.276646],[-111.640306,33.277573],[-111.638306,33.276296],[-111.636306,33.276525],[-111.636047,33.27587],[-111.637306,33.274773],[-111.638306,33.27571],[-111.641306,33.274521],[-111.643061,33.274375],[-111.643306,33.274885],[-111.643708,33.27413],[-111.642306,33.273561],[-111.638306,33.273537],[-111.637306,33.272612],[-111.636306,33.273455],[-111.636121,33.270944],[-111.637306,33.270811],[-111.638306,33.27174],[-111.642306,33.271415],[-111.643306,33.271793],[-111.643776,33.270599],[-111.644893,33.27013],[-111.643022,33.26813],[-111.645179,33.26713],[-111.645735,33.26613],[-111.644626,33.26513],[-111.645167,33.26399],[-111.646306,33.263939],[-111.647851,33.265585],[-111.649306,33.265711],[-111.650306,33.266624],[-111.651306,33.266485],[-111.653107,33.268329],[-111.654857,33.268579],[-111.656205,33.27023],[-111.658106,33.27033],[-111.658306,33.271231],[-111.660199,33.271237],[-111.660275,33.272161],[-111.661261,33.272175],[-111.661306,33.273135],[-111.661566,33.272389],[-111.660685,33.27113],[-111.658744,33.270692],[-111.658306,33.26958],[-111.657095,33.269341],[-111.657133,33.26813],[-111.656306,33.267262],[-111.654306,33.267545],[-111.652841,33.26613],[-111.653306,33.263849],[-111.654306,33.264632],[-111.656676,33.263499],[-111.659117,33.26313],[-111.652886,33.26255],[-111.653086,33.25935],[-111.652306,33.257205],[-111.652211,33.259034],[-111.651285,33.25913],[-111.652161,33.259275],[-111.652183,33.26013],[-111.651826,33.26513],[-111.651306,33.265563],[-111.648646,33.26313],[-111.649142,33.26213],[-111.647521,33.260915],[-111.644075,33.260361],[-111.642646,33.25513],[-111.641527,33.25413],[-111.643306,33.253076],[-111.644568,33.25413],[-111.646588,33.254411],[-111.64766,33.25313],[-111.646903,33.250727],[-111.650306,33.249522],[-111.651306,33.250329],[-111.651651,33.249474],[-111.653942,33.24913],[-111.652575,33.248861],[-111.651306,33.247504],[-111.648306,33.248757],[-111.644306,33.246028],[-111.643306,33.246853],[-111.639936,33.2455],[-111.636801,33.23913],[-111.634778,33.238658],[-111.634306,33.235513],[-111.633573,33.243396],[-111.628389,33.244047],[-111.623468,33.243291],[-111.623546,33.245369],[-111.622306,33.246489],[-111.621306,33.246511],[-111.619982,33.24513],[-111.621306,33.244148],[-111.622306,33.244259],[-111.623081,33.24313],[-111.620306,33.242448],[-111.618764,33.243587],[-111.616306,33.243711],[-111.615306,33.242788],[-111.613835,33.242601],[-111.613306,33.241644],[-111.610412,33.241024],[-111.610222,33.240214],[-111.607306,33.239399],[-111.605805,33.237631],[-111.603306,33.237384],[-111.601755,33.235681],[-111.600082,33.235354],[-111.598666,33.23377],[-111.594811,33.232625],[-111.594306,33.231949],[-111.592727,33.23213],[-111.593505,33.23313],[-111.592455,33.234278],[-111.58934,33.235163],[-111.58712,33.234943],[-111.586306,33.236125],[-111.584306,33.235589],[-111.584025,33.234849],[-111.58563,33.23413],[-111.583909,33.233527],[-111.583306,33.229419],[-111.582594,33.23013],[-111.58311,33.230326],[-111.58313,33.232953],[-111.581916,33.23313],[-111.581674,33.23413],[-111.58168,33.238503],[-111.57958,33.24013],[-111.580584,33.24113],[-111.579202,33.24213],[-111.579932,33.24313],[-111.579687,33.24413],[-111.577306,33.244632],[-111.576306,33.244262],[-111.575306,33.244831],[-111.574306,33.244055],[-111.572306,33.245662],[-111.571306,33.24375],[-111.570306,33.246432],[-111.569306,33.245999],[-111.567628,33.248451],[-111.566022,33.248414],[-111.565601,33.245425],[-111.566318,33.24513],[-111.564306,33.244768],[-111.563825,33.24413],[-111.563692,33.24013],[-111.565427,33.23913],[-111.563588,33.23813],[-111.563306,33.234485],[-111.562266,33.23813],[-111.562849,33.23913],[-111.562842,33.24213],[-111.560151,33.24313],[-111.562692,33.243744],[-111.56276,33.24513],[-111.561205,33.246028],[-111.560616,33.248439],[-111.558917,33.247519],[-111.558306,33.246016],[-111.557306,33.248207],[-111.556306,33.247445],[-111.554306,33.248512],[-111.553073,33.248363],[-111.552306,33.246619],[-111.551306,33.24832],[-111.550306,33.248092],[-111.550093,33.248916],[-111.548076,33.24913],[-111.552306,33.249595],[-111.554306,33.251042],[-111.555306,33.249557],[-111.556306,33.251353],[-111.557306,33.251752],[-111.558742,33.251565],[-111.559306,33.250004],[-111.561066,33.25113],[-111.558817,33.25164],[-111.558306,33.254781],[-111.555202,33.255025],[-111.55503,33.25813],[-111.55705,33.25913],[-111.554306,33.259596],[-111.553306,33.260786],[-111.551306,33.261022],[-111.548471,33.259965],[-111.546306,33.259888],[-111.544306,33.263648],[-111.542306,33.261294],[-111.541306,33.263771],[-111.540306,33.262018],[-111.539792,33.263615],[-111.538649,33.263787],[-111.538306,33.262748],[-111.538023,33.263846],[-111.536566,33.26413],[-111.541306,33.264874],[-111.545306,33.264631],[-111.546306,33.266968],[-111.547001,33.263824],[-111.549306,33.263747],[-111.549695,33.26413],[-111.549,33.265436],[-111.550306,33.268679],[-111.551706,33.26413],[-111.552306,33.263793],[-111.553717,33.26613],[-111.554406,33.27113],[-111.558306,33.272504],[-111.559306,33.274157],[-111.560009,33.271832],[-111.56163,33.272806],[-111.561527,33.27413],[-111.562306,33.275331],[-111.560378,33.27713],[-111.557112,33.277324],[-111.555306,33.276318],[-111.554306,33.277722],[-111.553306,33.277166],[-111.553158,33.277981],[-111.551056,33.27813],[-111.562582,33.278854],[-111.563248,33.289071],[-111.56326,33.293084],[-111.562676,33.29313],[-111.563306,33.294334],[-111.564041,33.278864],[-111.579306,33.278895],[-111.580306,33.282647],[-111.58103,33.27913],[-111.58245,33.277986],[-111.582639,33.28913],[-111.579774,33.29013],[-111.580306,33.291812],[-111.582306,33.290749],[-111.582674,33.29113],[-111.582581,33.292405],[-111.580306,33.292391],[-111.57989,33.29313],[-111.580306,33.29478],[-111.582592,33.293844],[-111.582611,33.297434],[-111.563306,33.297768],[-111.563306,33.298253],[-111.582306,33.298564],[-111.584306,33.299559],[-111.591306,33.299765],[-111.591765,33.300589],[-111.590911,33.30113],[-111.592306,33.303339],[-111.593036,33.29986],[-111.597306,33.299821],[-111.599306,33.299067],[-111.599597,33.305421],[-111.595853,33.30613],[-111.597306,33.307597],[-111.599516,33.30692],[-111.59976,33.30913],[-111.598849,33.31013],[-111.600006,33.31213],[-111.600306,33.31476]]],"type":"Polygon"}},{"type":"Feature","properties":{"station_id":"aid18","status":"mutual-aid","strategy":"all","band":"4min"},"geometry":{"coordinates":[[[-111.600306,33.28964],[-111.60107,33.277893],[-111.603603,33.277833],[-111.604306,33.27987],[-111.604996,33.277819],[-111.608306,33.277561],[-111.609306,33.279681],[-111.610306,33.277461],[-111.613075,33.277361],[-111.613306,33.277789],[-111.614666,33.27713],[-111.610306,33.276798],[-111.609306,33.275824],[-111.608306,33.276698],[-111.601306,33.276495],[-111.600632,33.27413],[-111.601135,33.270958],[-111.609306,33.270212],[-111.609609,33.267432],[-111.611277,33.26413],[-111.616306,33.26353],[-111.616954,33.26413],[-111.617153,33.269976],[-111.616437,33.27013],[-111.617306,33.273213],[-111.618788,33.27013],[-111.617844,33.269592],[-111.617745,33.26813],[-111.619774,33.26713],[-111.617963,33.266473],[-111.618306,33.264639],[-111.621306,33.263671],[-111.622306,33.265363],[-111.622963,33.263787],[-111.625306,33.263572],[-111.626306,33.264701],[-111.627306,33.263845],[-111.629306,33.264693],[-111.630306,33.263513],[-111.633449,33.26313],[-111.629306,33.262365],[-111.628306,33.2628],[-111.625306,33.260873],[-111.624306,33.26181],[-111.622306,33.260019],[-111.619903,33.26213],[-111.618147,33.262289],[-111.617663,33.25713],[-111.619105,33.25613],[-111.617619,33.255817],[-111.617306,33.253459],[-111.616744,33.256568],[-111.614755,33.25813],[-111.616306,33.258448],[-111.616837,33.25913],[-111.614306,33.260504],[-111.611306,33.258265],[-111.610151,33.258285],[-111.609306,33.255766],[-111.608306,33.257777],[-111.607306,33.257794],[-111.606356,33.25713],[-111.607851,33.25613],[-111.602181,33.25513],[-111.605089,33.25213],[-111.603929,33.25113],[-111.604568,33.25013],[-111.606306,33.248564],[-111.608306,33.248653],[-111.609097,33.24813],[-111.604613,33.247823],[-111.602306,33.246482],[-111.601306,33.246618],[-111.600306,33.242181],[-111.598336,33.24513],[-111.599107,33.24613],[-111.598509,33.247332],[-111.595306,33.247135],[-111.595003,33.247826],[-111.59148,33.24813],[-111.594306,33.248414],[-111.595306,33.249507],[-111.595654,33.248477],[-111.596925,33.248511],[-111.598202,33.25013],[-111.599672,33.250764],[-111.598625,33.25213],[-111.599593,33.25313],[-111.599306,33.25762],[-111.597868,33.25713],[-111.598125,33.25413],[-111.597306,33.253445],[-111.59611,33.254933],[-111.596457,33.256281],[-111.593874,33.25613],[-111.592298,33.258121],[-111.588196,33.25913],[-111.587744,33.260567],[-111.586081,33.26113],[-111.586313,33.26213],[-111.584306,33.262401],[-111.583848,33.26013],[-111.584927,33.25913],[-111.583597,33.25713],[-111.583306,33.254035],[-111.581691,33.25613],[-111.58218,33.25713],[-111.581407,33.25813],[-111.582286,33.25913],[-111.580356,33.26013],[-111.578811,33.26213],[-111.576306,33.262044],[-111.575306,33.262732],[-111.573306,33.262101],[-111.572306,33.262884],[-111.568589,33.26313],[-111.577306,33.263587],[-111.578306,33.265425],[-111.579306,33.263642],[-111.582592,33.263844],[-111.583306,33.271532],[-111.584306,33.265708],[-111.586306,33.267149],[-111.589927,33.268509],[-111.590306,33.269562],[-111.590632,33.26813],[-111.591782,33.26713],[-111.592097,33.26392],[-111.59946,33.263976],[-111.598706,33.26453],[-111.598454,33.266277],[-111.597306,33.265388],[-111.596812,33.265635],[-111.596623,33.26913],[-111.595598,33.270422],[-111.591156,33.27113],[-111.593187,33.27213],[-111.592625,33.27313],[-111.59408,33.27513],[-111.593694,33.27613],[-111.592306,33.275778],[-111.591306,33.276733],[-111.585804,33.27713],[-111.589306,33.278187],[-111.590306,33.27742],[-111.595306,33.27856],[-111.599599,33.277837],[-111.599306,33.278676],[-111.597068,33.27913],[-111.598674,33.279762],[-111.599671,33.281765],[-111.600306,33.28964]]],"type":"Polygon"}},{"type":"Feature","properties":{"station_id":"aid19","status":"mutual-aid","strategy":"all","band":"8min"},"geometry":{"coordinates":[[[-111.629441,33.470129],[-111.629706,33.467894],[-111.631501,33.466629],[-111.632728,33.463629],[-111.634441,33.463015],[-111.636441,33.463824],[-111.637441,33.463852],[-111.637432,33.463619],[-111.636497,33.463573],[-111.636441,33.462411],[-111.633441,33.462335],[-111.632777,33.461629],[-111.633928,33.459116],[-111.635445,33.458632],[-111.633441,33.458466],[-111.632703,33.457629],[-111.632753,33.455629],[-111.634463,33.452629],[-111.635441,33.452066],[-111.639441,33.452461],[-111.640441,33.451886],[-111.645441,33.451791],[-111.646441,33.452212],[-111.648441,33.451791],[-111.649195,33.451875],[-111.649441,33.452968],[-111.649706,33.451893],[-111.65177,33.451629],[-111.650626,33.451444],[-111.650441,33.450806],[-111.649273,33.45146],[-111.643441,33.451185],[-111.642718,33.449352],[-111.64117,33.4489],[-111.640441,33.447201],[-111.639538,33.448629],[-111.640294,33.450481],[-111.636183,33.450887],[-111.635988,33.446629],[-111.634064,33.445006],[-111.634059,33.444246],[-111.637441,33.444008],[-111.638441,33.444976],[-111.639602,33.444789],[-111.640441,33.443797],[-111.641967,33.443629],[-111.640441,33.442684],[-111.639441,33.443012],[-111.638867,33.442629],[-111.638549,33.438629],[-111.637441,33.438325],[-111.637441,33.437373],[-111.640441,33.437349],[-111.641441,33.438305],[-111.642441,33.437333],[-111.643666,33.437404],[-111.644016,33.439629],[-111.643426,33.440629],[-111.644696,33.441374],[-111.645441,33.443394],[-111.647441,33.441793],[-111.648164,33.438351],[-111.651441,33.438304],[-111.652441,33.439294],[-111.653671,33.439399],[-111.656688,33.441382],[-111.659044,33.444026],[-111.660718,33.444352],[-111.666846,33.450224],[-111.666947,33.451629],[-111.669929,33.452141],[-111.673925,33.456145],[-111.674231,33.457629],[-111.67505,33.45802],[-111.67536,33.45971],[-111.676232,33.459838],[-111.676441,33.461547],[-111.676551,33.459629],[-111.675522,33.459548],[-111.675642,33.457629],[-111.674585,33.457485],[-111.674708,33.455629],[-111.671706,33.453364],[-111.670795,33.451275],[-111.667441,33.448145],[-111.66602,33.44805],[-111.66183,33.44324],[-111.660027,33.443043],[-111.656867,33.439203],[-111.655441,33.439253],[-111.654733,33.438337],[-111.65285,33.437629],[-111.653441,33.436915],[-111.654441,33.43688],[-111.657441,33.43708],[-111.658441,33.437931],[-111.660441,33.437091],[-111.662441,33.437404],[-111.665268,33.436629],[-111.659013,33.436057],[-111.658494,33.433629],[-111.658959,33.430629],[-111.659441,33.430128],[-111.664441,33.429893],[-111.665441,33.430387],[-111.6656,33.429787],[-111.667066,33.429629],[-111.664889,33.429181],[-111.664441,33.428435],[-111.663441,33.428565],[-111.6623,33.427487],[-111.663123,33.42631],[-111.664441,33.426331],[-111.666233,33.424629],[-111.667441,33.424468],[-111.668128,33.423315],[-111.674441,33.42305],[-111.675441,33.423736],[-111.676441,33.422774],[-111.679441,33.423234],[-111.681853,33.422629],[-111.675672,33.422398],[-111.675924,33.419629],[-111.675441,33.419467],[-111.675137,33.420324],[-111.673986,33.420629],[-111.673843,33.42203],[-111.672979,33.422091],[-111.672065,33.421629],[-111.672244,33.419629],[-111.670448,33.418622],[-111.667791,33.418279],[-111.667441,33.417723],[-111.665441,33.420329],[-111.664441,33.419852],[-111.663441,33.420771],[-111.662576,33.419494],[-111.660602,33.419468],[-111.658685,33.418629],[-111.659441,33.416269],[-111.660441,33.417025],[-111.664441,33.416177],[-111.665441,33.41707],[-111.666441,33.416315],[-111.667441,33.417424],[-111.668441,33.416008],[-111.670103,33.415629],[-111.668441,33.415478],[-111.667441,33.414551],[-111.666441,33.415095],[-111.665353,33.41454],[-111.660727,33.415343],[-111.660441,33.41312],[-111.656441,33.411317],[-111.653745,33.413629],[-111.652311,33.413759],[-111.652265,33.410452],[-111.653441,33.409534],[-111.654441,33.409952],[-111.655441,33.408624],[-111.656441,33.409324],[-111.657441,33.408214],[-111.658441,33.408682],[-111.658829,33.408016],[-111.660301,33.407629],[-111.658441,33.40711],[-111.651441,33.407363],[-111.650649,33.406629],[-111.650441,33.404659],[-111.648691,33.406878],[-111.647341,33.406729],[-111.648023,33.405629],[-111.646441,33.403273],[-111.643805,33.404629],[-111.642565,33.406629],[-111.641356,33.406714],[-111.640945,33.401629],[-111.64201,33.400629],[-111.642792,33.397278],[-111.642023,33.39721],[-111.641052,33.398239],[-111.640709,33.399897],[-111.639441,33.400419],[-111.63591,33.398629],[-111.636972,33.397159],[-111.638541,33.396629],[-111.636425,33.394612],[-111.638441,33.393927],[-111.642695,33.393629],[-111.640797,33.393273],[-111.640441,33.392657],[-111.639995,33.393182],[-111.638441,33.393131],[-111.636671,33.391629],[-111.635544,33.391526],[-111.633792,33.390278],[-111.633812,33.387999],[-111.634441,33.387551],[-111.635441,33.387952],[-111.642428,33.387629],[-111.64528,33.386467],[-111.648202,33.387868],[-111.648167,33.389354],[-111.646708,33.389629],[-111.646644,33.391831],[-111.643057,33.395244],[-111.642828,33.396629],[-111.643606,33.396793],[-111.648771,33.391958],[-111.648896,33.388629],[-111.65065,33.38742],[-111.648639,33.386431],[-111.648441,33.37607],[-111.64828,33.385467],[-111.647441,33.386015],[-111.643204,33.385392],[-111.640441,33.38551],[-111.640385,33.386572],[-111.633441,33.386557],[-111.632588,33.386482],[-111.632441,33.38546],[-111.628441,33.386384],[-111.617441,33.385956],[-111.616441,33.386343],[-111.616441,33.385116],[-111.619354,33.383629],[-111.620441,33.380987],[-111.622298,33.380629],[-111.622346,33.379533],[-111.624441,33.380868],[-111.625441,33.379588],[-111.626441,33.380137],[-111.627441,33.379097],[-111.629093,33.378629],[-111.626441,33.377757],[-111.622441,33.378345],[-111.619867,33.377203],[-111.618699,33.375629],[-111.618592,33.371779],[-111.619469,33.371629],[-111.618562,33.371508],[-111.618441,33.370633],[-111.61792,33.374107],[-111.614857,33.374629],[-111.616441,33.375465],[-111.617803,33.375267],[-111.618779,33.377966],[-111.6103,33.378487],[-111.602441,33.378203],[-111.601835,33.377629],[-111.601861,33.376048],[-111.603434,33.374629],[-111.601981,33.372629],[-111.603847,33.371629],[-111.601876,33.371194],[-111.601441,33.368701],[-111.600438,33.373626],[-111.601241,33.374629],[-111.600941,33.378128],[-111.594441,33.378431],[-111.593751,33.378319],[-111.593441,33.377121],[-111.592034,33.378221],[-111.590319,33.378629],[-111.59786,33.37921],[-111.598313,33.380629],[-111.597652,33.38484],[-111.596,33.385187],[-111.595441,33.386001],[-111.581914,33.386629],[-111.595441,33.387256],[-111.597441,33.386473],[-111.597601,33.392788],[-111.590441,33.392921],[-111.589904,33.392166],[-111.58875,33.391937],[-111.586441,33.391984],[-111.585441,33.392973],[-111.581166,33.392904],[-111.580849,33.387629],[-111.58139,33.386629],[-111.580735,33.385629],[-111.580441,33.382182],[-111.579935,33.386122],[-111.578055,33.386629],[-111.578235,33.388835],[-111.579955,33.389629],[-111.579726,33.392913],[-111.572441,33.393296],[-111.569441,33.392396],[-111.568441,33.393406],[-111.566285,33.393629],[-111.569441,33.394409],[-111.570881,33.394189],[-111.572441,33.395002],[-111.573441,33.393903],[-111.579585,33.394485],[-111.577548,33.397629],[-111.577441,33.399909],[-111.576008,33.400195],[-111.574504,33.401691],[-111.572441,33.401049],[-111.568427,33.403614],[-111.567231,33.403418],[-111.566441,33.404897],[-111.564755,33.404315],[-111.563441,33.400493],[-111.562772,33.402959],[-111.561865,33.403629],[-111.563232,33.403838],[-111.562882,33.407069],[-111.55508,33.407629],[-111.558441,33.408646],[-111.559441,33.408222],[-111.560456,33.409629],[-111.559441,33.411316],[-111.557441,33.411021],[-111.555791,33.413978],[-111.554441,33.413303],[-111.551318,33.413752],[-111.550441,33.411907],[-111.549441,33.413362],[-111.547777,33.413293],[-111.546441,33.410435],[-111.54554,33.413629],[-111.544008,33.414629],[-111.545862,33.415208],[-111.545768,33.418955],[-111.544311,33.419498],[-111.544094,33.420281],[-111.542441,33.420142],[-111.541441,33.421114],[-111.54004,33.42103],[-111.539441,33.420357],[-111.538441,33.421131],[-111.537441,33.420233],[-111.536037,33.421224],[-111.531076,33.422629],[-111.538828,33.423242],[-111.538863,33.42405],[-111.537245,33.424433],[-111.535316,33.426754],[-111.536545,33.426732],[-111.537977,33.425164],[-111.539441,33.424988],[-111.540441,33.424061],[-111.543441,33.423903],[-111.544321,33.425749],[-111.54599,33.426629],[-111.546106,33.428629],[-111.545315,33.429755],[-111.546441,33.431937],[-111.547335,33.427522],[-111.549294,33.426776],[-111.550441,33.428375],[-111.551288,33.426475],[-111.552441,33.425749],[-111.553314,33.426629],[-111.552789,33.427629],[-111.553914,33.428156],[-111.554441,33.429544],[-111.554985,33.428172],[-111.556441,33.42783],[-111.557354,33.428629],[-111.556009,33.429629],[-111.558789,33.430629],[-111.559345,33.432629],[-111.558042,33.433629],[-111.562441,33.434305],[-111.563441,33.435515],[-111.564441,33.434352],[-111.568911,33.434629],[-111.568441,33.435993],[-111.567441,33.434809],[-111.566749,33.435936],[-111.563441,33.436408],[-111.563441,33.436993],[-111.579441,33.437309],[-111.579797,33.443629],[-111.57891,33.445629],[-111.580133,33.446629],[-111.579827,33.450014],[-111.578441,33.450674],[-111.578226,33.451414],[-111.57431,33.451629],[-111.577868,33.452202],[-111.578441,33.45342],[-111.578956,33.452143],[-111.579855,33.452215],[-111.57991,33.453098],[-111.578529,33.453629],[-111.580166,33.454904],[-111.580441,33.456877],[-111.581025,33.446629],[-111.583249,33.444629],[-111.582089,33.443981],[-111.581118,33.441629],[-111.582085,33.440629],[-111.582169,33.439356],[-111.585441,33.437373],[-111.597563,33.437507],[-111.597592,33.43978],[-111.594771,33.440629],[-111.596103,33.440967],[-111.596441,33.443897],[-111.597039,33.441629],[-111.597683,33.441629],[-111.597844,33.446629],[-111.596929,33.447629],[-111.597236,33.450629],[-111.599106,33.450629],[-111.598115,33.448302],[-111.601441,33.447853],[-111.604441,33.451013],[-111.606441,33.449156],[-111.606878,33.450065],[-111.604931,33.451629],[-111.608441,33.452124],[-111.61087,33.450057],[-111.611441,33.448376],[-111.611795,33.451629],[-111.612441,33.452275],[-111.613245,33.451433],[-111.614212,33.451399],[-111.615441,33.452409],[-111.623646,33.452425],[-111.624331,33.456629],[-111.625441,33.457836],[-111.628807,33.453629],[-111.627441,33.45319],[-111.62724,33.452427],[-111.632676,33.452394],[-111.631853,33.453629],[-111.631554,33.457741],[-111.630515,33.458629],[-111.631795,33.459275],[-111.631958,33.460629],[-111.631157,33.461344],[-111.630896,33.464083],[-111.629419,33.464629],[-111.630222,33.466629],[-111.629314,33.467629],[-111.629441,33.470129]]],"type":"Polygon"}},{"type":"Feature","properties":{"station_id":"aid19","status":"mutual-aid","strategy":"all","band":"4min"},"geometry":{"coordinates":[[[-111.615441,33.447455],[-111.615674,33.444629],[-111.616746,33.443629],[-111.615798,33.442629],[-111.617091,33.441979],[-111.617441,33.442789],[-111.618441,33.440856],[-111.617057,33.438629],[-111.619441,33.43722],[-111.620441,33.437952],[-111.621441,33.436924],[-111.623231,33.436839],[-111.624059,33.437011],[-111.624441,33.437875],[-111.62692,33.436629],[-111.624441,33.436006],[-111.620441,33.436244],[-111.619714,33.435629],[-111.619439,33.434626],[-111.621207,33.433629],[-111.619666,33.432629],[-111.622121,33.431629],[-111.620441,33.43134],[-111.619767,33.430629],[-111.622787,33.429629],[-111.621703,33.428629],[-111.623441,33.427649],[-111.624441,33.428529],[-111.625441,33.427308],[-111.628619,33.426806],[-111.627894,33.424629],[-111.628172,33.423359],[-111.631441,33.423197],[-111.631952,33.423629],[-111.631567,33.425629],[-111.632441,33.43107],[-111.633147,33.429629],[-111.632671,33.428629],[-111.633826,33.427629],[-111.633629,33.426629],[-111.63526,33.425629],[-111.63368,33.424629],[-111.634282,33.423469],[-111.635441,33.425437],[-111.63569,33.422877],[-111.637275,33.422795],[-111.638441,33.423782],[-111.639441,33.422929],[-111.642798,33.422629],[-111.641441,33.421999],[-111.641207,33.422394],[-111.637441,33.422377],[-111.636441,33.420624],[-111.636004,33.422191],[-111.63489,33.42218],[-111.633765,33.420629],[-111.634431,33.418629],[-111.633441,33.417527],[-111.631004,33.418629],[-111.630441,33.421788],[-111.629441,33.420829],[-111.628441,33.42154],[-111.627441,33.419421],[-111.626116,33.420303],[-111.625441,33.42197],[-111.623876,33.420194],[-111.622142,33.419928],[-111.621441,33.418803],[-111.617441,33.418967],[-111.616237,33.417833],[-111.616441,33.417252],[-111.619441,33.418081],[-111.621441,33.417842],[-111.622097,33.416284],[-111.623441,33.416153],[-111.624441,33.41853],[-111.625441,33.41736],[-111.626441,33.418013],[-111.627441,33.415887],[-111.628441,33.416435],[-111.633422,33.415629],[-111.632441,33.414536],[-111.631441,33.415152],[-111.627223,33.41441],[-111.625441,33.414637],[-111.624441,33.412359],[-111.622441,33.414281],[-111.61642,33.41465],[-111.616215,33.412402],[-111.617441,33.412784],[-111.618441,33.412046],[-111.620964,33.411629],[-111.619585,33.410629],[-111.620014,33.409201],[-111.621441,33.408271],[-111.624799,33.407629],[-111.617702,33.405368],[-111.616345,33.403629],[-111.616676,33.402629],[-111.615837,33.402233],[-111.615441,33.399914],[-111.614689,33.402629],[-111.615118,33.403629],[-111.613542,33.404629],[-111.614923,33.405147],[-111.614884,33.406072],[-111.607427,33.407614],[-111.605441,33.407446],[-111.604441,33.406742],[-111.603441,33.407318],[-111.602441,33.406141],[-111.600596,33.405474],[-111.599235,33.403629],[-111.598441,33.399269],[-111.598145,33.401332],[-111.596749,33.402629],[-111.597052,33.403629],[-111.595496,33.406629],[-111.594305,33.406765],[-111.593441,33.4062],[-111.592,33.407187],[-111.588937,33.407629],[-111.595125,33.407945],[-111.597441,33.408599],[-111.596425,33.409629],[-111.597503,33.41069],[-111.592552,33.411629],[-111.59452,33.412629],[-111.593441,33.413879],[-111.590037,33.414033],[-111.589441,33.41221],[-111.587441,33.41291],[-111.586441,33.414015],[-111.585441,33.413489],[-111.580811,33.414629],[-111.580976,33.415094],[-111.587441,33.415047],[-111.589178,33.416629],[-111.588672,33.417859],[-111.586441,33.418576],[-111.585441,33.417262],[-111.584476,33.419663],[-111.582631,33.420629],[-111.581195,33.419629],[-111.58247,33.418629],[-111.580906,33.417629],[-111.581487,33.416583],[-111.580441,33.415138],[-111.579745,33.416629],[-111.580126,33.419629],[-111.578499,33.421686],[-111.577441,33.419749],[-111.573441,33.421818],[-111.572441,33.420892],[-111.569667,33.422629],[-111.572441,33.423681],[-111.57286,33.423047],[-111.574027,33.423043],[-111.576441,33.424586],[-111.577441,33.423826],[-111.578028,33.424043],[-111.580441,33.429167],[-111.582049,33.425629],[-111.584208,33.424862],[-111.586989,33.425629],[-111.588005,33.427629],[-111.589441,33.428454],[-111.590339,33.426526],[-111.591794,33.426276],[-111.592382,33.428629],[-111.591751,33.429629],[-111.593406,33.430629],[-111.593441,33.432175],[-111.594441,33.431947],[-111.595222,33.432629],[-111.593635,33.433629],[-111.596441,33.434124],[-111.598001,33.435629],[-111.597441,33.436305],[-111.595441,33.435925],[-111.593927,33.436629],[-111.597441,33.436952],[-111.598441,33.438758],[-111.599441,33.436982],[-111.600441,33.437447],[-111.601769,33.436629],[-111.599441,33.435694],[-111.598925,33.434629],[-111.599441,33.433992],[-111.600619,33.434806],[-111.601632,33.431629],[-111.603441,33.42976],[-111.605906,33.431164],[-111.606441,33.432724],[-111.607441,33.431522],[-111.608441,33.4325],[-111.609441,33.431877],[-111.609107,33.430294],[-111.610812,33.430258],[-111.612259,33.431811],[-111.614441,33.432235],[-111.614705,33.432892],[-111.610153,33.43334],[-111.609596,33.433629],[-111.610337,33.434629],[-111.60995,33.435629],[-111.608441,33.436395],[-111.605926,33.436629],[-111.60807,33.437],[-111.609004,33.438066],[-111.610441,33.437791],[-111.612714,33.439356],[-111.613466,33.441629],[-111.615085,33.442629],[-111.61434,33.444629],[-111.615083,33.444987],[-111.615441,33.447455]]],"type":"Polygon"}},{"type":"Feature","properties":{"station_id":"aid20","status":"mutual-aid","strategy":"all","band":"8min"},"geometry":{"coordinates":[[[-111.85301,33.524398],[-111.85701,33.525138],[-111.857917,33.52426],[-111.857688,33.522937],[-111.859072,33.522321],[-111.858696,33.520945],[-111.862956,33.52026],[-111.857759,33.519511],[-111.85801,33.518799],[-111.85901,33.518794],[-111.86001,33.517827],[-111.86401,33.517438],[-111.86501,33.521604],[-111.865455,33.520704],[-111.866891,33.52026],[-111.865563,33.519707],[-111.865741,33.51699],[-111.870947,33.51626],[-111.86601,33.515681],[-111.86601,33.513975],[-111.87301,33.513643],[-111.87401,33.518114],[-111.874514,33.516763],[-111.875724,33.51626],[-111.874487,33.51526],[-111.87501,33.509983],[-111.87801,33.509953],[-111.87901,33.51086],[-111.88001,33.510109],[-111.88501,33.510971],[-111.886268,33.510002],[-111.887847,33.513424],[-111.887868,33.518117],[-111.886873,33.51926],[-111.88701,33.523878],[-111.887098,33.522347],[-111.88806,33.52226],[-111.888844,33.510093],[-111.89001,33.510764],[-111.890822,33.510071],[-111.891415,33.51026],[-111.890943,33.511192],[-111.891656,33.511615],[-111.89201,33.513244],[-111.892353,33.510602],[-111.896609,33.50926],[-111.892643,33.508627],[-111.89301,33.499569],[-111.89501,33.500261],[-111.89801,33.498804],[-111.898958,33.501207],[-111.89683,33.50226],[-111.899547,33.502723],[-111.90001,33.504796],[-111.901542,33.502791],[-111.903143,33.50226],[-111.902205,33.50126],[-111.90301,33.499999],[-111.90501,33.501872],[-111.905616,33.49926],[-111.907227,33.496476],[-111.90801,33.496314],[-111.909563,33.497707],[-111.909843,33.499092],[-111.90901,33.499595],[-111.910055,33.499215],[-111.909758,33.496007],[-111.915262,33.49526],[-111.91301,33.49422],[-111.912687,33.494936],[-111.909585,33.494685],[-111.90901,33.4909],[-111.90801,33.493358],[-111.906918,33.493352],[-111.906997,33.49226],[-111.90501,33.488292],[-111.903837,33.490086],[-111.90001,33.488763],[-111.89801,33.490546],[-111.89601,33.488644],[-111.89501,33.490058],[-111.893856,33.48926],[-111.89301,33.490749],[-111.89301,33.483005],[-111.894344,33.48326],[-111.894132,33.48426],[-111.89501,33.485048],[-111.89801,33.484914],[-111.899361,33.48626],[-111.898507,33.48726],[-111.90001,33.487627],[-111.901686,33.48726],[-111.902643,33.48426],[-111.90501,33.48346],[-111.90601,33.481674],[-111.908054,33.482216],[-111.90901,33.484737],[-111.910512,33.480762],[-111.91201,33.480469],[-111.91301,33.480894],[-111.91455,33.48026],[-111.90991,33.47936],[-111.90901,33.47704],[-111.908664,33.479913],[-111.907394,33.479876],[-111.90501,33.477156],[-111.902952,33.476318],[-111.901983,33.47326],[-111.90001,33.471864],[-111.897039,33.477288],[-111.896739,33.476531],[-111.895624,33.47626],[-111.895225,33.47426],[-111.89401,33.474019],[-111.89301,33.47525],[-111.892477,33.47026],[-111.89301,33.46836],[-111.89501,33.46785],[-111.89701,33.468768],[-111.89801,33.467419],[-111.898828,33.467442],[-111.90001,33.469829],[-111.901497,33.46826],[-111.901653,33.466902],[-111.906512,33.46626],[-111.905034,33.465236],[-111.901562,33.465708],[-111.90101,33.462328],[-111.90073,33.462979],[-111.89901,33.463427],[-111.89801,33.460264],[-111.896024,33.46326],[-111.897156,33.464405],[-111.89401,33.464255],[-111.890747,33.465523],[-111.889241,33.46026],[-111.889295,33.459544],[-111.890112,33.45926],[-111.89001,33.45701],[-111.889871,33.45912],[-111.888884,33.45926],[-111.888601,33.46426],[-111.88601,33.46558],[-111.883694,33.46526],[-111.88301,33.458958],[-111.88201,33.465543],[-111.88101,33.464559],[-111.8788,33.46447],[-111.877492,33.46326],[-111.877376,33.461894],[-111.875752,33.461518],[-111.87565,33.45726],[-111.87501,33.456941],[-111.87401,33.457925],[-111.866722,33.45726],[-111.866771,33.45402],[-111.868383,33.453632],[-111.86901,33.452803],[-111.87101,33.452774],[-111.87201,33.451755],[-111.874391,33.451879],[-111.87501,33.454196],[-111.87601,33.451681],[-111.88201,33.45151],[-111.88301,33.45204],[-111.88401,33.451389],[-111.886387,33.45126],[-111.87601,33.450838],[-111.87501,33.448935],[-111.87401,33.450801],[-111.87101,33.450759],[-111.87001,33.451728],[-111.867541,33.45173],[-111.868432,33.45026],[-111.86701,33.449813],[-111.865626,33.450875],[-111.865259,33.452508],[-111.864269,33.453518],[-111.86201,33.453636],[-111.86101,33.454622],[-111.85901,33.454606],[-111.857792,33.455478],[-111.857917,33.44626],[-111.860108,33.445162],[-111.857843,33.444427],[-111.856519,33.442751],[-111.85601,33.438756],[-111.855,33.442249],[-111.851886,33.44426],[-111.854441,33.444829],[-111.854624,33.445873],[-111.853895,33.446375],[-111.85501,33.446453],[-111.855689,33.44726],[-111.85601,33.450176],[-111.856859,33.45126],[-111.856241,33.45449],[-111.85401,33.454626],[-111.850722,33.452548],[-111.850353,33.45126],[-111.85117,33.4491],[-111.848526,33.450775],[-111.84401,33.450796],[-111.84301,33.450333],[-111.84131,33.45096],[-111.84001,33.44971],[-111.83901,33.451054],[-111.837759,33.45126],[-111.838962,33.451308],[-111.839796,33.452474],[-111.839718,33.453967],[-111.838797,33.455046],[-111.83701,33.455194],[-111.836914,33.456163],[-111.83601,33.456299],[-111.837097,33.456346],[-111.83801,33.455578],[-111.838487,33.455783],[-111.839162,33.45826],[-111.840439,33.458831],[-111.840614,33.460656],[-111.842255,33.462015],[-111.84224,33.464489],[-111.839047,33.46526],[-111.84101,33.465816],[-111.842239,33.467488],[-111.839707,33.468956],[-111.839154,33.470403],[-111.8358,33.472049],[-111.835297,33.473546],[-111.833279,33.475529],[-111.831673,33.475922],[-111.830254,33.477503],[-111.82859,33.477839],[-111.827271,33.47952],[-111.825617,33.479866],[-111.824301,33.48155],[-111.822651,33.4819],[-111.821337,33.483587],[-111.81901,33.484323],[-111.817397,33.486646],[-111.815757,33.487007],[-111.814455,33.488705],[-111.81301,33.488979],[-111.81072,33.49197],[-111.809016,33.492254],[-111.809007,33.493256],[-111.808009,33.493262],[-111.809045,33.493294],[-111.809152,33.492401],[-111.811103,33.492352],[-111.812241,33.49049],[-111.815229,33.489478],[-111.817209,33.487458],[-111.818721,33.48726],[-111.819649,33.485898],[-111.821386,33.485884],[-111.821685,33.49026],[-111.820399,33.49126],[-111.821434,33.491836],[-111.821495,33.49426],[-111.82101,33.494782],[-111.82001,33.494121],[-111.817507,33.49526],[-111.821348,33.495922],[-111.82201,33.498922],[-111.823292,33.497541],[-111.823103,33.49626],[-111.82501,33.495861],[-111.826359,33.496911],[-111.826583,33.49826],[-111.82601,33.498981],[-111.824655,33.49926],[-111.830281,33.499989],[-111.83001,33.50177],[-111.826538,33.50226],[-111.82801,33.503225],[-111.829196,33.50326],[-111.828101,33.50335],[-111.827926,33.50526],[-111.829806,33.50826],[-111.830953,33.508317],[-111.83101,33.509252],[-111.831559,33.506808],[-111.832731,33.50626],[-111.831421,33.50526],[-111.831669,33.502918],[-111.838238,33.503032],[-111.83801,33.505711],[-111.833429,33.50626],[-111.83801,33.506739],[-111.838494,33.50726],[-111.838044,33.508293],[-111.83102,33.50926],[-111.833927,33.509343],[-111.83601,33.510072],[-111.83801,33.509765],[-111.83838,33.510629],[-111.83701,33.510795],[-111.83701,33.511395],[-111.84001,33.512659],[-111.841801,33.51247],[-111.84201,33.512939],[-111.842075,33.512195],[-111.839635,33.511635],[-111.839702,33.509951],[-111.84701,33.509931],[-111.847394,33.51326],[-111.84701,33.513863],[-111.84601,33.513509],[-111.845766,33.514504],[-111.846688,33.515582],[-111.849396,33.516645],[-111.849862,33.51626],[-111.84871,33.513959],[-111.85101,33.513804],[-111.851866,33.517404],[-111.852736,33.513985],[-111.854243,33.514027],[-111.854639,33.518631],[-111.856361,33.51926],[-111.85473,33.52026],[-111.856281,33.521989],[-111.856486,33.52326],[-111.85601,33.523849],[-111.852257,33.52426],[-111.85301,33.524398]]],"type":"Polygon"}},{"type":"Feature","properties":{"station_id":"aid20","status":"mutual-aid","strategy":"all","band":"4min"},"geometry":{"coordinates":[[[-111.86501,33.508016],[-111.865341,33.50659],[-111.866478,33.50626],[-111.865282,33.50526],[-111.866157,33.504406],[-111.866091,33.50334],[-111.86818,33.50226],[-111.865637,33.501633],[-111.865665,33.500914],[-111.867302,33.50026],[-111.865681,33.499589],[-111.865712,33.498961],[-111.870317,33.49826],[-111.86601,33.497722],[-111.865607,33.49726],[-111.866747,33.495996],[-111.873407,33.495863],[-111.87401,33.499911],[-111.874594,33.495843],[-111.880077,33.49526],[-111.874599,33.494671],[-111.874012,33.491258],[-111.874542,33.487791],[-111.876224,33.48726],[-111.874243,33.48626],[-111.874598,33.480847],[-111.879894,33.48026],[-111.874593,33.479677],[-111.87401,33.475925],[-111.873406,33.479655],[-111.865756,33.479514],[-111.86701,33.477711],[-111.870109,33.47726],[-111.86801,33.476924],[-111.86701,33.476025],[-111.86601,33.476749],[-111.865546,33.47626],[-111.865625,33.473874],[-111.868204,33.47326],[-111.86601,33.472908],[-111.865382,33.47226],[-111.86617,33.47126],[-111.865266,33.47026],[-111.86601,33.467885],[-111.864965,33.46826],[-111.864396,33.46926],[-111.864428,33.472677],[-111.862564,33.47326],[-111.864404,33.473866],[-111.864323,33.476572],[-111.860663,33.47726],[-111.86401,33.477744],[-111.864268,33.479517],[-111.857691,33.479579],[-111.857272,33.47426],[-111.857803,33.47326],[-111.85701,33.471675],[-111.856719,33.472968],[-111.855663,33.47326],[-111.856652,33.473618],[-111.856696,33.476945],[-111.854126,33.47726],[-111.856389,33.477881],[-111.856327,33.479576],[-111.85401,33.479814],[-111.85301,33.479381],[-111.84926,33.48001],[-111.84801,33.479608],[-111.847013,33.48026],[-111.847818,33.480452],[-111.84801,33.481553],[-111.85101,33.480573],[-111.85601,33.480788],[-111.856444,33.48126],[-111.856282,33.482531],[-111.85501,33.483709],[-111.85255,33.48372],[-111.85201,33.482614],[-111.851552,33.483801],[-111.850343,33.48426],[-111.851572,33.484698],[-111.85201,33.485789],[-111.85301,33.484658],[-111.856257,33.485013],[-111.856232,33.486481],[-111.854596,33.486845],[-111.85401,33.487651],[-111.851781,33.48803],[-111.854384,33.489886],[-111.854358,33.490607],[-111.85043,33.49126],[-111.8553,33.49197],[-111.855529,33.493741],[-111.856301,33.493969],[-111.856319,33.494568],[-111.855651,33.494619],[-111.855473,33.493797],[-111.85401,33.494817],[-111.85301,33.493976],[-111.852438,33.494687],[-111.85101,33.494949],[-111.848833,33.494082],[-111.847024,33.49526],[-111.84801,33.495766],[-111.853439,33.495831],[-111.853516,33.49726],[-111.854653,33.498617],[-111.85601,33.498607],[-111.856642,33.49926],[-111.856699,33.501949],[-111.855882,33.50226],[-111.856756,33.502514],[-111.85701,33.503667],[-111.857576,33.50226],[-111.857321,33.50026],[-111.859128,33.49826],[-111.8576,33.49767],[-111.857681,33.49593],[-111.863306,33.495964],[-111.864306,33.497555],[-111.860717,33.49826],[-111.86401,33.498745],[-111.864465,33.49926],[-111.864394,33.501643],[-111.862217,33.50226],[-111.864414,33.502856],[-111.864739,33.50526],[-111.863984,33.50626],[-111.864708,33.506562],[-111.86501,33.508016]]],"type":"Polygon"}},{"type":"Feature","properties":{"station_id":"aid21","status":"mutual-aid","strategy":"all","band":"8min"},"geometry":{"coordinates":[[[-111.787315,33.503023],[-111.787523,33.49944],[-111.786627,33.49844],[-111.786716,33.49244],[-111.787795,33.49144],[-111.788315,33.480951],[-111.791315,33.482063],[-111.792315,33.481119],[-111.795315,33.481186],[-111.796315,33.482181],[-111.797315,33.481215],[-111.804315,33.481288],[-111.804715,33.48304],[-111.805315,33.48324],[-111.805916,33.48304],[-111.806204,33.481328],[-111.807315,33.481265],[-111.807697,33.482058],[-111.811315,33.482194],[-111.812315,33.483124],[-111.813315,33.483156],[-111.815169,33.478293],[-111.817858,33.477982],[-111.817315,33.476668],[-111.814187,33.476568],[-111.81415,33.47444],[-111.818923,33.474047],[-111.818923,33.472832],[-111.814207,33.472548],[-111.814183,33.470307],[-111.817813,33.469937],[-111.818315,33.469154],[-111.819783,33.468907],[-111.820315,33.467192],[-111.824763,33.466887],[-111.824763,33.465992],[-111.822956,33.46544],[-111.823043,33.464167],[-111.824763,33.46344],[-111.823976,33.46244],[-111.824735,33.46144],[-111.824198,33.460322],[-111.828294,33.45844],[-111.826443,33.45744],[-111.826419,33.45544],[-111.823845,33.45491],[-111.823617,33.453138],[-111.822793,33.45244],[-111.823315,33.451757],[-111.824315,33.452073],[-111.827185,33.45144],[-111.824469,33.451286],[-111.823276,33.450479],[-111.822315,33.44747],[-111.821315,33.45065],[-111.818359,33.45144],[-111.821472,33.452283],[-111.819747,33.454871],[-111.818487,33.45544],[-111.821722,33.45744],[-111.816498,33.45844],[-111.817315,33.459629],[-111.818315,33.459668],[-111.819071,33.46044],[-111.819579,33.46244],[-111.817912,33.462843],[-111.817315,33.461391],[-111.816785,33.462909],[-111.815315,33.464086],[-111.814601,33.46344],[-111.81493,33.46144],[-111.813674,33.46044],[-111.814816,33.45844],[-111.813656,33.458099],[-111.813315,33.456815],[-111.812834,33.457958],[-111.812019,33.458143],[-111.810315,33.457651],[-111.809315,33.458146],[-111.808315,33.457159],[-111.806315,33.457777],[-111.805315,33.45683],[-111.804315,33.457763],[-111.801069,33.458193],[-111.800315,33.459082],[-111.799042,33.459166],[-111.79813,33.461254],[-111.796912,33.46144],[-111.798315,33.461732],[-111.798715,33.46244],[-111.797315,33.462959],[-111.797189,33.463566],[-111.800315,33.464127],[-111.800362,33.465486],[-111.798315,33.465473],[-111.797315,33.466018],[-111.791861,33.465894],[-111.791011,33.462135],[-111.792315,33.461502],[-111.792097,33.460222],[-111.7949,33.45944],[-111.793315,33.458284],[-111.792774,33.458898],[-111.791956,33.458799],[-111.791346,33.45544],[-111.7905,33.455255],[-111.789483,33.45344],[-111.789594,33.452718],[-111.791315,33.452497],[-111.791496,33.45162],[-111.793176,33.45144],[-111.788791,33.450964],[-111.787536,33.44944],[-111.788397,33.44844],[-111.787315,33.446663],[-111.786539,33.450663],[-111.783152,33.45144],[-111.784952,33.451803],[-111.786627,33.453128],[-111.786498,33.454622],[-111.785315,33.45454],[-111.785077,33.455201],[-111.786587,33.457168],[-111.786555,33.458679],[-111.785091,33.458664],[-111.784315,33.457716],[-111.783315,33.459211],[-111.780682,33.45944],[-111.784565,33.46019],[-111.787315,33.462058],[-111.787379,33.462503],[-111.786455,33.462579],[-111.786777,33.465901],[-111.785079,33.466203],[-111.784315,33.467155],[-111.779315,33.466831],[-111.77849,33.465265],[-111.777315,33.465875],[-111.775717,33.465038],[-111.775315,33.463129],[-111.774315,33.464289],[-111.772984,33.46444],[-111.772998,33.46544],[-111.772078,33.465677],[-111.771353,33.46544],[-111.771988,33.46444],[-111.770315,33.46175],[-111.769717,33.465841],[-111.766315,33.465781],[-111.764527,33.46644],[-111.774315,33.466935],[-111.775749,33.467874],[-111.776743,33.467867],[-111.777315,33.467004],[-111.777637,33.467761],[-111.776025,33.46944],[-111.776315,33.471044],[-111.777949,33.469073],[-111.779315,33.468993],[-111.780315,33.46806],[-111.780742,33.46944],[-111.77987,33.47044],[-111.779249,33.473373],[-111.778736,33.47344],[-111.779211,33.473544],[-111.780564,33.472688],[-111.781753,33.468878],[-111.782939,33.468816],[-111.78306,33.471695],[-111.784712,33.47244],[-111.782167,33.47344],[-111.783376,33.4765],[-111.781076,33.47744],[-111.78177,33.47844],[-111.784088,33.478667],[-111.784315,33.479825],[-111.786016,33.47814],[-111.786653,33.47844],[-111.786565,33.479689],[-111.785746,33.48044],[-111.786696,33.48244],[-111.786816,33.49044],[-111.785842,33.49144],[-111.785882,33.49344],[-111.786096,33.49944],[-111.787146,33.50044],[-111.78668,33.50144],[-111.787315,33.503023]]],"type":"Polygon"}},{"type":"Feature","properties":{"station_id":"aid21","status":"mutual-aid","strategy":"all","band":"4min"},"geometry":{"coordinates":[[[-111.805315,33.48244],[-111.806315,33.480925],[-111.807771,33.480984],[-111.808315,33.481636],[-111.810038,33.48044],[-111.805315,33.479885],[-111.805119,33.478243],[-111.813315,33.477824],[-111.814106,33.47744],[-111.813595,33.47716],[-111.814011,33.474135],[-111.818404,33.47344],[-111.814004,33.472751],[-111.813315,33.469371],[-111.809315,33.468721],[-111.808315,33.469925],[-111.805091,33.469664],[-111.805022,33.468146],[-111.806315,33.466846],[-111.808318,33.467442],[-111.809315,33.466716],[-111.811874,33.46644],[-111.805499,33.466256],[-111.805315,33.463633],[-111.804317,33.46444],[-111.805255,33.4645],[-111.805132,33.466256],[-111.798705,33.46644],[-111.800315,33.467046],[-111.801315,33.466694],[-111.802315,33.467596],[-111.802841,33.466965],[-111.803667,33.467088],[-111.803485,33.472609],[-111.801088,33.472667],[-111.800315,33.470524],[-111.799558,33.472682],[-111.797315,33.47288],[-111.796315,33.470611],[-111.795696,33.47282],[-111.792647,33.47344],[-111.795693,33.474062],[-111.796315,33.476384],[-111.796896,33.47502],[-111.800315,33.475053],[-111.801315,33.474139],[-111.801861,33.474894],[-111.803315,33.475146],[-111.803315,33.476752],[-111.797315,33.47707],[-111.796315,33.476487],[-111.795509,33.47744],[-111.796315,33.478117],[-111.803315,33.478127],[-111.803315,33.479933],[-111.799549,33.48044],[-111.804616,33.481139],[-111.805315,33.48244]]],"type":"Polygon"}},{"type":"Feature","properties":{"station_id":"aid22","status":"mutual-aid","strategy":"all","band":"8min"},"geometry":{"coordinates":[[[-111.856589,33.523819],[-111.857153,33.522217],[-111.86002,33.520654],[-111.857224,33.52002],[-111.857292,33.517356],[-111.858589,33.518034],[-111.859589,33.517009],[-111.861609,33.516654],[-111.857589,33.51613],[-111.857344,33.514408],[-111.865589,33.514012],[-111.866589,33.510181],[-111.872589,33.509957],[-111.873589,33.510954],[-111.873994,33.510058],[-111.876535,33.509654],[-111.874589,33.509485],[-111.87392,33.508654],[-111.874391,33.495455],[-111.881873,33.49537],[-111.882589,33.499149],[-111.883589,33.495209],[-111.886973,33.49527],[-111.887589,33.497834],[-111.887867,33.494931],[-111.891185,33.495058],[-111.891589,33.496496],[-111.892044,33.495109],[-111.894048,33.494654],[-111.891912,33.494331],[-111.891589,33.4935],[-111.889589,33.49236],[-111.888589,33.492965],[-111.888198,33.494262],[-111.883589,33.494098],[-111.882589,33.490763],[-111.881589,33.491367],[-111.874348,33.490895],[-111.874299,33.488364],[-111.877589,33.488308],[-111.879014,33.487654],[-111.874288,33.486955],[-111.874212,33.484276],[-111.877199,33.483654],[-111.874192,33.483051],[-111.873946,33.481654],[-111.874589,33.481046],[-111.880038,33.480654],[-111.877589,33.479662],[-111.875589,33.480313],[-111.874589,33.479277],[-111.87389,33.479353],[-111.87376,33.476654],[-111.87421,33.474274],[-111.877161,33.473654],[-111.874229,33.473015],[-111.874295,33.470359],[-111.877589,33.469934],[-111.878589,33.471114],[-111.879334,33.469654],[-111.879324,33.466388],[-111.881589,33.466233],[-111.882046,33.466654],[-111.881993,33.469057],[-111.880182,33.469654],[-111.882019,33.470224],[-111.882589,33.474044],[-111.88316,33.470224],[-111.885107,33.469654],[-111.883589,33.46934],[-111.88304,33.468654],[-111.884805,33.467869],[-111.884151,33.466654],[-111.886974,33.466269],[-111.887589,33.468924],[-111.888058,33.466122],[-111.891107,33.466136],[-111.891589,33.46805],[-111.892241,33.466305],[-111.893589,33.466349],[-111.893733,33.465797],[-111.894886,33.465654],[-111.89099,33.465253],[-111.889589,33.463809],[-111.889211,33.465275],[-111.884589,33.465142],[-111.883589,33.462514],[-111.882589,33.465095],[-111.881286,33.464957],[-111.880589,33.464219],[-111.879589,33.46505],[-111.875589,33.465012],[-111.875589,33.464146],[-111.878721,33.463654],[-111.875174,33.462069],[-111.874589,33.459965],[-111.874238,33.461654],[-111.87325,33.462654],[-111.873833,33.464897],[-111.86639,33.464853],[-111.866314,33.460378],[-111.868589,33.459055],[-111.870962,33.458654],[-111.866292,33.457951],[-111.866106,33.454654],[-111.867279,33.453343],[-111.870589,33.453132],[-111.871589,33.45211],[-111.873589,33.452068],[-111.874589,33.453538],[-111.875589,33.452016],[-111.884076,33.451654],[-111.875589,33.451291],[-111.874589,33.449247],[-111.873589,33.451239],[-111.870589,33.45118],[-111.869589,33.45216],[-111.867589,33.452123],[-111.867066,33.45113],[-111.868053,33.450654],[-111.866589,33.450415],[-111.865311,33.451375],[-111.864891,33.452955],[-111.863589,33.45308],[-111.862589,33.45406],[-111.860589,33.454044],[-111.859589,33.455026],[-111.858351,33.454892],[-111.858135,33.449654],[-111.857111,33.448654],[-111.857944,33.447008],[-111.860099,33.445163],[-111.861589,33.445057],[-111.862589,33.444032],[-111.863825,33.443889],[-111.867891,33.438955],[-111.868778,33.438654],[-111.86886,33.437924],[-111.870648,33.437654],[-111.869589,33.437586],[-111.868565,33.437629],[-111.868433,33.438497],[-111.867589,33.43855],[-111.867394,33.439458],[-111.866589,33.439537],[-111.866362,33.440426],[-111.86551,33.440574],[-111.86542,33.441484],[-111.864525,33.441589],[-111.863255,33.44332],[-111.861432,33.443496],[-111.860589,33.444388],[-111.857453,33.443654],[-111.856589,33.440284],[-111.855411,33.442654],[-111.853022,33.443654],[-111.854974,33.444654],[-111.853911,33.444975],[-111.850877,33.448941],[-111.84931,33.449374],[-111.847589,33.450894],[-111.845543,33.4497],[-111.843589,33.450134],[-111.841968,33.447654],[-111.842589,33.446318],[-111.843589,33.447478],[-111.844484,33.446548],[-111.844217,33.444281],[-111.845754,33.444489],[-111.846589,33.445761],[-111.848589,33.444166],[-111.849589,33.444715],[-111.850531,33.443654],[-111.843219,33.443024],[-111.842356,33.440887],[-111.843125,33.439654],[-111.840589,33.43931],[-111.840018,33.438654],[-111.841346,33.434897],[-111.839589,33.433219],[-111.838441,33.435654],[-111.839278,33.436654],[-111.838937,33.438654],[-111.837528,33.439715],[-111.837707,33.441654],[-111.836589,33.442373],[-111.835589,33.44193],[-111.834589,33.443491],[-111.833589,33.443932],[-111.832127,33.443191],[-111.830286,33.444654],[-111.8288,33.449864],[-111.826589,33.448714],[-111.825976,33.45104],[-111.823589,33.450991],[-111.822589,33.448172],[-111.821653,33.450717],[-111.817841,33.451654],[-111.821275,33.451968],[-111.822589,33.453701],[-111.823589,33.452519],[-111.825589,33.452295],[-111.827589,33.453332],[-111.828589,33.452934],[-111.83032,33.454923],[-111.830413,33.456478],[-111.830027,33.457654],[-111.828277,33.458341],[-111.825232,33.461654],[-111.824282,33.464347],[-111.822589,33.464498],[-111.822334,33.465398],[-111.821589,33.465544],[-111.817326,33.465654],[-111.822589,33.465772],[-111.822691,33.464755],[-111.824779,33.464843],[-111.825905,33.463654],[-111.825771,33.461835],[-111.826966,33.461654],[-111.829589,33.459049],[-111.830589,33.459576],[-111.832644,33.458708],[-111.839281,33.459345],[-111.841735,33.461508],[-111.842724,33.464788],[-111.841419,33.464824],[-111.840589,33.46395],[-111.839132,33.464196],[-111.837112,33.466654],[-111.839083,33.46716],[-111.839009,33.468654],[-111.836713,33.471777],[-111.835065,33.472129],[-111.834703,33.473767],[-111.8327,33.475764],[-111.830916,33.47598],[-111.829589,33.477812],[-111.827912,33.477976],[-111.8267,33.479764],[-111.824927,33.479991],[-111.823705,33.481769],[-111.821943,33.482007],[-111.820589,33.483836],[-111.820143,33.4831],[-111.817515,33.482579],[-111.817589,33.484368],[-111.818713,33.484777],[-111.816732,33.486797],[-111.814981,33.487045],[-111.813723,33.488787],[-111.812589,33.488858],[-111.810366,33.49143],[-111.809506,33.49157],[-111.809343,33.492407],[-111.80851,33.492574],[-111.808357,33.493422],[-111.80482,33.494654],[-111.804429,33.495493],[-111.802589,33.495503],[-111.800323,33.496387],[-111.797787,33.498852],[-111.796136,33.4992],[-111.793781,33.501845],[-111.791589,33.501954],[-111.790589,33.502959],[-111.78825,33.502654],[-111.787791,33.481654],[-111.788247,33.480654],[-111.787589,33.478802],[-111.786889,33.480654],[-111.787388,33.481654],[-111.78708,33.501144],[-111.786589,33.501584],[-111.785589,33.501201],[-111.783123,33.501654],[-111.783531,33.502712],[-111.782589,33.505024],[-111.779589,33.50505],[-111.778589,33.506061],[-111.774589,33.506107],[-111.773589,33.507118],[-111.769751,33.506815],[-111.768589,33.508197],[-111.766589,33.508236],[-111.765589,33.509255],[-111.763589,33.509304],[-111.762589,33.510338],[-111.761589,33.509961],[-111.760589,33.510339],[-111.760113,33.511177],[-111.758478,33.511543],[-111.75829,33.512355],[-111.756589,33.512598],[-111.756538,33.513602],[-111.75581,33.513654],[-111.756796,33.513654],[-111.761589,33.511089],[-111.76388,33.510944],[-111.768143,33.509207],[-111.771012,33.509076],[-111.776589,33.507224],[-111.779589,33.507251],[-111.780589,33.505884],[-111.783589,33.50629],[-111.785157,33.505221],[-111.787589,33.50533],[-111.78768,33.506654],[-111.788589,33.506956],[-111.789602,33.504666],[-111.792646,33.50471],[-111.792744,33.503809],[-111.796589,33.502377],[-111.800419,33.499483],[-111.802089,33.499153],[-111.803589,33.497415],[-111.804781,33.498463],[-111.806589,33.502365],[-111.808589,33.5021],[-111.809589,33.503165],[-111.811589,33.503285],[-111.812589,33.502324],[-111.814589,33.504265],[-111.81779,33.504453],[-111.817452,33.505791],[-111.820779,33.506464],[-111.820846,33.50891],[-111.819046,33.509654],[-111.820935,33.511308],[-111.820866,33.513654],[-111.821589,33.515393],[-111.822095,33.51416],[-111.823101,33.513654],[-111.823084,33.511654],[-111.82233,33.510394],[-111.825101,33.509654],[-111.822348,33.508895],[-111.822295,33.507654],[-111.823589,33.506438],[-111.823995,33.507248],[-111.826589,33.507478],[-111.827047,33.508196],[-111.828848,33.508395],[-111.829152,33.509091],[-111.831589,33.509158],[-111.832272,33.509971],[-111.833976,33.510267],[-111.834277,33.510966],[-111.836106,33.511137],[-111.837589,33.51244],[-111.839589,33.511911],[-111.840589,33.513439],[-111.84276,33.513483],[-111.843589,33.514389],[-111.846589,33.515321],[-111.848169,33.517074],[-111.849942,33.517301],[-111.850589,33.517931],[-111.852788,33.516852],[-111.853138,33.514654],[-111.853923,33.51432],[-111.854532,33.515654],[-111.85414,33.516654],[-111.856062,33.518654],[-111.855472,33.520654],[-111.856589,33.523819]]],"type":"Polygon"}},{"type":"Feature","properties":{"station_id":"aid22","status":"mutual-aid","strategy":"all","band":"4min"},"geometry":{"coordinates":[[[-111.839589,33.511656],[-111.839973,33.510037],[-111.841396,33.509654],[-111.840242,33.509001],[-111.840005,33.506654],[-111.840589,33.505992],[-111.842414,33.505654],[-111.840217,33.505026],[-111.840277,33.503341],[-111.844329,33.502654],[-111.84029,33.501953],[-111.840339,33.499403],[-111.841947,33.499296],[-111.842589,33.500238],[-111.845944,33.498654],[-111.840589,33.498055],[-111.840384,33.495448],[-111.845589,33.49527],[-111.84689,33.496353],[-111.847286,33.501654],[-111.846808,33.502654],[-111.847589,33.504712],[-111.84795,33.503015],[-111.849272,33.502654],[-111.849362,33.500654],[-111.84815,33.500093],[-111.848205,33.499269],[-111.851208,33.498654],[-111.848589,33.49825],[-111.848082,33.497654],[-111.849694,33.496758],[-111.850267,33.495331],[-111.853589,33.495064],[-111.854589,33.496888],[-111.855589,33.495191],[-111.856589,33.497361],[-111.857058,33.495122],[-111.859839,33.494654],[-111.857022,33.494222],[-111.856589,33.492966],[-111.855589,33.494329],[-111.850254,33.493989],[-111.849197,33.492261],[-111.851148,33.491654],[-111.849174,33.491069],[-111.849055,33.487654],[-111.847915,33.487328],[-111.847589,33.485893],[-111.847348,33.488654],[-111.848257,33.489654],[-111.846903,33.490654],[-111.846877,33.493941],[-111.842589,33.49399],[-111.841589,33.493107],[-111.840589,33.49316],[-111.840589,33.492188],[-111.842632,33.491654],[-111.840326,33.490917],[-111.840286,33.48835],[-111.842898,33.487654],[-111.840906,33.486654],[-111.841123,33.485187],[-111.842519,33.484654],[-111.840186,33.484057],[-111.839921,33.481654],[-111.840589,33.480987],[-111.845026,33.480654],[-111.843589,33.479879],[-111.842589,33.480439],[-111.84016,33.480083],[-111.839589,33.476461],[-111.838998,33.480063],[-111.836248,33.479995],[-111.835589,33.47833],[-111.834589,33.480107],[-111.832131,33.479654],[-111.832279,33.477343],[-111.833929,33.476993],[-111.836223,33.474287],[-111.838589,33.474029],[-111.839589,33.474558],[-111.840232,33.473654],[-111.8395,33.472654],[-111.840258,33.471322],[-111.84242,33.470654],[-111.842065,33.469129],[-111.843744,33.467654],[-111.843589,33.465105],[-111.842174,33.468238],[-111.83904,33.471104],[-111.836366,33.47243],[-111.832915,33.475979],[-111.831236,33.4763],[-111.829877,33.477942],[-111.828226,33.47829],[-111.826915,33.479979],[-111.825268,33.480332],[-111.823963,33.482027],[-111.822325,33.482389],[-111.820589,33.484324],[-111.819589,33.484206],[-111.817448,33.486512],[-111.819156,33.487087],[-111.820303,33.48894],[-111.821866,33.489377],[-111.82183,33.490894],[-111.818821,33.491654],[-111.821823,33.49242],[-111.821789,33.494854],[-111.820589,33.494983],[-111.819589,33.494046],[-111.818589,33.495052],[-111.817507,33.494736],[-111.816589,33.492213],[-111.815589,33.492779],[-111.815029,33.495093],[-111.813924,33.495319],[-111.813589,33.494758],[-111.812923,33.495654],[-111.814589,33.497011],[-111.815121,33.496185],[-111.816589,33.496144],[-111.817247,33.498654],[-111.820933,33.49931],[-111.821374,33.500869],[-111.82233,33.501654],[-111.821706,33.502654],[-111.823931,33.504312],[-111.824832,33.506654],[-111.827451,33.507792],[-111.829322,33.507921],[-111.829466,33.508777],[-111.832359,33.508884],[-111.832589,33.509755],[-111.834446,33.509798],[-111.834551,33.510692],[-111.839134,33.510109],[-111.839589,33.511656]]],"type":"Polygon"}},{"type":"Feature","properties":{"station_id":"aid23","status":"mutual-aid","strategy":"all","band":"8min"},"geometry":{"coordinates":[[[-111.908164,33.512421],[-111.909164,33.512585],[-111.909164,33.512302],[-111.90869,33.511804],[-111.908616,33.51133],[-111.909793,33.509958],[-111.911948,33.50933],[-111.910164,33.509125],[-111.909304,33.50833],[-111.908983,33.503148],[-111.912164,33.502715],[-111.913164,33.503514],[-111.915345,33.50351],[-111.917164,33.502931],[-111.917352,33.50233],[-111.913624,33.501871],[-111.913164,33.500267],[-111.912521,33.501687],[-111.90977,33.501724],[-111.909556,33.49933],[-111.910741,33.49833],[-111.910887,33.496052],[-111.916164,33.496075],[-111.917164,33.498861],[-111.917964,33.49733],[-111.917536,33.49633],[-111.91839,33.496104],[-111.918806,33.497688],[-111.920164,33.497151],[-111.921436,33.499058],[-111.923164,33.49998],[-111.925164,33.500072],[-111.926164,33.501305],[-111.927358,33.499136],[-111.927907,33.502072],[-111.926476,33.50233],[-111.929526,33.502968],[-111.930164,33.505412],[-111.93074,33.503905],[-111.933587,33.50233],[-111.931381,33.50133],[-111.931585,33.50033],[-111.930615,33.49933],[-111.930876,33.498041],[-111.932411,33.497083],[-111.934561,33.498933],[-111.935164,33.500502],[-111.93575,33.496915],[-111.937164,33.496253],[-111.93747,33.494635],[-111.93892,33.49433],[-111.938812,33.492977],[-111.940164,33.492721],[-111.940708,33.491874],[-111.943164,33.490755],[-111.949741,33.49033],[-111.948164,33.48913],[-111.944164,33.488325],[-111.9437,33.48433],[-111.944164,33.481755],[-111.946448,33.48233],[-111.949164,33.484547],[-111.950164,33.483045],[-111.953222,33.482387],[-111.954004,33.48117],[-111.958164,33.481377],[-111.959164,33.480667],[-111.961164,33.481178],[-111.962505,33.48033],[-111.961164,33.479497],[-111.957164,33.479458],[-111.954944,33.47833],[-111.956804,33.47633],[-111.956792,33.474957],[-111.959222,33.474272],[-111.961164,33.477095],[-111.961794,33.472959],[-111.96381,33.47233],[-111.964514,33.46933],[-111.963726,33.46833],[-111.964862,33.467027],[-111.966522,33.466972],[-111.967276,33.468441],[-111.969164,33.467563],[-111.969641,33.471806],[-111.965673,33.47233],[-111.967164,33.473462],[-111.968418,33.473076],[-111.969164,33.477373],[-111.97046,33.474625],[-111.972592,33.472757],[-111.97161,33.469884],[-111.970952,33.469542],[-111.971164,33.468278],[-111.971975,33.469519],[-111.973858,33.467024],[-111.977164,33.466909],[-111.978164,33.46868],[-111.978628,33.466793],[-111.981302,33.46633],[-111.982611,33.46533],[-111.978946,33.464548],[-111.978164,33.463243],[-111.977371,33.464536],[-111.975164,33.464222],[-111.974164,33.462672],[-111.973811,33.46433],[-111.97282,33.464674],[-111.971753,33.463741],[-111.970943,33.46133],[-111.972211,33.46033],[-111.971335,33.460159],[-111.970164,33.454897],[-111.969189,33.45633],[-111.969994,33.4565],[-111.96983,33.457996],[-111.96813,33.458364],[-111.969219,33.46133],[-111.968164,33.463067],[-111.965164,33.462575],[-111.96513,33.46133],[-111.963164,33.461051],[-111.959164,33.461722],[-111.957378,33.463543],[-111.955164,33.463773],[-111.953164,33.465573],[-111.945028,33.465466],[-111.946164,33.464106],[-111.948696,33.463861],[-111.950661,33.461826],[-111.950899,33.45933],[-111.951886,33.45833],[-111.951967,33.457133],[-111.953164,33.455883],[-111.956518,33.454683],[-111.957164,33.452542],[-111.959164,33.451854],[-111.965164,33.451671],[-111.968164,33.452323],[-111.970362,33.45133],[-111.968323,33.451171],[-111.966164,33.450154],[-111.965164,33.450717],[-111.963501,33.449993],[-111.961164,33.44566],[-111.960164,33.447649],[-111.959164,33.447055],[-111.957047,33.447447],[-111.956093,33.445258],[-111.956389,33.444554],[-111.958721,33.44433],[-111.957502,33.443992],[-111.95768,33.442845],[-111.959048,33.44133],[-111.958273,33.441221],[-111.957921,33.442086],[-111.956557,33.441937],[-111.956164,33.441366],[-111.955655,33.44282],[-111.954164,33.443554],[-111.953164,33.443282],[-111.951441,33.444053],[-111.950696,33.44333],[-111.948682,33.44333],[-111.948776,33.44533],[-111.949983,33.446511],[-111.950016,33.447478],[-111.952733,33.450761],[-111.954452,33.451042],[-111.954538,33.45233],[-111.953164,33.452693],[-111.951212,33.451282],[-111.949397,33.451562],[-111.948518,33.45333],[-111.950787,33.455707],[-111.950618,33.457783],[-111.948164,33.459636],[-111.946164,33.458877],[-111.945528,33.45933],[-111.946458,33.461623],[-111.943118,33.462283],[-111.942703,33.46333],[-111.943333,33.464498],[-111.939869,33.464625],[-111.939963,33.461128],[-111.941581,33.46033],[-111.942164,33.455769],[-111.941143,33.455308],[-111.940164,33.4565],[-111.939469,33.45333],[-111.939778,33.45133],[-111.939164,33.450716],[-111.936164,33.45062],[-111.935863,33.44933],[-111.937525,33.44869],[-111.938164,33.447762],[-111.940821,33.44733],[-111.935706,33.446788],[-111.93579,33.443704],[-111.934164,33.442992],[-111.932786,33.44133],[-111.936164,33.440927],[-111.937164,33.439909],[-111.940835,33.44],[-111.942164,33.438991],[-111.942776,33.43933],[-111.942565,33.44033],[-111.944692,33.440802],[-111.946103,33.442391],[-111.947164,33.442566],[-111.947178,33.442316],[-111.946374,33.44212],[-111.946326,33.44133],[-111.94534,33.441154],[-111.945234,33.44026],[-111.944389,33.440105],[-111.944393,33.438558],[-111.945164,33.437856],[-111.94573,33.43833],[-111.947816,33.438678],[-111.948164,33.439737],[-111.949643,33.43933],[-111.948568,33.43833],[-111.946233,33.438261],[-111.946164,33.436452],[-111.944213,33.436281],[-111.944156,33.43533],[-111.942627,33.434867],[-111.942225,33.433269],[-111.94125,33.433244],[-111.941164,33.432744],[-111.941136,33.433358],[-111.941993,33.433501],[-111.942007,33.43433],[-111.941723,33.434888],[-111.940374,33.43512],[-111.931164,33.434639],[-111.929164,33.432872],[-111.926894,33.4326],[-111.927164,33.42993],[-111.929164,33.430547],[-111.933164,33.429585],[-111.934164,33.430432],[-111.935704,33.43033],[-111.93438,33.430114],[-111.934164,33.429041],[-111.932566,33.428928],[-111.930609,33.427885],[-111.929164,33.426113],[-111.928685,33.42733],[-111.927028,33.428466],[-111.926573,33.42533],[-111.927164,33.424593],[-111.928336,33.424501],[-111.928952,33.42233],[-111.92652,33.421974],[-111.926164,33.419985],[-111.925111,33.42233],[-111.925686,33.42733],[-111.924824,33.427989],[-111.919164,33.429118],[-111.913164,33.428851],[-111.912164,33.427806],[-111.911545,33.428711],[-111.909856,33.428638],[-111.909593,33.42533],[-111.910359,33.42433],[-111.909501,33.42333],[-111.910164,33.42248],[-111.911988,33.42233],[-111.909483,33.421011],[-111.909164,33.419157],[-111.908164,33.421387],[-111.906737,33.42233],[-111.907893,33.422601],[-111.908137,33.423357],[-111.907294,33.426459],[-111.905164,33.426725],[-111.903164,33.42858],[-111.902164,33.428138],[-111.900788,33.428706],[-111.900164,33.427979],[-111.898833,33.42933],[-111.907476,33.43033],[-111.906149,33.43233],[-111.908398,33.433096],[-111.908164,33.436152],[-111.906357,33.436137],[-111.906164,33.435275],[-111.904268,33.43533],[-111.905934,33.43556],[-111.90601,33.43633],[-111.908902,33.436592],[-111.908335,33.4435],[-111.90778,33.44333],[-111.907164,33.440646],[-111.906474,33.442639],[-111.905675,33.442819],[-111.905164,33.442263],[-111.905006,33.443171],[-111.906717,33.444777],[-111.908399,33.44533],[-111.908377,33.44933],[-111.907311,33.450476],[-111.900997,33.450497],[-111.900954,33.449119],[-111.901825,33.44833],[-111.901164,33.441966],[-111.900524,33.44733],[-111.899486,33.44833],[-111.899334,33.450499],[-111.892955,33.450539],[-111.891509,33.444985],[-111.891243,33.438408],[-111.8924,33.43833],[-111.89247,33.436635],[-111.893233,33.436398],[-111.893312,33.435477],[-111.895017,33.43533],[-111.891509,33.434985],[-111.891164,33.432795],[-111.890502,33.43433],[-111.891037,33.435457],[-111.890718,33.44933],[-111.889395,33.45056],[-111.886915,33.450579],[-111.887292,33.44833],[-111.886164,33.447003],[-111.884167,33.44733],[-111.885602,33.447892],[-111.885164,33.450705],[-111.883881,33.450613],[-111.883164,33.448912],[-111.882164,33.450739],[-111.880164,33.450763],[-111.878164,33.44997],[-111.877164,33.450803],[-111.875164,33.450835],[-111.874592,33.45033],[-111.875183,33.44933],[-111.874164,33.4483],[-111.873528,33.450693],[-111.871164,33.450917],[-111.870164,33.451937],[-111.867923,33.452088],[-111.867164,33.453027],[-111.866164,33.452121],[-111.864771,33.453936],[-111.862164,33.454254],[-111.862115,33.45528],[-111.861098,33.45533],[-111.862164,33.455353],[-111.862263,33.454428],[-111.864937,33.454557],[-111.866164,33.456017],[-111.866669,33.453834],[-111.868164,33.453641],[-111.869164,33.452692],[-111.871164,33.452729],[-111.872164,33.451768],[-111.873534,33.451961],[-111.874164,33.454321],[-111.875164,33.451824],[-111.882164,33.45192],[-111.88302,33.456185],[-111.882331,33.464496],[-111.878953,33.464541],[-111.87846,33.463034],[-111.877164,33.462933],[-111.876453,33.462042],[-111.874864,33.46163],[-111.874164,33.457893],[-111.873578,33.46233],[-111.872673,33.46333],[-111.873366,33.464531],[-111.867164,33.464663],[-111.866799,33.459964],[-111.867686,33.458851],[-111.869386,33.45833],[-111.866164,33.4575],[-111.862771,33.45833],[-111.865515,33.459979],[-111.865461,33.461626],[-111.860237,33.462257],[-111.857746,33.460748],[-111.857687,33.458852],[-111.859153,33.45833],[-111.85765,33.457844],[-111.857164,33.455968],[-111.856468,33.464633],[-111.854812,33.464977],[-111.854164,33.465815],[-111.851164,33.465866],[-111.850164,33.464938],[-111.849164,33.465905],[-111.847164,33.465954],[-111.845164,33.46491],[-111.844164,33.465887],[-111.843529,33.46533],[-111.843155,33.46232],[-111.842854,33.465019],[-111.842035,33.4662],[-111.843027,33.46733],[-111.842992,33.468157],[-111.842111,33.46833],[-111.842149,33.469345],[-111.842178,33.469316],[-111.84227,33.468436],[-111.84322,33.468385],[-111.843635,33.4668],[-111.847584,33.46691],[-111.848164,33.470513],[-111.848756,33.466921],[-111.851164,33.466793],[-111.852164,33.467485],[-111.853164,33.46683],[-111.854366,33.467531],[-111.856465,33.466029],[-111.856526,33.467692],[-111.85492,33.46833],[-111.856754,33.46933],[-111.855145,33.47033],[-111.85688,33.47133],[-111.856934,33.473099],[-111.856124,33.47333],[-111.856979,33.473515],[-111.857164,33.474257],[-111.857623,33.470788],[-111.858875,33.46933],[-111.85774,33.468754],[-111.857871,33.466036],[-111.859164,33.465919],[-111.860164,33.466761],[-111.863792,33.46733],[-111.862841,33.47033],[-111.864518,33.470976],[-111.864705,33.47233],[-111.864164,33.473018],[-111.862484,33.47333],[-111.864585,33.473909],[-111.86492,33.47633],[-111.864374,33.47733],[-111.865164,33.478603],[-111.865413,33.477578],[-111.866141,33.47733],[-111.865511,33.475983],[-111.865747,33.473913],[-111.86786,33.47333],[-111.866164,33.473002],[-111.865624,33.47233],[-111.865846,33.470012],[-111.867582,33.468747],[-111.86691,33.467075],[-111.87338,33.467114],[-111.872164,33.468819],[-111.869053,33.46933],[-111.870164,33.470826],[-111.870708,33.469873],[-111.871554,33.46994],[-111.872039,33.471455],[-111.873512,33.471982],[-111.873164,33.472888],[-111.870179,33.47333],[-111.87352,33.473974],[-111.873628,33.476793],[-111.871981,33.47733],[-111.87366,33.477834],[-111.874164,33.480523],[-111.874623,33.47433],[-111.875164,33.473731],[-111.877164,33.473451],[-111.882164,33.47388],[-111.882619,33.47433],[-111.882878,33.478043],[-111.881546,33.47833],[-111.882587,33.478907],[-111.882521,33.479686],[-111.880164,33.479948],[-111.879164,33.479468],[-111.875873,33.48033],[-111.879164,33.48065],[-111.880164,33.481513],[-111.881164,33.480753],[-111.882524,33.48097],[-111.882739,33.483904],[-111.881581,33.48433],[-111.882825,33.484669],[-111.883164,33.485976],[-111.883822,33.480987],[-111.886164,33.480911],[-111.887164,33.481842],[-111.887887,33.481052],[-111.888553,33.48133],[-111.887666,33.483831],[-111.887794,33.487959],[-111.886694,33.48933],[-111.886906,33.493588],[-111.888056,33.49633],[-111.887907,33.503587],[-111.888164,33.5038],[-111.888558,33.495723],[-111.889164,33.49456],[-111.890164,33.494605],[-111.891638,33.495856],[-111.892164,33.49919],[-111.892499,33.49633],[-111.893164,33.495595],[-111.900164,33.495098],[-111.900122,33.497372],[-111.902518,33.49933],[-111.902164,33.500832],[-111.900164,33.50018],[-111.895786,33.50233],[-111.898833,33.502661],[-111.900164,33.504471],[-111.900949,33.503114],[-111.902015,33.50333],[-111.904164,33.507501],[-111.904894,33.50406],[-111.906164,33.503982],[-111.906822,33.502987],[-111.907458,33.503036],[-111.907482,33.50433],[-111.908486,33.505008],[-111.908697,33.50633],[-111.907896,33.507061],[-111.90764,33.508805],[-111.904355,33.50933],[-111.90737,33.510124],[-111.908164,33.512421]]],"type":"Polygon"}},{"type":"Feature","properties":{"station_id":"aid23","status":"mutual-aid","strategy":"all","band":"4min"},"geometry":{"coordinates":[[[-111.917164,33.48931],[-111.918164,33.487664],[-111.919387,33.48733],[-111.919164,33.485979],[-111.921164,33.484852],[-111.922164,33.48503],[-111.923164,33.481927],[-111.924169,33.482334],[-111.924825,33.48099],[-111.926546,33.480711],[-111.926389,33.47933],[-111.927537,33.47633],[-111.927164,33.475294],[-111.932135,33.47333],[-111.930916,33.472578],[-111.931104,33.471269],[-111.934164,33.469588],[-111.935164,33.471601],[-111.936348,33.46833],[-111.939164,33.466009],[-111.941164,33.466509],[-111.941579,33.465744],[-111.942955,33.465539],[-111.943164,33.466592],[-111.943923,33.46633],[-111.943548,33.46533],[-111.939262,33.465232],[-111.936937,33.464557],[-111.935993,33.463501],[-111.936223,33.46233],[-111.935164,33.46038],[-111.934164,33.461844],[-111.931244,33.45933],[-111.932173,33.45833],[-111.9279,33.457594],[-111.92782,33.45533],[-111.926164,33.452077],[-111.925284,33.456449],[-111.923164,33.457587],[-111.922481,33.45733],[-111.922369,33.456125],[-111.921042,33.45433],[-111.921579,33.45333],[-111.921125,33.45233],[-111.917921,33.451086],[-111.916703,33.45233],[-111.916593,33.45733],[-111.915164,33.457742],[-111.914424,33.45607],[-111.913164,33.45506],[-111.911931,33.45533],[-111.912629,33.45633],[-111.912164,33.457502],[-111.91132,33.457174],[-111.910966,33.45433],[-111.909449,33.453045],[-111.909164,33.451512],[-111.908607,33.456772],[-111.903955,33.45833],[-111.908539,33.458955],[-111.908562,33.461727],[-111.906402,33.46233],[-111.903694,33.464859],[-111.901164,33.464924],[-111.900682,33.463847],[-111.90184,33.46333],[-111.900399,33.46133],[-111.900164,33.459654],[-111.899164,33.463887],[-111.898164,33.461549],[-111.896789,33.46333],[-111.897434,33.464599],[-111.890982,33.46533],[-111.892164,33.466046],[-111.893164,33.46559],[-111.896164,33.467344],[-111.897164,33.466696],[-111.898341,33.46733],[-111.900164,33.471009],[-111.901958,33.46833],[-111.901505,33.46733],[-111.90303,33.46733],[-111.902337,33.46833],[-111.905518,33.469976],[-111.906507,33.47233],[-111.905164,33.472452],[-111.903978,33.47333],[-111.907489,33.474654],[-111.908312,33.474182],[-111.907823,33.475671],[-111.909058,33.47833],[-111.907608,33.479773],[-111.903637,33.48033],[-111.908129,33.481365],[-111.909164,33.483714],[-111.909447,33.48233],[-111.910738,33.480903],[-111.912521,33.480973],[-111.913164,33.48349],[-111.914164,33.482889],[-111.915187,33.48333],[-111.914306,33.48433],[-111.916638,33.484856],[-111.916632,33.486797],[-111.914767,33.48733],[-111.916703,33.487791],[-111.917164,33.48931]]],"type":"Polygon"}},{"type":"Feature","properties":{"station_id":"aid24","status":"mutual-aid","strategy":"all","band":"8min"},"geometry":{"coordinates":[[[-111.890983,33.439998],[-111.891129,33.435187],[-111.895792,33.435042],[-111.892077,33.434948],[-111.891124,33.432901],[-111.891785,33.422843],[-111.895434,33.422042],[-111.892315,33.421042],[-111.891983,33.415348],[-111.900983,33.415537],[-111.901983,33.416282],[-111.902546,33.415604],[-111.903983,33.41543],[-111.904897,33.416042],[-111.904616,33.416674],[-111.902914,33.416972],[-111.903111,33.419042],[-111.904803,33.420042],[-111.904491,33.422042],[-111.905721,33.425042],[-111.906242,33.4253],[-111.906983,33.424505],[-111.907152,33.425042],[-111.907069,33.426127],[-111.906045,33.427042],[-111.907024,33.428082],[-111.905229,33.429042],[-111.908293,33.429732],[-111.908983,33.432226],[-111.909461,33.429519],[-111.911603,33.429042],[-111.909983,33.428895],[-111.909348,33.428042],[-111.909679,33.422737],[-111.911983,33.422498],[-111.915155,33.423042],[-111.916105,33.422164],[-111.915442,33.421042],[-111.91612,33.420178],[-111.917037,33.420095],[-111.917244,33.419303],[-111.919131,33.419042],[-111.919983,33.417688],[-111.91907,33.416042],[-111.920238,33.414787],[-111.914563,33.414462],[-111.912994,33.411042],[-111.914125,33.4099],[-111.916183,33.410842],[-111.918983,33.411192],[-111.919761,33.408819],[-111.92144,33.408498],[-111.921848,33.407177],[-111.918983,33.407203],[-111.917544,33.406042],[-111.919983,33.405606],[-111.920601,33.404042],[-111.91981,33.402868],[-111.921223,33.401802],[-111.921916,33.403042],[-111.924404,33.404042],[-111.924412,33.40647],[-111.92254,33.407042],[-111.924983,33.408419],[-111.925983,33.41074],[-111.926352,33.40841],[-111.929134,33.408192],[-111.930083,33.407042],[-111.928267,33.406758],[-111.927516,33.406042],[-111.929882,33.403042],[-111.929983,33.401997],[-111.930152,33.402873],[-111.930983,33.402959],[-111.931983,33.400791],[-111.933377,33.400648],[-111.934983,33.401576],[-111.935558,33.400616],[-111.936911,33.400042],[-111.935611,33.399414],[-111.935983,33.39766],[-111.937702,33.399042],[-111.93701,33.400042],[-111.939477,33.401042],[-111.938798,33.403042],[-111.939983,33.40466],[-111.941647,33.400042],[-111.941162,33.399042],[-111.942983,33.398113],[-111.942838,33.394042],[-111.944983,33.394122],[-111.945983,33.393525],[-111.947983,33.394837],[-111.948983,33.393704],[-111.952665,33.393042],[-111.949983,33.392079],[-111.948983,33.392625],[-111.947983,33.391321],[-111.946983,33.391763],[-111.943983,33.39074],[-111.942801,33.391224],[-111.94177,33.389828],[-111.943495,33.388553],[-111.944149,33.387042],[-111.950622,33.387042],[-111.951983,33.389901],[-111.952912,33.390113],[-111.953849,33.387042],[-111.956132,33.386893],[-111.956983,33.387941],[-111.957999,33.388042],[-111.956983,33.389158],[-111.958983,33.389555],[-111.960063,33.391042],[-111.956708,33.393042],[-111.960682,33.393343],[-111.960811,33.394869],[-111.959999,33.395042],[-111.960983,33.397219],[-111.962127,33.394185],[-111.965208,33.393042],[-111.962666,33.392359],[-111.963553,33.390042],[-111.961983,33.389841],[-111.961313,33.389042],[-111.961983,33.388487],[-111.964273,33.388752],[-111.965466,33.390042],[-111.965301,33.391042],[-111.96647,33.392042],[-111.966036,33.393042],[-111.966589,33.401042],[-111.966836,33.403042],[-111.967738,33.403287],[-111.967784,33.406042],[-111.968729,33.406296],[-111.96905,33.408042],[-111.971983,33.409358],[-111.972874,33.409042],[-111.972078,33.408947],[-111.971983,33.407989],[-111.970188,33.407837],[-111.970106,33.406042],[-111.968334,33.404691],[-111.968191,33.403042],[-111.96721,33.402042],[-111.967268,33.397042],[-111.96821,33.396042],[-111.968714,33.393042],[-111.968354,33.381413],[-111.969495,33.380042],[-111.96967,33.378355],[-111.968718,33.377307],[-111.968227,33.374798],[-111.967983,33.368038],[-111.967716,33.376774],[-111.966983,33.377824],[-111.964506,33.377042],[-111.962983,33.373991],[-111.962323,33.376381],[-111.961137,33.377195],[-111.959983,33.374682],[-111.959145,33.376203],[-111.957059,33.377117],[-111.955983,33.375789],[-111.954983,33.376933],[-111.954046,33.376042],[-111.954983,33.374979],[-111.957744,33.374042],[-111.956623,33.372042],[-111.95697,33.371042],[-111.956327,33.369042],[-111.95723,33.367795],[-111.956983,33.36686],[-111.95764,33.367385],[-111.958983,33.366363],[-111.959983,33.366859],[-111.960877,33.365935],[-111.961983,33.365944],[-111.962983,33.367635],[-111.963712,33.36577],[-111.965395,33.364453],[-111.969461,33.364042],[-111.966259,33.363766],[-111.963485,33.36154],[-111.962983,33.360195],[-111.961983,33.362311],[-111.957983,33.360235],[-111.956983,33.363263],[-111.95645,33.361042],[-111.954983,33.359265],[-111.953983,33.36033],[-111.951983,33.358479],[-111.950983,33.358451],[-111.949983,33.356973],[-111.946637,33.357388],[-111.946742,33.3558],[-111.947454,33.355512],[-111.955458,33.355042],[-111.952983,33.354276],[-111.951378,33.354647],[-111.947953,33.353072],[-111.947404,33.352042],[-111.947763,33.350042],[-111.951687,33.349042],[-111.946499,33.348526],[-111.945983,33.345303],[-111.945206,33.348264],[-111.941534,33.347592],[-111.938983,33.348475],[-111.938492,33.348042],[-111.939483,33.347042],[-111.939103,33.343922],[-111.937092,33.343042],[-111.937983,33.341957],[-111.931983,33.341339],[-111.930983,33.338758],[-111.930229,33.340042],[-111.930543,33.341042],[-111.929666,33.34136],[-111.928551,33.340042],[-111.928628,33.338686],[-111.929403,33.338042],[-111.92856,33.335618],[-111.932789,33.335042],[-111.930983,33.333781],[-111.93067,33.334728],[-111.929401,33.334624],[-111.928186,33.333042],[-111.927983,33.330584],[-111.927651,33.332709],[-111.926988,33.333046],[-111.925983,33.332138],[-111.923983,33.33363],[-111.922983,33.332538],[-111.921983,33.33273],[-111.92098,33.332038],[-111.919983,33.333339],[-111.919525,33.332042],[-111.919988,33.331037],[-111.919144,33.330881],[-111.918983,33.330146],[-111.917983,33.330561],[-111.91613,33.329042],[-111.918776,33.326042],[-111.918621,33.324042],[-111.917983,33.323112],[-111.917348,33.325042],[-111.916669,33.325356],[-111.913219,33.322806],[-111.912958,33.322042],[-111.912879,33.321042],[-111.913539,33.320597],[-111.914983,33.32075],[-111.917048,33.320042],[-111.914983,33.319347],[-111.913983,33.319834],[-111.911491,33.319534],[-111.910983,33.315377],[-111.910194,33.319252],[-111.907029,33.320042],[-111.909983,33.320617],[-111.909991,33.323049],[-111.906853,33.323172],[-111.906527,33.322042],[-111.905652,33.322042],[-111.905846,33.325042],[-111.909486,33.325539],[-111.909898,33.326042],[-111.90906,33.327119],[-111.906994,33.328042],[-111.906573,33.329042],[-111.903983,33.331045],[-111.902983,33.330316],[-111.901983,33.332741],[-111.900923,33.330981],[-111.900213,33.332271],[-111.897983,33.333253],[-111.896983,33.334535],[-111.895983,33.333394],[-111.894768,33.333257],[-111.893806,33.328042],[-111.89434,33.327398],[-111.894416,33.323042],[-111.895173,33.321852],[-111.894502,33.318042],[-111.895096,33.317154],[-111.894983,33.3126],[-111.894839,33.316897],[-111.893895,33.317042],[-111.893428,33.320042],[-111.893551,33.326042],[-111.892616,33.327042],[-111.892422,33.33348],[-111.891983,33.33463],[-111.890983,33.334303],[-111.888973,33.335042],[-111.891818,33.335207],[-111.8923,33.335725],[-111.892653,33.341372],[-111.893242,33.342042],[-111.890779,33.343042],[-111.892481,33.344042],[-111.891201,33.345042],[-111.892156,33.345869],[-111.891983,33.346669],[-111.891067,33.347125],[-111.888983,33.346833],[-111.887983,33.344991],[-111.887427,33.346485],[-111.884983,33.347422],[-111.883983,33.346403],[-111.881955,33.348013],[-111.879983,33.34864],[-111.877602,33.348423],[-111.876748,33.347806],[-111.875983,33.348133],[-111.874716,33.349309],[-111.875921,33.350104],[-111.876267,33.353325],[-111.873019,33.353078],[-111.870935,33.355042],[-111.871983,33.355255],[-111.873983,33.354451],[-111.875983,33.355842],[-111.876416,33.357042],[-111.875983,33.358468],[-111.871999,33.358057],[-111.871296,33.359042],[-111.872511,33.360514],[-111.872234,33.363292],[-111.870697,33.363328],[-111.869983,33.361655],[-111.868983,33.362705],[-111.865983,33.362393],[-111.865275,33.363333],[-111.863983,33.363661],[-111.862983,33.362027],[-111.860928,33.364042],[-111.862983,33.365602],[-111.864983,33.365531],[-111.867983,33.366737],[-111.869983,33.366813],[-111.870983,33.367889],[-111.871748,33.366806],[-111.873031,33.366994],[-111.872181,33.369042],[-111.873983,33.369816],[-111.874983,33.369454],[-111.87619,33.369835],[-111.877647,33.371378],[-111.879189,33.371836],[-111.87926,33.373042],[-111.878187,33.374246],[-111.872983,33.374354],[-111.872634,33.373692],[-111.873689,33.373042],[-111.871983,33.372614],[-111.870983,33.374578],[-111.867687,33.374338],[-111.866983,33.373073],[-111.865565,33.37346],[-111.864983,33.37233],[-111.863983,33.372241],[-111.862367,33.370658],[-111.861983,33.367448],[-111.860518,33.368576],[-111.859983,33.370026],[-111.859618,33.368676],[-111.860451,33.368042],[-111.859399,33.367042],[-111.858983,33.365346],[-111.858268,33.370327],[-111.854664,33.371042],[-111.856609,33.371416],[-111.85694,33.372998],[-111.855178,33.376042],[-111.855338,33.377042],[-111.854163,33.378222],[-111.853501,33.378042],[-111.853567,33.377042],[-111.851562,33.37662],[-111.850386,33.377042],[-111.850983,33.377198],[-111.851186,33.378244],[-111.849774,33.378251],[-111.850138,33.376196],[-111.849107,33.375918],[-111.847547,33.377605],[-111.8439,33.379042],[-111.847983,33.379406],[-111.848983,33.381169],[-111.849748,33.379806],[-111.850967,33.380042],[-111.852054,33.381112],[-111.853535,33.379593],[-111.854397,33.379628],[-111.855813,33.384042],[-111.854956,33.385014],[-111.851983,33.385655],[-111.841983,33.385363],[-111.839983,33.382265],[-111.839583,33.384641],[-111.837983,33.38569],[-111.820395,33.386042],[-111.835983,33.386376],[-111.839204,33.386821],[-111.839983,33.387593],[-111.841599,33.386657],[-111.844302,33.38636],[-111.855983,33.386796],[-111.856677,33.387042],[-111.856254,33.388042],[-111.856983,33.388952],[-111.85783,33.386888],[-111.86274,33.387042],[-111.863983,33.39023],[-111.864855,33.386913],[-111.867983,33.386606],[-111.871804,33.387042],[-111.870697,33.388042],[-111.872389,33.388636],[-111.87238,33.391438],[-111.863842,33.393042],[-111.867547,33.393478],[-111.869983,33.395076],[-111.870983,33.394041],[-111.871983,33.39446],[-111.873312,33.396042],[-111.872467,33.398042],[-111.873334,33.399392],[-111.872454,33.400042],[-111.874719,33.400306],[-111.874983,33.402704],[-111.876023,33.400042],[-111.875877,33.397935],[-111.879982,33.396042],[-111.878983,33.394904],[-111.881274,33.394751],[-111.881502,33.396042],[-111.882738,33.397287],[-111.886245,33.399042],[-111.885309,33.400042],[-111.886763,33.402042],[-111.886178,33.404847],[-111.886763,33.405042],[-111.886137,33.406042],[-111.884983,33.405572],[-111.883983,33.406447],[-111.882983,33.406042],[-111.881983,33.406804],[-111.87968,33.407042],[-111.880983,33.407862],[-111.881983,33.407573],[-111.885983,33.408889],[-111.886983,33.410085],[-111.88797,33.409028],[-111.888983,33.408966],[-111.888641,33.410042],[-111.890343,33.412042],[-111.889639,33.413042],[-111.889983,33.414702],[-111.888676,33.415042],[-111.889983,33.415158],[-111.890301,33.415724],[-111.89018,33.420238],[-111.888983,33.421481],[-111.886983,33.420783],[-111.885655,33.421713],[-111.883449,33.422042],[-111.886983,33.422733],[-111.887983,33.423427],[-111.889206,33.422819],[-111.890051,33.428042],[-111.889386,33.429042],[-111.889444,33.431502],[-111.887983,33.431785],[-111.887639,33.432697],[-111.884983,33.432909],[-111.884886,33.433944],[-111.8825,33.434042],[-111.884983,33.434146],[-111.885061,33.433119],[-111.887983,33.433119],[-111.88814,33.432198],[-111.889789,33.432236],[-111.889926,33.433099],[-111.890788,33.433237],[-111.890983,33.439998]]],"type":"Polygon"}},{"type":"Feature","properties":{"station_id":"aid24","status":"mutual-aid","strategy":"all","band":"4min"},"geometry":{"coordinates":[[[-111.908983,33.401526],[-111.909848,33.400042],[-111.910685,33.396042],[-111.910313,33.395042],[-111.910983,33.394155],[-111.912983,33.393629],[-111.917983,33.393711],[-111.91883,33.393042],[-111.915983,33.391806],[-111.913983,33.392233],[-111.912674,33.391351],[-111.912983,33.390507],[-111.914271,33.390042],[-111.914033,33.389042],[-111.915369,33.388042],[-111.915264,33.387042],[-111.915983,33.386536],[-111.922214,33.386042],[-111.915243,33.385782],[-111.914589,33.385042],[-111.915032,33.38409],[-111.916787,33.384042],[-111.918983,33.382985],[-111.919983,33.383413],[-111.922983,33.382785],[-111.923983,33.383793],[-111.926983,33.382946],[-111.927341,33.381399],[-111.929767,33.379825],[-111.935399,33.378042],[-111.929823,33.377042],[-111.929883,33.373042],[-111.93307,33.371955],[-111.930214,33.370811],[-111.928983,33.367358],[-111.927917,33.370042],[-111.926745,33.37028],[-111.924279,33.368746],[-111.923757,33.368042],[-111.924119,33.367042],[-111.920983,33.366562],[-111.920476,33.366042],[-111.920904,33.364962],[-111.922391,33.364449],[-111.926645,33.36438],[-111.928983,33.364939],[-111.930074,33.364042],[-111.928983,33.363182],[-111.921983,33.361651],[-111.919983,33.357689],[-111.917983,33.360744],[-111.916983,33.359462],[-111.915059,33.358966],[-111.914282,33.356743],[-111.912407,33.356042],[-111.914232,33.354042],[-111.912791,33.352042],[-111.913091,33.351042],[-111.912157,33.350042],[-111.912531,33.349042],[-111.910983,33.347946],[-111.910281,33.349042],[-111.910206,33.351264],[-111.908983,33.351314],[-111.90879,33.351848],[-111.909271,33.353042],[-111.908627,33.355042],[-111.909983,33.355321],[-111.910228,33.356042],[-111.909096,33.357042],[-111.909114,33.358172],[-111.90702,33.360042],[-111.907132,33.361042],[-111.905983,33.360966],[-111.904983,33.359839],[-111.903327,33.361385],[-111.901983,33.360621],[-111.899701,33.361759],[-111.899175,33.363042],[-111.897983,33.36217],[-111.89659,33.363648],[-111.895288,33.363737],[-111.894983,33.362691],[-111.894574,33.363632],[-111.893359,33.364042],[-111.895983,33.36426],[-111.897983,33.365414],[-111.898983,33.364647],[-111.900067,33.365042],[-111.898983,33.366162],[-111.896814,33.367042],[-111.896839,33.370042],[-111.897523,33.371042],[-111.896983,33.372519],[-111.894551,33.371474],[-111.893983,33.367791],[-111.893374,33.377432],[-111.892534,33.377491],[-111.891004,33.374021],[-111.890106,33.373919],[-111.889596,33.374654],[-111.890158,33.376042],[-111.888446,33.377504],[-111.885983,33.37726],[-111.882879,33.378042],[-111.884983,33.378329],[-111.885983,33.379482],[-111.889171,33.378854],[-111.890502,33.382042],[-111.889638,33.383042],[-111.889983,33.385937],[-111.890435,33.384042],[-111.891256,33.383315],[-111.891395,33.381453],[-111.892247,33.381305],[-111.892651,33.379709],[-111.893983,33.379061],[-111.894129,33.381896],[-111.896983,33.38424],[-111.897983,33.384788],[-111.898152,33.38421],[-111.901667,33.384358],[-111.901981,33.385042],[-111.901763,33.385822],[-111.898983,33.385971],[-111.898091,33.385934],[-111.897983,33.385385],[-111.895074,33.385951],[-111.894838,33.385042],[-111.894433,33.386042],[-111.902983,33.386453],[-111.903983,33.385438],[-111.907403,33.385622],[-111.907488,33.386546],[-111.905728,33.387042],[-111.903983,33.389694],[-111.904849,33.391042],[-111.899104,33.393042],[-111.900983,33.393786],[-111.903226,33.393799],[-111.905983,33.395327],[-111.907298,33.394727],[-111.90755,33.396042],[-111.906666,33.397042],[-111.908548,33.398477],[-111.908656,33.399714],[-111.90803,33.400042],[-111.908983,33.401526]]],"type":"Polygon"}},{"type":"Feature","properties":{"station_id":"aid25","status":"mutual-aid","strategy":"all","band":"8min"},"geometry":{"coordinates":[[[-111.908718,33.458205],[-111.909947,33.456168],[-111.9096,33.455049],[-111.910775,33.454168],[-111.910096,33.453168],[-111.910456,33.451905],[-111.916502,33.451168],[-111.912247,33.450639],[-111.911049,33.448168],[-111.91192,33.447168],[-111.910299,33.446168],[-111.910718,33.444723],[-111.913718,33.444868],[-111.915419,33.440868],[-111.916264,33.441168],[-111.917718,33.448302],[-111.919028,33.446477],[-111.920718,33.445645],[-111.921718,33.445837],[-111.922211,33.44466],[-111.923718,33.444559],[-111.924445,33.445168],[-111.922327,33.449777],[-111.920718,33.450693],[-111.919718,33.450311],[-111.917554,33.451168],[-111.920718,33.451369],[-111.921718,33.452559],[-111.924031,33.451855],[-111.926718,33.457964],[-111.928361,33.453168],[-111.92798,33.452168],[-111.932105,33.451168],[-111.929208,33.450168],[-111.929619,33.449168],[-111.929136,33.448168],[-111.930503,33.446952],[-111.932718,33.446626],[-111.934,33.446886],[-111.934718,33.448871],[-111.935582,33.448168],[-111.934931,33.447955],[-111.935019,33.446168],[-111.933561,33.444325],[-111.932946,33.44194],[-111.931426,33.44146],[-111.93145,33.440899],[-111.935718,33.440682],[-111.936718,33.439654],[-111.941718,33.439445],[-111.942718,33.441119],[-111.943026,33.440475],[-111.945195,33.440691],[-111.945599,33.442287],[-111.947718,33.443698],[-111.947738,33.442149],[-111.946219,33.441667],[-111.945915,33.440168],[-111.944974,33.439912],[-111.944672,33.438168],[-111.947433,33.438453],[-111.947718,33.439366],[-111.948981,33.43943],[-111.947904,33.438168],[-111.946295,33.437591],[-111.946794,33.436243],[-111.95567,33.436216],[-111.955809,33.437168],[-111.955718,33.436148],[-111.944718,33.435947],[-111.942718,33.435173],[-111.940483,33.431168],[-111.940549,33.429998],[-111.941993,33.429893],[-111.942392,33.432494],[-111.943718,33.431715],[-111.952718,33.431791],[-111.953826,33.431168],[-111.953665,33.430221],[-111.951718,33.43081],[-111.950194,33.430168],[-111.953738,33.428187],[-111.953718,33.426526],[-111.955164,33.425168],[-111.954499,33.424168],[-111.955645,33.423094],[-111.956718,33.425072],[-111.959899,33.422987],[-111.960718,33.426117],[-111.961512,33.422961],[-111.962718,33.42322],[-111.963718,33.422485],[-111.966512,33.422168],[-111.963718,33.421287],[-111.962363,33.421523],[-111.961237,33.420168],[-111.961806,33.419168],[-111.960718,33.418182],[-111.959718,33.420325],[-111.958718,33.419521],[-111.957718,33.419938],[-111.956958,33.418928],[-111.957718,33.41737],[-111.960718,33.418164],[-111.961718,33.41678],[-111.964285,33.415168],[-111.96261,33.414276],[-111.963563,33.413168],[-111.962028,33.412168],[-111.961093,33.409168],[-111.965183,33.407168],[-111.96142,33.406466],[-111.961429,33.405168],[-111.960718,33.404485],[-111.959718,33.406033],[-111.957184,33.405702],[-111.955718,33.403373],[-111.954718,33.4038],[-111.953199,33.402687],[-111.952765,33.400168],[-111.951718,33.399248],[-111.950718,33.402622],[-111.948848,33.402038],[-111.947718,33.400309],[-111.946225,33.403675],[-111.945718,33.404124],[-111.944718,33.403274],[-111.943708,33.405178],[-111.942965,33.403168],[-111.943457,33.400168],[-111.942855,33.399031],[-111.942757,33.395129],[-111.940945,33.394168],[-111.946621,33.393168],[-111.943718,33.392026],[-111.941718,33.392493],[-111.940843,33.392168],[-111.939718,33.387462],[-111.93846,33.390426],[-111.935348,33.387538],[-111.935376,33.386168],[-111.934259,33.386168],[-111.93349,33.388168],[-111.933986,33.389168],[-111.933408,33.389478],[-111.930843,33.387168],[-111.932598,33.386168],[-111.927985,33.385168],[-111.928496,33.382945],[-111.929788,33.382168],[-111.929355,33.381168],[-111.92992,33.380168],[-111.928718,33.377056],[-111.926718,33.380865],[-111.922945,33.380394],[-111.922453,33.380903],[-111.924098,33.381788],[-111.925104,33.384168],[-111.921814,33.385168],[-111.922203,33.387168],[-111.921609,33.389059],[-111.919078,33.390527],[-111.916718,33.390856],[-111.915718,33.38976],[-111.914718,33.390547],[-111.913943,33.388168],[-111.915377,33.387168],[-111.914718,33.385963],[-111.911776,33.385168],[-111.913303,33.384168],[-111.912352,33.383168],[-111.911891,33.380168],[-111.910951,33.379936],[-111.909601,33.37805],[-111.909329,33.378778],[-111.906632,33.380168],[-111.907026,33.381168],[-111.905683,33.383168],[-111.906929,33.384168],[-111.903836,33.385168],[-111.905718,33.385999],[-111.906718,33.3855],[-111.907554,33.386168],[-111.90719,33.386639],[-111.905718,33.38639],[-111.901718,33.390031],[-111.900718,33.388729],[-111.900491,33.38994],[-111.89919,33.390168],[-111.898718,33.390818],[-111.897867,33.393168],[-111.900024,33.395862],[-111.899955,33.398404],[-111.897308,33.398757],[-111.895718,33.399883],[-111.895273,33.399613],[-111.895281,33.398168],[-111.893808,33.397168],[-111.89498,33.395168],[-111.893228,33.394168],[-111.896015,33.393168],[-111.892788,33.392168],[-111.891718,33.389735],[-111.891579,33.392028],[-111.889758,33.393168],[-111.890962,33.394168],[-111.890718,33.403998],[-111.889718,33.401864],[-111.888718,33.4033],[-111.886718,33.403449],[-111.885393,33.402842],[-111.883718,33.404978],[-111.882718,33.40379],[-111.881718,33.405823],[-111.880718,33.404776],[-111.879718,33.406558],[-111.875718,33.40677],[-111.874718,33.4062],[-111.873984,33.407168],[-111.874285,33.410168],[-111.873718,33.411018],[-111.869565,33.412014],[-111.867718,33.414906],[-111.865718,33.414607],[-111.863632,33.415168],[-111.868736,33.41615],[-111.869718,33.418129],[-111.870538,33.415987],[-111.872739,33.416168],[-111.873253,33.421168],[-111.87018,33.422168],[-111.873601,33.423168],[-111.8737,33.424168],[-111.874718,33.424925],[-111.875047,33.423496],[-111.876718,33.422699],[-111.878718,33.424869],[-111.879718,33.424176],[-111.881718,33.424843],[-111.881718,33.425679],[-111.880831,33.426168],[-111.882114,33.426772],[-111.882436,33.428168],[-111.881718,33.42892],[-111.879693,33.429168],[-111.881718,33.429564],[-111.882718,33.43042],[-111.883718,33.429475],[-111.887099,33.429787],[-111.888437,33.431168],[-111.887709,33.433168],[-111.888697,33.433189],[-111.889485,33.434401],[-111.893718,33.434359],[-111.894718,33.43545],[-111.897718,33.435431],[-111.898718,33.436546],[-111.908718,33.436703],[-111.909087,33.443168],[-111.908718,33.443601],[-111.907718,33.442987],[-111.907254,33.444168],[-111.90912,33.445168],[-111.909068,33.449517],[-111.907718,33.450797],[-111.901298,33.451168],[-111.907994,33.451892],[-111.908718,33.458205]]],"type":"Polygon"}},{"type":"Feature","properties":{"station_id":"aid25","status":"mutual-aid","strategy":"all","band":"4min"},"geometry":{"coordinates":[[[-111.908718,33.425449],[-111.909252,33.422701],[-111.914718,33.423273],[-111.915718,33.422367],[-111.916614,33.423168],[-111.916718,33.425362],[-111.917718,33.424991],[-111.918718,33.423341],[-111.921718,33.423347],[-111.922718,33.424312],[-111.924718,33.4228],[-111.926718,33.425882],[-111.928146,33.422595],[-111.929651,33.422168],[-111.928149,33.421168],[-111.92943,33.418168],[-111.931366,33.415815],[-111.932718,33.415604],[-111.93383,33.416279],[-111.938857,33.415168],[-111.937182,33.414704],[-111.936718,33.413965],[-111.935662,33.414224],[-111.935625,33.413261],[-111.934718,33.412484],[-111.931718,33.413108],[-111.930718,33.411854],[-111.930276,33.413725],[-111.927718,33.413784],[-111.927079,33.412168],[-111.928728,33.410168],[-111.927433,33.409453],[-111.927013,33.408168],[-111.927718,33.407277],[-111.928991,33.407168],[-111.927298,33.406588],[-111.926718,33.405041],[-111.925313,33.406762],[-111.92383,33.407168],[-111.925069,33.407817],[-111.924718,33.409404],[-111.917907,33.411168],[-111.91703,33.412479],[-111.914718,33.411],[-111.910718,33.411021],[-111.909718,33.412182],[-111.908922,33.410168],[-111.909127,33.408577],[-111.912457,33.407168],[-111.910182,33.406704],[-111.908718,33.404763],[-111.908183,33.406632],[-111.906816,33.407168],[-111.907986,33.4079],[-111.908326,33.40956],[-111.90731,33.413168],[-111.902718,33.41358],[-111.901717,33.413166],[-111.899718,33.41493],[-111.898085,33.415168],[-111.905718,33.415925],[-111.907943,33.414943],[-111.907157,33.416606],[-111.90491,33.417168],[-111.905718,33.418396],[-111.906718,33.417622],[-111.907378,33.418168],[-111.906589,33.419168],[-111.907718,33.419994],[-111.90773,33.421179],[-111.905385,33.422168],[-111.908049,33.422837],[-111.908718,33.425449]]],"type":"Polygon"}},{"type":"Feature","properties":{"station_id":"aid26","status":"mutual-aid","strategy":"all","band":"8min"},"geometry":{"coordinates":[[[-111.926306,33.494166],[-111.927306,33.492102],[-111.929243,33.490819],[-111.930306,33.492478],[-111.930929,33.490883],[-111.93062,33.489569],[-111.928754,33.488883],[-111.933363,33.487883],[-111.930419,33.48677],[-111.930881,33.485457],[-111.932176,33.484883],[-111.931189,33.483883],[-111.931951,33.481883],[-111.932656,33.481883],[-111.934306,33.486856],[-111.934415,33.485991],[-111.935306,33.485438],[-111.935659,33.484883],[-111.934951,33.483883],[-111.93636,33.482883],[-111.936007,33.481883],[-111.937915,33.480883],[-111.937725,33.479883],[-111.936288,33.478883],[-111.936042,33.477618],[-111.937549,33.476125],[-111.939306,33.476321],[-111.939895,33.473471],[-111.941973,33.473883],[-111.943306,33.478679],[-111.943539,33.475116],[-111.944537,33.474883],[-111.94419,33.473766],[-111.947854,33.472883],[-111.94401,33.47218],[-111.943986,33.469562],[-111.94567,33.468883],[-111.944039,33.466616],[-111.946306,33.466426],[-111.947306,33.467388],[-111.951306,33.467298],[-111.952306,33.466268],[-111.958918,33.465883],[-111.951306,33.465487],[-111.950306,33.466411],[-111.948306,33.466404],[-111.947306,33.465364],[-111.944947,33.464883],[-111.949545,33.463122],[-111.951137,33.458713],[-111.952306,33.457208],[-111.953306,33.457823],[-111.955807,33.455383],[-111.957022,33.453883],[-111.957082,33.452658],[-111.957744,33.452445],[-111.958584,33.453161],[-111.957883,33.452306],[-111.958172,33.451748],[-111.964485,33.451704],[-111.965661,33.452883],[-111.964728,33.453883],[-111.96513,33.454883],[-111.967396,33.455883],[-111.967174,33.457883],[-111.964993,33.458569],[-111.963176,33.460753],[-111.96307,33.461883],[-111.96333,33.461907],[-111.963538,33.461115],[-111.964426,33.461002],[-111.965965,33.459541],[-111.967596,33.459593],[-111.96718,33.460883],[-111.968633,33.461883],[-111.968767,33.465343],[-111.962306,33.465663],[-111.961625,33.465564],[-111.961306,33.464555],[-111.959743,33.465883],[-111.968757,33.466432],[-111.969248,33.471883],[-111.968766,33.472883],[-111.969306,33.473721],[-111.970809,33.470385],[-111.971,33.466883],[-111.972306,33.467766],[-111.973919,33.466495],[-111.978062,33.465883],[-111.974306,33.464487],[-111.973306,33.465536],[-111.971558,33.464631],[-111.971718,33.462294],[-111.975335,33.457911],[-111.976306,33.458028],[-111.977665,33.459524],[-111.978306,33.462974],[-111.979715,33.458883],[-111.982306,33.458669],[-111.983306,33.459621],[-111.985082,33.459883],[-111.984191,33.461883],[-111.985761,33.462428],[-111.985816,33.463392],[-111.984867,33.463883],[-111.986647,33.464883],[-111.984491,33.465883],[-111.986507,33.466682],[-111.987306,33.467921],[-111.988274,33.465883],[-111.987868,33.464883],[-111.988372,33.462948],[-111.989791,33.461883],[-111.988635,33.461554],[-111.98855,33.459883],[-111.98972,33.459296],[-111.991306,33.459887],[-111.995306,33.459683],[-111.99597,33.460219],[-111.999306,33.460426],[-112.000306,33.459314],[-112.006142,33.459047],[-112.006974,33.459215],[-112.007306,33.460305],[-112.010009,33.46018],[-112.010306,33.460886],[-112.012306,33.461366],[-112.014495,33.461071],[-112.014306,33.460624],[-112.012306,33.460471],[-112.011537,33.459652],[-112.008306,33.459594],[-112.007306,33.458658],[-111.999306,33.458342],[-111.99877,33.459346],[-111.997306,33.459564],[-111.996306,33.458307],[-111.989212,33.457883],[-111.990218,33.455883],[-111.988791,33.454398],[-111.988993,33.452883],[-111.990306,33.452089],[-111.992306,33.452865],[-111.993098,33.451674],[-111.994306,33.451227],[-111.995306,33.451979],[-111.996309,33.450883],[-111.995634,33.450555],[-111.995819,33.449395],[-111.997306,33.448399],[-111.999875,33.447883],[-111.996306,33.447645],[-111.995306,33.446679],[-111.993306,33.447285],[-111.989978,33.446883],[-111.991437,33.445883],[-111.98784,33.445349],[-111.987306,33.438951],[-111.9868,33.446883],[-111.986306,33.447307],[-111.984306,33.446625],[-111.983306,33.447288],[-111.98159,33.443599],[-111.980602,33.442883],[-111.980424,33.439883],[-111.97951,33.439679],[-111.97937,33.438883],[-111.980306,33.43786],[-111.983985,33.437561],[-111.984306,33.436995],[-111.986306,33.437549],[-111.987306,33.436294],[-111.990306,33.436074],[-111.991306,33.437216],[-111.992306,33.435339],[-111.995306,33.436229],[-111.996306,33.435335],[-112.006306,33.43567],[-112.009306,33.435274],[-112.011306,33.438143],[-112.015106,33.437883],[-112.011845,33.437344],[-112.010306,33.434478],[-111.991306,33.434178],[-111.990306,33.433478],[-111.987567,33.433622],[-111.987306,33.433176],[-111.987208,33.433883],[-111.985306,33.435182],[-111.980275,33.435914],[-111.979856,33.434333],[-111.979063,33.433883],[-111.979306,33.425737],[-111.980306,33.425195],[-111.981306,33.425681],[-111.982306,33.425029],[-111.983306,33.426604],[-111.983581,33.424157],[-111.985306,33.422885],[-111.987306,33.4235],[-111.988306,33.422551],[-111.992012,33.421883],[-111.988894,33.421295],[-111.987306,33.420064],[-111.985441,33.421017],[-111.983306,33.420772],[-111.982306,33.418352],[-111.981306,33.419381],[-111.979306,33.418867],[-111.978932,33.412508],[-111.982306,33.412193],[-111.983306,33.411118],[-111.988087,33.411102],[-111.988306,33.412027],[-111.989518,33.412094],[-112.000843,33.410883],[-111.982306,33.410222],[-111.981786,33.411362],[-111.980306,33.411581],[-111.978596,33.409883],[-111.979306,33.408942],[-111.980306,33.409429],[-111.981462,33.409038],[-111.982306,33.40784],[-111.983306,33.408554],[-111.985306,33.407195],[-111.986306,33.407928],[-111.987044,33.406883],[-111.981129,33.40606],[-111.979801,33.404883],[-111.980366,33.403823],[-111.978753,33.402883],[-111.978306,33.400044],[-111.978057,33.402883],[-111.976673,33.403883],[-111.976971,33.405883],[-111.975306,33.406234],[-111.973819,33.407395],[-111.971915,33.407274],[-111.969753,33.405436],[-111.96942,33.403769],[-111.968574,33.403615],[-111.968306,33.395636],[-111.967306,33.396873],[-111.967179,33.401755],[-111.968126,33.402063],[-111.968146,33.404883],[-111.969059,33.40513],[-111.969071,33.407118],[-111.969827,33.408362],[-111.970306,33.408809],[-111.970551,33.408127],[-111.971306,33.408036],[-111.972142,33.408883],[-111.972213,33.409789],[-111.970306,33.409498],[-111.970171,33.409883],[-111.975306,33.41029],[-111.977686,33.412883],[-111.977306,33.418161],[-111.976306,33.420191],[-111.974306,33.418197],[-111.97352,33.420096],[-111.972306,33.420489],[-111.971306,33.419354],[-111.970306,33.420366],[-111.969306,33.418662],[-111.968306,33.420731],[-111.966306,33.418213],[-111.965306,33.419731],[-111.964306,33.419391],[-111.964306,33.418458],[-111.96589,33.417883],[-111.963961,33.417228],[-111.964463,33.415883],[-111.962233,33.413956],[-111.962599,33.412883],[-111.960306,33.409426],[-111.9601,33.411676],[-111.958962,33.413538],[-111.956306,33.412837],[-111.955065,33.413883],[-111.95446,33.411883],[-111.952765,33.410883],[-111.952899,33.408883],[-111.956988,33.407883],[-111.955306,33.40659],[-111.952735,33.406454],[-111.952306,33.404522],[-111.951478,33.406054],[-111.949306,33.406352],[-111.948306,33.403579],[-111.947306,33.40528],[-111.944153,33.406036],[-111.942204,33.402883],[-111.943454,33.40203],[-111.942904,33.400883],[-111.943243,33.399883],[-111.941254,33.398935],[-111.941748,33.397883],[-111.941342,33.395883],[-111.939363,33.392826],[-111.937306,33.398144],[-111.936039,33.39815],[-111.935306,33.395539],[-111.933406,33.397982],[-111.931163,33.398026],[-111.931014,33.395883],[-111.931709,33.394285],[-111.934306,33.393293],[-111.935306,33.393519],[-111.935947,33.392883],[-111.930306,33.391099],[-111.926974,33.392215],[-111.928747,33.388883],[-111.926306,33.384906],[-111.923876,33.389883],[-111.924607,33.391183],[-111.923306,33.390912],[-111.917139,33.392883],[-111.921306,33.39327],[-111.922725,33.394883],[-111.920556,33.395883],[-111.922487,33.397702],[-111.922354,33.398883],[-111.920306,33.398853],[-111.919094,33.399671],[-111.919754,33.400883],[-111.919145,33.401883],[-111.917089,33.4021],[-111.917306,33.401253],[-111.918292,33.400883],[-111.917126,33.399883],[-111.917327,33.397862],[-111.916306,33.397586],[-111.913315,33.398883],[-111.914799,33.39939],[-111.914029,33.400883],[-111.914306,33.401995],[-111.912306,33.403488],[-111.911306,33.402959],[-111.910909,33.401486],[-111.912547,33.399883],[-111.912368,33.398945],[-111.913165,33.398883],[-111.912243,33.398883],[-111.911633,33.399209],[-111.910306,33.399125],[-111.909306,33.39605],[-111.908768,33.399344],[-111.905526,33.399883],[-111.907384,33.400883],[-111.906521,33.401883],[-111.906909,33.403485],[-111.905306,33.404825],[-111.904306,33.404679],[-111.903238,33.405814],[-111.901849,33.405883],[-111.900859,33.404883],[-111.900306,33.40199],[-111.898731,33.403307],[-111.897972,33.403217],[-111.897306,33.401876],[-111.896342,33.402918],[-111.895021,33.403168],[-111.894306,33.401882],[-111.89605,33.400883],[-111.894495,33.398883],[-111.894492,33.397883],[-111.893068,33.397121],[-111.894017,33.395883],[-111.89317,33.394746],[-111.895306,33.39407],[-111.899609,33.394185],[-111.902058,33.392883],[-111.899335,33.391854],[-111.897306,33.392108],[-111.896306,33.391023],[-111.895306,33.391638],[-111.893289,33.3899],[-111.893149,33.387725],[-111.895306,33.386364],[-111.896628,33.386204],[-111.911721,33.385883],[-111.894306,33.385426],[-111.893857,33.386433],[-111.892705,33.386484],[-111.892156,33.382883],[-111.89375,33.378883],[-111.893426,33.370002],[-111.894306,33.369909],[-111.894306,33.368524],[-111.893298,33.368874],[-111.892943,33.378883],[-111.890968,33.381883],[-111.890738,33.385314],[-111.888306,33.384396],[-111.886306,33.384711],[-111.885168,33.385744],[-111.872192,33.385883],[-111.886306,33.386105],[-111.886596,33.385172],[-111.888306,33.385044],[-111.889172,33.386017],[-111.890748,33.386441],[-111.890956,33.389883],[-111.890306,33.391828],[-111.887306,33.391761],[-111.883436,33.392883],[-111.887306,33.394354],[-111.889348,33.393883],[-111.890231,33.396958],[-111.890306,33.403839],[-111.889306,33.402742],[-111.887357,33.404933],[-111.886166,33.403742],[-111.885306,33.405379],[-111.884306,33.404258],[-111.882306,33.406357],[-111.881306,33.405584],[-111.880014,33.40659],[-111.876537,33.407113],[-111.875492,33.407883],[-111.884301,33.408883],[-111.885198,33.409991],[-111.887936,33.410253],[-111.889089,33.4111],[-111.889725,33.411883],[-111.889088,33.412883],[-111.890016,33.415883],[-111.889527,33.416883],[-111.890197,33.417883],[-111.888725,33.418883],[-111.889854,33.420883],[-111.889002,33.420883],[-111.887306,33.419594],[-111.88613,33.420706],[-111.884035,33.421154],[-111.883306,33.420273],[-111.882306,33.42138],[-111.87986,33.421883],[-111.882497,33.422883],[-111.881395,33.423971],[-111.880675,33.426251],[-111.878948,33.426524],[-111.878158,33.427734],[-111.876114,33.427075],[-111.876452,33.425883],[-111.874884,33.424305],[-111.874948,33.421883],[-111.874306,33.421256],[-111.873329,33.424905],[-111.870306,33.428685],[-111.869306,33.428064],[-111.867866,33.429443],[-111.865306,33.429542],[-111.864959,33.429883],[-111.867079,33.43011],[-111.867957,33.430883],[-111.865975,33.432551],[-111.86223,33.432806],[-111.860416,33.433883],[-111.860598,33.435174],[-111.858792,33.436883],[-111.860775,33.436883],[-111.863306,33.435369],[-111.864306,33.435972],[-111.865487,33.435702],[-111.866558,33.436631],[-111.865711,33.440287],[-111.863644,33.44222],[-111.861932,33.442508],[-111.861306,33.443262],[-111.858388,33.442964],[-111.858306,33.443447],[-111.856923,33.442266],[-111.856379,33.436955],[-111.857095,33.436883],[-111.856306,33.435608],[-111.854306,33.440647],[-111.854436,33.442012],[-111.848668,33.443883],[-111.85071,33.444479],[-111.851306,33.445286],[-111.852995,33.444571],[-111.854398,33.444791],[-111.853538,33.445114],[-111.852554,33.44713],[-111.851306,33.44713],[-111.849748,33.449324],[-111.848083,33.449659],[-111.846306,33.451266],[-111.844995,33.451194],[-111.844306,33.450498],[-111.839306,33.450592],[-111.839116,33.451073],[-111.840993,33.452196],[-111.842306,33.4523],[-111.842497,33.453073],[-111.840898,33.453291],[-111.840306,33.45189],[-111.839015,33.454591],[-111.836306,33.456418],[-111.835306,33.456437],[-111.834925,33.457502],[-111.830306,33.457537],[-111.829953,33.458529],[-111.828203,33.458779],[-111.827185,33.460761],[-111.826112,33.460883],[-111.825192,33.461883],[-111.825285,33.463861],[-111.824306,33.464231],[-111.825353,33.463883],[-111.825338,33.461914],[-111.826468,33.461883],[-111.827449,33.461025],[-111.828511,33.459087],[-111.830423,33.458999],[-111.831306,33.458107],[-111.835306,33.45822],[-111.835811,33.457387],[-111.837577,33.457153],[-111.838306,33.456492],[-111.839306,33.45684],[-111.842122,33.454698],[-111.844306,33.454451],[-111.845008,33.453584],[-111.848625,33.452201],[-111.852124,33.4487],[-111.854306,33.447652],[-111.856059,33.44813],[-111.857306,33.450546],[-111.857679,33.448883],[-111.856833,33.446883],[-111.857306,33.446352],[-111.864789,33.443365],[-111.869306,33.43853],[-111.87101,33.438586],[-111.872306,33.437646],[-111.878969,33.436545],[-111.88012,33.435696],[-111.88297,33.435546],[-111.883306,33.43503],[-111.887306,33.434859],[-111.889358,33.436831],[-111.889505,33.437684],[-111.889485,33.450062],[-111.887102,33.450087],[-111.887007,33.448583],[-111.887738,33.447883],[-111.886306,33.447317],[-111.883126,33.447702],[-111.882306,33.450317],[-111.878306,33.449498],[-111.877306,33.450249],[-111.875306,33.450268],[-111.874953,33.449529],[-111.876442,33.448883],[-111.874894,33.448295],[-111.874306,33.447176],[-111.873763,33.449883],[-111.872306,33.451301],[-111.869306,33.451341],[-111.868306,33.452353],[-111.867306,33.452371],[-111.866647,33.451883],[-111.86704,33.450883],[-111.866306,33.450728],[-111.865649,33.453225],[-111.863306,33.453446],[-111.862306,33.454473],[-111.860306,33.454523],[-111.859306,33.45556],[-111.85779,33.455399],[-111.857306,33.453167],[-111.857144,33.454883],[-111.856306,33.455671],[-111.854518,33.455671],[-111.854306,33.454827],[-111.852903,33.454883],[-111.854191,33.454998],[-111.854306,33.455988],[-111.856867,33.456322],[-111.857306,33.458156],[-111.857493,33.456883],[-111.858306,33.456208],[-111.860306,33.456215],[-111.86437,33.454946],[-111.865306,33.455256],[-111.86593,33.455883],[-111.866055,33.457883],[-111.865958,33.458534],[-111.864864,33.458883],[-111.866306,33.460383],[-111.866891,33.458883],[-111.866794,33.453883],[-111.867306,33.453394],[-111.869306,33.45342],[-111.870306,33.45244],[-111.873306,33.452471],[-111.874306,33.456206],[-111.875021,33.452597],[-111.876306,33.452452],[-111.877306,33.451516],[-111.880306,33.45154],[-111.882571,33.452618],[-111.882581,33.456883],[-111.883306,33.458013],[-111.884576,33.455883],[-111.884461,33.454883],[-111.887713,33.453883],[-111.886462,33.452727],[-111.884306,33.452368],[-111.884093,33.451669],[-111.888498,33.451691],[-111.888619,33.459883],[-111.887661,33.460883],[-111.887577,33.465153],[-111.880077,33.465883],[-111.887306,33.466303],[-111.887672,33.466883],[-111.887155,33.468034],[-111.888978,33.479554],[-111.888896,33.482883],[-111.887938,33.483883],[-111.888154,33.48673],[-111.887231,33.486883],[-111.887273,33.492916],[-111.888269,33.492883],[-111.887352,33.492837],[-111.887567,33.487143],[-111.888509,33.486883],[-111.889674,33.48125],[-111.890977,33.480883],[-111.890877,33.477883],[-111.889765,33.476883],[-111.889851,33.474883],[-111.888698,33.473883],[-111.888671,33.466883],[-111.889306,33.466035],[-111.89098,33.466883],[-111.891306,33.47143],[-111.891718,33.467295],[-111.894306,33.467093],[-111.895602,33.467883],[-111.896306,33.469289],[-111.897306,33.468352],[-111.898387,33.468802],[-111.897236,33.469883],[-111.89919,33.471883],[-111.897901,33.472883],[-111.900306,33.474712],[-111.902306,33.473862],[-111.905155,33.475883],[-111.905224,33.476883],[-111.907327,33.478903],[-111.904588,33.480164],[-111.904266,33.480883],[-111.908202,33.480987],[-111.908565,33.483624],[-111.909306,33.484188],[-111.909708,33.481883],[-111.910545,33.481122],[-111.916043,33.480883],[-111.915112,33.481883],[-111.91634,33.482849],[-111.916336,33.483883],[-111.917123,33.484066],[-111.917306,33.48493],[-111.918704,33.484485],[-111.919306,33.485739],[-111.920306,33.485068],[-111.9208,33.485389],[-111.92068,33.487256],[-111.919527,33.487883],[-111.920976,33.488213],[-111.921306,33.489706],[-111.922113,33.488689],[-111.923308,33.488881],[-111.923868,33.489883],[-111.923411,33.490883],[-111.926306,33.494166]]],"type":"Polygon"}},{"type":"Feature","properties":{"station_id":"aid26","status":"mutual-aid","strategy":"all","band":"4min"},"geometry":{"coordinates":[[[-111.926306,33.466022],[-111.927133,33.462709],[-111.928129,33.461883],[-111.926937,33.461252],[-111.927268,33.459844],[-111.929306,33.459281],[-111.930306,33.459925],[-111.932402,33.458787],[-111.930848,33.458341],[-111.930306,33.457376],[-111.929697,33.458273],[-111.928978,33.458211],[-111.928193,33.455883],[-111.931795,33.455394],[-111.935306,33.46017],[-111.939069,33.453883],[-111.939436,33.450883],[-111.936306,33.450347],[-111.935956,33.448883],[-111.940328,33.447883],[-111.935822,33.447367],[-111.93571,33.443883],[-111.934306,33.444382],[-111.933743,33.441446],[-111.93215,33.440727],[-111.937306,33.440616],[-111.938306,33.43961],[-111.939523,33.439666],[-111.940555,33.441634],[-111.940306,33.443795],[-111.941306,33.444005],[-111.941958,33.442534],[-111.944562,33.440627],[-111.945605,33.441584],[-111.947094,33.445095],[-111.948629,33.44556],[-111.949306,33.446818],[-111.95068,33.447509],[-111.950937,33.448883],[-111.952172,33.449017],[-111.952306,33.450027],[-111.954116,33.450073],[-111.955306,33.451906],[-111.955465,33.451041],[-111.956938,33.450883],[-111.955306,33.450662],[-111.954472,33.449717],[-111.952859,33.44933],[-111.953506,33.446082],[-111.955203,33.445986],[-111.955306,33.446862],[-111.955628,33.443883],[-111.956306,33.443356],[-111.958306,33.445226],[-111.95997,33.444883],[-111.958445,33.444744],[-111.957807,33.442883],[-111.958554,33.441883],[-111.958366,33.440883],[-111.958301,33.440883],[-111.957801,33.441377],[-111.957306,33.441487],[-111.956011,33.441178],[-111.956705,33.439883],[-111.956306,33.438837],[-111.953125,33.438883],[-111.953819,33.437395],[-111.958306,33.43742],[-111.958465,33.436724],[-111.953306,33.436602],[-111.952306,33.435504],[-111.945306,33.435385],[-111.944691,33.434498],[-111.943306,33.434281],[-111.942039,33.43315],[-111.941718,33.431471],[-111.940851,33.430883],[-111.941306,33.430345],[-111.942579,33.43061],[-111.943306,33.432182],[-111.945306,33.432083],[-111.945639,33.431215],[-111.947688,33.430883],[-111.945624,33.430565],[-111.945609,33.429185],[-111.946856,33.428883],[-111.944414,33.427883],[-111.943306,33.425804],[-111.942306,33.42659],[-111.941073,33.425116],[-111.940306,33.422312],[-111.939063,33.425639],[-111.937886,33.425883],[-111.938876,33.427313],[-111.938809,33.428385],[-111.936675,33.430251],[-111.934973,33.429216],[-111.934306,33.427731],[-111.932306,33.428375],[-111.930932,33.427257],[-111.930456,33.425032],[-111.934489,33.425065],[-111.934469,33.42472],[-111.933306,33.42465],[-111.931709,33.42348],[-111.931807,33.422383],[-111.933749,33.42244],[-111.935306,33.424079],[-111.936659,33.422235],[-111.937889,33.421883],[-111.930908,33.421281],[-111.929668,33.419883],[-111.929306,33.416599],[-111.928534,33.416883],[-111.929084,33.417105],[-111.928866,33.418883],[-111.92729,33.420899],[-111.926908,33.419883],[-111.927655,33.418883],[-111.9269,33.417883],[-111.928249,33.416883],[-111.927066,33.415642],[-111.927992,33.414883],[-111.926832,33.414357],[-111.926306,33.413269],[-111.925398,33.415974],[-111.924411,33.416987],[-111.922454,33.416735],[-111.922306,33.416014],[-111.921937,33.416513],[-111.924522,33.420098],[-111.923741,33.419448],[-111.921218,33.419794],[-111.921761,33.420883],[-111.920811,33.421387],[-111.918654,33.421535],[-111.917306,33.420615],[-111.916841,33.421417],[-111.915312,33.421883],[-111.917053,33.422136],[-111.917306,33.423037],[-111.918306,33.422391],[-111.921635,33.422883],[-111.924107,33.425082],[-111.925576,33.425613],[-111.925306,33.42823],[-111.924665,33.427524],[-111.923306,33.427402],[-111.921306,33.428284],[-111.917306,33.428607],[-111.912306,33.427907],[-111.910306,33.428618],[-111.909455,33.427883],[-111.909306,33.426464],[-111.908306,33.428325],[-111.906953,33.428883],[-111.908737,33.430452],[-111.907765,33.431883],[-111.908959,33.432883],[-111.908306,33.435334],[-111.897644,33.435545],[-111.897306,33.434681],[-111.895595,33.434594],[-111.895306,33.433736],[-111.893575,33.433614],[-111.893412,33.431883],[-111.892456,33.431733],[-111.892364,33.429883],[-111.891399,33.42979],[-111.891306,33.428574],[-111.891269,33.429883],[-111.892251,33.429938],[-111.892187,33.431763],[-111.889306,33.431859],[-111.889269,33.432845],[-111.887306,33.432858],[-111.887288,33.433865],[-111.886021,33.433883],[-111.888251,33.433938],[-111.888728,33.434461],[-111.893151,33.434038],[-111.893306,33.434993],[-111.897012,33.435177],[-111.897306,33.436268],[-111.90916,33.436029],[-111.908711,33.442883],[-111.907073,33.443883],[-111.90875,33.444883],[-111.908892,33.449883],[-111.908306,33.450601],[-111.904213,33.450883],[-111.908745,33.451444],[-111.908256,33.452883],[-111.909306,33.45593],[-111.90963,33.452883],[-111.910306,33.452076],[-111.913306,33.451297],[-111.915306,33.45288],[-111.916306,33.452386],[-111.917306,33.458197],[-111.920306,33.454035],[-111.921004,33.455185],[-111.923321,33.454868],[-111.924118,33.456883],[-111.923231,33.457883],[-111.921974,33.458215],[-111.921306,33.45745],[-111.918828,33.458883],[-111.924096,33.459883],[-111.924534,33.460883],[-111.923803,33.461883],[-111.92541,33.462883],[-111.924753,33.463883],[-111.925761,33.464428],[-111.926306,33.466022]]],"type":"Polygon"}},{"type":"Feature","properties":{"station_id":"aid27","status":"mutual-aid","strategy":"all","band":"8min"},"geometry":{"coordinates":[[[-111.926088,33.398028],[-111.927864,33.394379],[-111.931839,33.392604],[-111.927744,33.391948],[-111.927743,33.391258],[-111.929352,33.390604],[-111.929531,33.389046],[-111.930427,33.388604],[-111.930221,33.387604],[-111.928088,33.387142],[-111.927791,33.386306],[-111.93335,33.385604],[-111.931939,33.384604],[-111.934088,33.38288],[-111.935088,33.383481],[-111.936508,33.383184],[-111.937242,33.384604],[-111.936831,33.385346],[-111.935769,33.385604],[-111.938126,33.386566],[-111.939088,33.391435],[-111.940715,33.388604],[-111.939632,33.38806],[-111.939563,33.386078],[-111.942117,33.385604],[-111.940052,33.384567],[-111.943088,33.382881],[-111.944088,33.385256],[-111.945514,33.382029],[-111.947088,33.381138],[-111.948377,33.381315],[-111.951275,33.383417],[-111.951055,33.384604],[-111.951739,33.385604],[-111.951206,33.387604],[-111.952088,33.388893],[-111.953451,33.386604],[-111.952593,33.386099],[-111.952649,33.385165],[-111.954088,33.383999],[-111.955088,33.384018],[-111.954682,33.382197],[-111.958489,33.380004],[-111.960472,33.38022],[-111.961088,33.381538],[-111.964088,33.379188],[-111.966877,33.378815],[-111.967088,33.384202],[-111.968088,33.385216],[-111.968746,33.368261],[-111.969428,33.368264],[-111.969783,33.369909],[-111.97261,33.371082],[-111.973754,33.372604],[-111.973066,33.374626],[-111.973088,33.375743],[-111.973207,33.374722],[-111.9743,33.374815],[-111.975233,33.373748],[-111.977399,33.373293],[-111.978088,33.374169],[-111.978514,33.372604],[-111.975811,33.371881],[-111.974615,33.371077],[-111.974088,33.3698],[-111.971983,33.369709],[-111.971764,33.367604],[-111.970675,33.366604],[-111.970916,33.365431],[-111.972088,33.365156],[-111.972822,33.365604],[-111.973088,33.367089],[-111.975088,33.366961],[-111.976596,33.365111],[-111.979148,33.364604],[-111.978413,33.361604],[-111.981259,33.359774],[-111.982112,33.357627],[-111.983979,33.357494],[-111.984581,33.355097],[-111.986088,33.354235],[-111.986591,33.353107],[-111.988088,33.352835],[-111.989088,33.353926],[-111.991852,33.349604],[-111.994965,33.348604],[-111.994872,33.347604],[-111.996153,33.346604],[-111.993995,33.345604],[-111.995964,33.344604],[-111.996088,33.343202],[-111.994821,33.342604],[-111.996209,33.341604],[-111.994658,33.341034],[-111.99453,33.339045],[-111.995268,33.338424],[-111.994869,33.337604],[-111.993395,33.337297],[-111.993088,33.336246],[-111.99298,33.337712],[-111.9938,33.338604],[-111.992511,33.339604],[-111.99336,33.340875],[-111.99241,33.341925],[-111.99031,33.342604],[-111.990088,33.343759],[-111.989013,33.343528],[-111.989183,33.345604],[-111.986088,33.347078],[-111.984938,33.344754],[-111.9854,33.342604],[-111.986088,33.341951],[-111.987102,33.342604],[-111.988285,33.341604],[-111.987056,33.340636],[-111.985789,33.337903],[-111.986379,33.335604],[-111.984088,33.335525],[-111.982913,33.334779],[-111.981749,33.332604],[-111.982016,33.330604],[-111.981098,33.329604],[-111.976922,33.331437],[-111.975717,33.333604],[-111.973745,33.333947],[-111.973505,33.331604],[-111.972492,33.3302],[-111.972219,33.324604],[-111.972315,33.32383],[-111.973286,33.323604],[-111.972088,33.314636],[-111.971835,33.31935],[-111.97124,33.319604],[-111.971871,33.321604],[-111.971886,33.326604],[-111.971088,33.332426],[-111.970696,33.331604],[-111.969088,33.330832],[-111.966909,33.330424],[-111.965088,33.330953],[-111.964088,33.330075],[-111.964088,33.329316],[-111.966701,33.328604],[-111.96529,33.327604],[-111.964969,33.325604],[-111.963848,33.324604],[-111.96704,33.323604],[-111.965428,33.323264],[-111.964901,33.321416],[-111.966088,33.320643],[-111.968088,33.320922],[-111.969306,33.319821],[-111.970572,33.319604],[-111.964816,33.318876],[-111.963088,33.314756],[-111.962186,33.318701],[-111.959032,33.316547],[-111.957088,33.317876],[-111.956902,33.318604],[-111.955799,33.318893],[-111.955427,33.317604],[-111.956088,33.316284],[-111.954251,33.316441],[-111.950862,33.31383],[-111.950305,33.311604],[-111.951216,33.310604],[-111.950947,33.309604],[-111.94792,33.307604],[-111.948088,33.306313],[-111.95257,33.305604],[-111.951088,33.304968],[-111.949088,33.305156],[-111.947983,33.304498],[-111.946922,33.30477],[-111.94695,33.301604],[-111.946088,33.299774],[-111.944564,33.304079],[-111.940238,33.305604],[-111.941272,33.306604],[-111.940595,33.30811],[-111.938227,33.308604],[-111.93576,33.311276],[-111.934088,33.31171],[-111.930635,33.310057],[-111.930677,33.307192],[-111.939969,33.305604],[-111.935605,33.305087],[-111.935088,33.302916],[-111.934066,33.304604],[-111.931371,33.304604],[-111.93473,33.302604],[-111.932088,33.301879],[-111.930088,33.302063],[-111.929088,33.301341],[-111.928003,33.301689],[-111.926088,33.299793],[-111.925338,33.303604],[-111.924088,33.303716],[-111.921734,33.305249],[-111.920318,33.305374],[-111.920088,33.304807],[-111.918918,33.305604],[-111.919697,33.306604],[-111.919714,33.310978],[-111.919968,33.311724],[-111.921416,33.312276],[-111.92125,33.313765],[-111.920088,33.314124],[-111.918328,33.312364],[-111.912495,33.312197],[-111.911088,33.310326],[-111.910547,33.314062],[-111.90883,33.316604],[-111.909341,33.317856],[-111.908088,33.318605],[-111.906305,33.318387],[-111.905088,33.317167],[-111.903432,33.318947],[-111.902088,33.319016],[-111.901088,33.320348],[-111.899267,33.320604],[-111.905088,33.322767],[-111.905649,33.323604],[-111.904248,33.324604],[-111.904311,33.325604],[-111.905088,33.326471],[-111.907047,33.326604],[-111.905356,33.326871],[-111.904547,33.328604],[-111.902746,33.329261],[-111.902441,33.330956],[-111.900719,33.330973],[-111.900868,33.329604],[-111.900088,33.328763],[-111.898775,33.329604],[-111.899602,33.33009],[-111.899509,33.331024],[-111.897677,33.331604],[-111.899088,33.331876],[-111.899382,33.332897],[-111.897652,33.33304],[-111.897088,33.331997],[-111.895351,33.332866],[-111.89382,33.332872],[-111.893619,33.331604],[-111.894415,33.33093],[-111.89503,33.328604],[-111.894246,33.326604],[-111.894848,33.325604],[-111.894088,33.321406],[-111.893949,33.324604],[-111.892985,33.325604],[-111.892347,33.333862],[-111.891038,33.333654],[-111.890088,33.33238],[-111.889088,33.334028],[-111.885088,33.333605],[-111.882072,33.334604],[-111.883088,33.335452],[-111.885088,33.334958],[-111.886088,33.336217],[-111.887088,33.335902],[-111.888088,33.336777],[-111.888664,33.335179],[-111.891518,33.335174],[-111.891761,33.338604],[-111.892717,33.339604],[-111.892804,33.341604],[-111.891088,33.343148],[-111.889337,33.343604],[-111.891195,33.345604],[-111.889835,33.345857],[-111.888705,33.344987],[-111.888955,33.343604],[-111.888088,33.342493],[-111.886393,33.343604],[-111.887548,33.344144],[-111.887088,33.34518],[-111.883088,33.344763],[-111.881088,33.345541],[-111.88062,33.348604],[-111.879088,33.349025],[-111.878628,33.348144],[-111.879447,33.347604],[-111.877367,33.346604],[-111.878725,33.345604],[-111.87803,33.344604],[-111.876596,33.344096],[-111.876423,33.342938],[-111.877569,33.342604],[-111.876239,33.342453],[-111.876088,33.340958],[-111.875513,33.343028],[-111.87463,33.343604],[-111.875369,33.344884],[-111.873996,33.346604],[-111.875088,33.34762],[-111.874088,33.34817],[-111.872088,33.347805],[-111.871088,33.348894],[-111.866802,33.349604],[-111.868692,33.35],[-111.870088,33.351166],[-111.871328,33.350364],[-111.873088,33.351701],[-111.874216,33.350731],[-111.875664,33.351028],[-111.875564,33.353079],[-111.874339,33.353604],[-111.875449,33.354243],[-111.876088,33.35648],[-111.878088,33.352367],[-111.880088,33.355403],[-111.881088,33.354703],[-111.883146,33.355661],[-111.884088,33.3548],[-111.887088,33.355822],[-111.893335,33.356357],[-111.893088,33.36134],[-111.8919,33.360415],[-111.891322,33.362838],[-111.889088,33.362674],[-111.885654,33.363604],[-111.889018,33.364674],[-111.890088,33.364349],[-111.892261,33.365431],[-111.893088,33.372711],[-111.893349,33.367864],[-111.894542,33.367604],[-111.895088,33.364742],[-111.896088,33.36487],[-111.896811,33.367604],[-111.897934,33.368604],[-111.897733,33.369604],[-111.900088,33.372908],[-111.900445,33.37096],[-111.901457,33.369972],[-111.902623,33.370069],[-111.903088,33.370736],[-111.904088,33.369977],[-111.906088,33.371546],[-111.904954,33.372604],[-111.906346,33.373604],[-111.906506,33.375604],[-111.905868,33.376824],[-111.907552,33.377604],[-111.904271,33.378604],[-111.908352,33.37934],[-111.909088,33.38228],[-111.910088,33.380219],[-111.914088,33.381623],[-111.915088,33.381171],[-111.917088,33.382748],[-111.918088,33.382051],[-111.918999,33.382604],[-111.920714,33.384604],[-111.918351,33.385604],[-111.922511,33.386604],[-111.921795,33.387604],[-111.923686,33.391006],[-111.925088,33.391019],[-111.925615,33.391604],[-111.925088,33.392264],[-111.923088,33.391875],[-111.920465,33.392604],[-111.924848,33.393843],[-111.926088,33.398028]]],"type":"Polygon"}},{"type":"Feature","properties":{"station_id":"aid27","status":"mutual-aid","strategy":"all","band":"4min"},"geometry":{"coordinates":[[[-111.929088,33.369382],[-111.930088,33.364692],[-111.931088,33.365128],[-111.932088,33.364178],[-111.934861,33.363604],[-111.93047,33.362604],[-111.931815,33.356604],[-111.931917,33.350433],[-111.933237,33.350455],[-111.934088,33.352336],[-111.936447,33.351962],[-111.937088,33.350361],[-111.939141,33.350604],[-111.939984,33.351708],[-111.941088,33.351125],[-111.944378,33.351314],[-111.943899,33.353793],[-111.944419,33.355604],[-111.943039,33.356604],[-111.944588,33.357604],[-111.944066,33.359626],[-111.944893,33.360604],[-111.944013,33.361679],[-111.944792,33.362604],[-111.944088,33.363345],[-111.942122,33.363604],[-111.944465,33.364227],[-111.946088,33.367149],[-111.946827,33.364342],[-111.949143,33.363604],[-111.947088,33.363436],[-111.946452,33.362604],[-111.948371,33.360604],[-111.947836,33.359604],[-111.949464,33.358604],[-111.949088,33.357916],[-111.948941,33.358456],[-111.946662,33.35803],[-111.947047,33.355562],[-111.948395,33.35591],[-111.949088,33.355394],[-111.950698,33.355994],[-111.954757,33.355604],[-111.956883,33.354604],[-111.956595,33.353604],[-111.957301,33.351816],[-111.958318,33.351833],[-111.959773,33.350288],[-111.962262,33.35043],[-111.96184,33.351604],[-111.963088,33.351833],[-111.963748,33.350263],[-111.966651,33.349604],[-111.963771,33.348921],[-111.963088,33.347157],[-111.962088,33.349019],[-111.961088,33.347878],[-111.955688,33.348004],[-111.955218,33.344733],[-111.955658,33.343604],[-111.954519,33.343173],[-111.954363,33.341604],[-111.950088,33.341226],[-111.947479,33.339604],[-111.946549,33.337604],[-111.946886,33.335401],[-111.948235,33.334604],[-111.946643,33.334049],[-111.946088,33.332031],[-111.944786,33.334301],[-111.943744,33.334604],[-111.944682,33.33501],[-111.944209,33.336604],[-111.94486,33.337604],[-111.943256,33.338604],[-111.943481,33.339604],[-111.942335,33.340604],[-111.942526,33.341604],[-111.944582,33.342604],[-111.943088,33.344162],[-111.940088,33.345188],[-111.939801,33.342317],[-111.941947,33.340604],[-111.941349,33.339604],[-111.940035,33.33955],[-111.939769,33.340604],[-111.938804,33.340887],[-111.938852,33.339604],[-111.937088,33.337697],[-111.937584,33.340604],[-111.937088,33.340956],[-111.936404,33.340604],[-111.936234,33.339458],[-111.934876,33.339604],[-111.934088,33.340367],[-111.933088,33.339452],[-111.932028,33.340663],[-111.931088,33.337749],[-111.929857,33.338372],[-111.92954,33.340055],[-111.929088,33.339891],[-111.92866,33.338604],[-111.929542,33.338057],[-111.930641,33.335157],[-111.932624,33.335068],[-111.933088,33.336022],[-111.933464,33.334979],[-111.936263,33.334604],[-111.933694,33.333998],[-111.931088,33.334267],[-111.930088,33.332867],[-111.928973,33.333719],[-111.928327,33.331604],[-111.929,33.330604],[-111.928206,33.329486],[-111.928088,33.327539],[-111.92687,33.330604],[-111.927766,33.331604],[-111.927097,33.333612],[-111.926088,33.332915],[-111.924697,33.334212],[-111.923088,33.334015],[-111.920944,33.334604],[-111.922874,33.334818],[-111.924088,33.335677],[-111.925088,33.335232],[-111.926392,33.335604],[-111.925662,33.337177],[-111.9244,33.337604],[-111.923938,33.338604],[-111.927016,33.340604],[-111.922088,33.341158],[-111.921088,33.339957],[-111.919509,33.342024],[-111.9174,33.342604],[-111.919483,33.343209],[-111.91944,33.343956],[-111.917739,33.344604],[-111.919423,33.345269],[-111.919394,33.345909],[-111.913562,33.346604],[-111.914537,33.347155],[-111.914088,33.348061],[-111.911621,33.346071],[-111.911526,33.345041],[-111.912307,33.344604],[-111.911457,33.344235],[-111.911088,33.341993],[-111.909694,33.347604],[-111.907857,33.347835],[-111.907088,33.346718],[-111.905577,33.349092],[-111.90309,33.349604],[-111.907046,33.350646],[-111.908088,33.349678],[-111.909547,33.350145],[-111.910661,33.351604],[-111.910031,33.353604],[-111.911088,33.355094],[-111.91269,33.351205],[-111.916847,33.352845],[-111.917088,33.353683],[-111.919088,33.354652],[-111.921552,33.353067],[-111.921522,33.35217],[-111.920646,33.351604],[-111.921527,33.351165],[-111.922806,33.352604],[-111.922088,33.354676],[-111.922979,33.355604],[-111.926252,33.35644],[-111.925393,33.357908],[-111.923633,33.358604],[-111.925088,33.359847],[-111.926176,33.359604],[-111.924789,33.361604],[-111.926577,33.362604],[-111.921968,33.363604],[-111.926506,33.364604],[-111.927597,33.367604],[-111.929088,33.369382]]],"type":"Polygon"}},{"type":"Feature","properties":{"station_id":"aid28","status":"mutual-aid","strategy":"all","band":"8min"},"geometry":{"coordinates":[[[-111.890652,33.396069],[-111.890901,33.386754],[-111.895652,33.386572],[-111.895762,33.385614],[-111.900969,33.385505],[-111.902911,33.381505],[-111.903652,33.381239],[-111.903888,33.382505],[-111.90314,33.383505],[-111.904881,33.384505],[-111.903053,33.385505],[-111.907251,33.386505],[-111.907736,33.387588],[-111.906316,33.389505],[-111.907652,33.390505],[-111.907877,33.391729],[-111.905837,33.392505],[-111.908155,33.394002],[-111.908652,33.396147],[-111.909652,33.394598],[-111.909371,33.393223],[-111.910652,33.393423],[-111.911926,33.392505],[-111.910447,33.39171],[-111.91146,33.390505],[-111.910832,33.389505],[-111.913956,33.385505],[-111.914335,33.382505],[-111.916652,33.381842],[-111.917652,33.382287],[-111.918652,33.380968],[-111.919652,33.380842],[-111.920652,33.381715],[-111.924945,33.381505],[-111.923185,33.380972],[-111.921944,33.379505],[-111.922566,33.378505],[-111.921166,33.377991],[-111.920315,33.376842],[-111.921215,33.375067],[-111.922086,33.375071],[-111.922648,33.376509],[-111.923652,33.375967],[-111.924176,33.375505],[-111.923936,33.373505],[-111.924652,33.37274],[-111.926973,33.374505],[-111.925206,33.375505],[-111.928185,33.375972],[-111.928266,33.377118],[-111.92324,33.378505],[-111.926559,33.379505],[-111.926652,33.382271],[-111.929497,33.380505],[-111.929652,33.379219],[-111.933507,33.378505],[-111.930397,33.37776],[-111.930561,33.376413],[-111.932359,33.375505],[-111.930979,33.374505],[-111.932652,33.372845],[-111.933652,33.373595],[-111.935652,33.372194],[-111.936652,33.37294],[-111.936824,33.371676],[-111.938613,33.371505],[-111.939008,33.36886],[-111.940652,33.366101],[-111.941652,33.366984],[-111.943686,33.365471],[-111.945312,33.367845],[-111.945652,33.369939],[-111.946767,33.367505],[-111.945944,33.366505],[-111.946605,33.364458],[-111.949222,33.364505],[-111.952488,33.363505],[-111.949652,33.362718],[-111.947208,33.362949],[-111.947241,33.362093],[-111.949523,33.361505],[-111.947255,33.360902],[-111.947237,33.360089],[-111.94877,33.359387],[-111.949652,33.360103],[-111.949834,33.358505],[-111.948652,33.356735],[-111.948265,33.358118],[-111.946336,33.357821],[-111.946489,33.356341],[-111.948652,33.356259],[-111.949652,33.355326],[-111.950652,33.356354],[-111.952652,33.355816],[-111.954652,33.356233],[-111.957652,33.354837],[-111.957995,33.353847],[-111.95895,33.353505],[-111.956793,33.353364],[-111.957257,33.35211],[-111.959,33.351852],[-111.959652,33.350489],[-111.961251,33.351505],[-111.959923,33.352505],[-111.963616,33.352541],[-111.963652,33.35292],[-111.963765,33.352505],[-111.963356,33.351505],[-111.964447,33.3503],[-111.965789,33.350641],[-111.969641,33.349505],[-111.967001,33.349156],[-111.965652,33.347927],[-111.964508,33.348649],[-111.96433,33.347182],[-111.965996,33.345505],[-111.965652,33.34427],[-111.964564,33.344593],[-111.964218,33.34207],[-111.968766,33.341618],[-111.970194,33.340046],[-111.971652,33.339691],[-111.972024,33.335876],[-111.972652,33.335074],[-111.974849,33.335308],[-111.976533,33.336505],[-111.976652,33.338007],[-111.977652,33.337812],[-111.978615,33.335505],[-111.978174,33.334026],[-111.979192,33.332044],[-111.981156,33.330505],[-111.979652,33.330378],[-111.977222,33.332074],[-111.975943,33.333795],[-111.973652,33.334109],[-111.972991,33.333505],[-111.972652,33.330581],[-111.972392,33.333505],[-111.971652,33.334142],[-111.97026,33.333505],[-111.969864,33.331505],[-111.968652,33.331904],[-111.967652,33.330689],[-111.964307,33.33185],[-111.963431,33.329283],[-111.965757,33.328505],[-111.963839,33.326505],[-111.964407,33.325505],[-111.963279,33.324505],[-111.965927,33.323505],[-111.964492,33.322665],[-111.963938,33.321505],[-111.967615,33.319505],[-111.964652,33.319189],[-111.963652,33.317494],[-111.962652,33.319092],[-111.960398,33.318505],[-111.958823,33.317334],[-111.956652,33.318649],[-111.955253,33.316904],[-111.952652,33.316225],[-111.952674,33.318505],[-111.950652,33.318259],[-111.949958,33.316505],[-111.951357,33.315505],[-111.949364,33.313505],[-111.949581,33.311505],[-111.947085,33.310505],[-111.949461,33.309505],[-111.947155,33.308002],[-111.946705,33.306505],[-111.947957,33.305505],[-111.946263,33.304894],[-111.945652,33.303525],[-111.944652,33.305002],[-111.942652,33.304243],[-111.941652,33.302546],[-111.940681,33.304533],[-111.939598,33.304559],[-111.939594,33.303563],[-111.938652,33.302934],[-111.937652,33.303852],[-111.937634,33.302505],[-111.935862,33.300505],[-111.936733,33.299505],[-111.935051,33.299106],[-111.934652,33.297984],[-111.933652,33.300357],[-111.931652,33.299851],[-111.930652,33.300373],[-111.928239,33.298918],[-111.927652,33.295248],[-111.925373,33.297784],[-111.923652,33.295947],[-111.921348,33.295809],[-111.921608,33.294505],[-111.920652,33.294015],[-111.919586,33.294505],[-111.917368,33.29722],[-111.917497,33.298505],[-111.916314,33.300505],[-111.918063,33.301505],[-111.916336,33.302188],[-111.916184,33.304505],[-111.915473,33.304684],[-111.915334,33.301505],[-111.914324,33.300505],[-111.915831,33.297505],[-111.91424,33.294092],[-111.917209,33.292061],[-111.926582,33.291505],[-111.902652,33.291387],[-111.901652,33.292322],[-111.896652,33.292297],[-111.894285,33.291872],[-111.892652,33.289867],[-111.887652,33.289941],[-111.886921,33.289236],[-111.884652,33.289214],[-111.883827,33.28833],[-111.882048,33.288109],[-111.881652,33.287306],[-111.864629,33.287481],[-111.864535,33.287505],[-111.874652,33.287661],[-111.875652,33.287883],[-111.878652,33.287693],[-111.879652,33.287955],[-111.880652,33.287681],[-111.881514,33.288643],[-111.883232,33.288925],[-111.883505,33.289652],[-111.885233,33.289924],[-111.885652,33.290877],[-111.887204,33.290953],[-111.887652,33.29182],[-111.891157,33.292],[-111.891444,33.292713],[-111.893164,33.293505],[-111.893269,33.294888],[-111.893971,33.295505],[-111.893708,33.29756],[-111.891641,33.297516],[-111.890652,33.296831],[-111.889899,33.297752],[-111.887561,33.298505],[-111.89057,33.299587],[-111.891074,33.298926],[-111.892138,33.299019],[-111.892403,33.302255],[-111.889492,33.302344],[-111.888652,33.303584],[-111.886652,33.30383],[-111.885741,33.303505],[-111.886195,33.302505],[-111.885652,33.299965],[-111.885322,33.301174],[-111.884452,33.301505],[-111.883842,33.304695],[-111.876182,33.305505],[-111.8764,33.306505],[-111.87569,33.308543],[-111.874632,33.309505],[-111.874386,33.311505],[-111.872867,33.312505],[-111.873406,33.313505],[-111.873121,33.315974],[-111.871652,33.31574],[-111.868652,33.317822],[-111.867652,33.315002],[-111.866162,33.316505],[-111.866314,33.317505],[-111.865194,33.319505],[-111.863652,33.319041],[-111.862652,33.319793],[-111.859352,33.320505],[-111.859652,33.321391],[-111.860652,33.320849],[-111.862652,33.321549],[-111.863652,33.32095],[-111.866657,33.3215],[-111.866136,33.322505],[-111.867972,33.324824],[-111.869652,33.323059],[-111.869267,33.324505],[-111.868286,33.325138],[-111.869027,33.326505],[-111.867896,33.328748],[-111.865652,33.328918],[-111.864652,33.328247],[-111.859631,33.328526],[-111.860216,33.326505],[-111.859652,33.321551],[-111.85907,33.324922],[-111.856652,33.325258],[-111.856226,33.327078],[-111.85344,33.327505],[-111.855264,33.328505],[-111.855461,33.329505],[-111.853712,33.332564],[-111.852652,33.33197],[-111.851687,33.333505],[-111.850652,33.333933],[-111.847652,33.332043],[-111.846451,33.334303],[-111.843246,33.334505],[-111.841998,33.335505],[-111.846355,33.335802],[-111.847652,33.337713],[-111.849652,33.33773],[-111.851463,33.338505],[-111.851087,33.339505],[-111.852652,33.34187],[-111.854179,33.339505],[-111.85655,33.339505],[-111.855261,33.340505],[-111.856606,33.341505],[-111.853637,33.342505],[-111.855582,33.343575],[-111.856652,33.343199],[-111.858652,33.344309],[-111.860652,33.341958],[-111.862995,33.343505],[-111.862774,33.346626],[-111.861652,33.348242],[-111.858855,33.347302],[-111.858652,33.345852],[-111.858271,33.348505],[-111.854751,33.349505],[-111.856652,33.350413],[-111.858009,33.350148],[-111.858652,33.352492],[-111.85945,33.350303],[-111.861652,33.351118],[-111.862652,33.350817],[-111.865473,33.353505],[-111.867652,33.35382],[-111.868652,33.355619],[-111.871652,33.356746],[-111.875652,33.356869],[-111.876104,33.357505],[-111.875652,33.35806],[-111.872998,33.358505],[-111.874652,33.360182],[-111.875951,33.363505],[-111.874262,33.363505],[-111.873109,33.364505],[-111.876311,33.364846],[-111.876652,33.366029],[-111.877652,33.364852],[-111.880927,33.36523],[-111.882893,33.366264],[-111.884652,33.366066],[-111.885652,33.367865],[-111.887652,33.366872],[-111.889652,33.366698],[-111.891652,33.369114],[-111.892652,33.368236],[-111.892785,33.369637],[-111.891913,33.369765],[-111.891652,33.376691],[-111.890652,33.376],[-111.888456,33.378308],[-111.886582,33.378505],[-111.890902,33.379754],[-111.89125,33.379102],[-111.891899,33.379258],[-111.890051,33.382903],[-111.887652,33.385151],[-111.878567,33.385505],[-111.88891,33.385762],[-111.889829,33.385328],[-111.890652,33.396069]]],"type":"Polygon"}},{"type":"Feature","properties":{"station_id":"aid28","status":"mutual-aid","strategy":"all","band":"4min"},"geometry":{"coordinates":[[[-111.911652,33.366328],[-111.912326,33.364178],[-111.913198,33.363505],[-111.912323,33.362834],[-111.91251,33.361505],[-111.913773,33.360505],[-111.914589,33.358505],[-111.913855,33.357302],[-111.912331,33.356826],[-111.912652,33.355909],[-111.915675,33.355505],[-111.915947,33.353505],[-111.917652,33.35221],[-111.919304,33.353853],[-111.920853,33.353705],[-111.921012,33.350505],[-111.921652,33.349947],[-111.92299,33.350167],[-111.923652,33.351658],[-111.925652,33.350187],[-111.926839,33.350691],[-111.927864,33.350293],[-111.928652,33.351666],[-111.929233,33.350085],[-111.931768,33.349505],[-111.928657,33.3485],[-111.929012,33.345505],[-111.9301,33.344505],[-111.929068,33.342505],[-111.929652,33.341846],[-111.931652,33.341716],[-111.932404,33.341753],[-111.932652,33.342379],[-111.933494,33.341505],[-111.930652,33.340675],[-111.929278,33.340879],[-111.929396,33.335249],[-111.930095,33.335505],[-111.930652,33.339252],[-111.931802,33.337505],[-111.931128,33.336505],[-111.931652,33.335083],[-111.932299,33.336858],[-111.933652,33.336693],[-111.934609,33.335461],[-111.935652,33.335999],[-111.936652,33.335417],[-111.937652,33.336865],[-111.9398,33.336505],[-111.940652,33.335311],[-111.941652,33.335826],[-111.942652,33.334951],[-111.943652,33.33552],[-111.94536,33.334505],[-111.942652,33.334148],[-111.941652,33.333353],[-111.940652,33.333913],[-111.939808,33.333505],[-111.938559,33.332505],[-111.937652,33.329736],[-111.937118,33.33097],[-111.935652,33.332047],[-111.934182,33.332035],[-111.931652,33.333926],[-111.930652,33.330355],[-111.929918,33.33077],[-111.930208,33.332505],[-111.929652,33.33308],[-111.929101,33.328505],[-111.929652,33.327745],[-111.930942,33.327505],[-111.929184,33.325973],[-111.929354,33.323505],[-111.928652,33.321543],[-111.927652,33.323054],[-111.927112,33.326964],[-111.924909,33.327248],[-111.924652,33.326875],[-111.923375,33.327505],[-111.926095,33.328062],[-111.926179,33.330031],[-111.924652,33.330828],[-111.922652,33.32995],[-111.92214,33.330992],[-111.920283,33.330874],[-111.920157,33.327505],[-111.919254,33.326903],[-111.919198,33.325505],[-111.920185,33.324505],[-111.920348,33.3232],[-111.921899,33.322505],[-111.920323,33.321505],[-111.92793,33.320505],[-111.925652,33.319454],[-111.924652,33.319845],[-111.921016,33.318141],[-111.919652,33.315561],[-111.918366,33.318218],[-111.916652,33.318906],[-111.914154,33.316505],[-111.915652,33.315447],[-111.913405,33.314257],[-111.914314,33.313166],[-111.916989,33.312505],[-111.914652,33.312183],[-111.912652,33.310883],[-111.913117,33.308505],[-111.912042,33.308115],[-111.911652,33.306636],[-111.910509,33.308505],[-111.910962,33.309814],[-111.909049,33.311505],[-111.909952,33.312205],[-111.910156,33.313505],[-111.909138,33.31499],[-111.906824,33.316676],[-111.905652,33.314905],[-111.903652,33.317848],[-111.902413,33.318266],[-111.90105,33.319902],[-111.899158,33.319999],[-111.897652,33.318742],[-111.896989,33.319842],[-111.895608,33.320505],[-111.898652,33.321344],[-111.900026,33.321131],[-111.900082,33.321934],[-111.898652,33.321945],[-111.898652,33.32277],[-111.901652,33.323134],[-111.902652,33.322402],[-111.904907,33.32325],[-111.904652,33.324021],[-111.902619,33.324471],[-111.903489,33.327668],[-111.902794,33.329505],[-111.902872,33.332724],[-111.901411,33.332746],[-111.90216,33.331505],[-111.901216,33.330068],[-111.902226,33.329505],[-111.899652,33.327814],[-111.898652,33.329455],[-111.897659,33.329512],[-111.894589,33.332568],[-111.894335,33.329187],[-111.896324,33.328505],[-111.894292,33.327865],[-111.894322,33.326174],[-111.897217,33.325505],[-111.895229,33.324928],[-111.894652,33.321767],[-111.893376,33.324505],[-111.892929,33.333781],[-111.891593,33.333505],[-111.889652,33.331319],[-111.888652,33.333814],[-111.886652,33.332362],[-111.885652,33.332959],[-111.883652,33.331496],[-111.883228,33.332505],[-111.88379,33.333505],[-111.882781,33.334633],[-111.878798,33.335505],[-111.88302,33.336137],[-111.883652,33.337543],[-111.884652,33.335361],[-111.886133,33.336024],[-111.886652,33.337174],[-111.887652,33.336779],[-111.888652,33.337893],[-111.889282,33.335134],[-111.891983,33.335174],[-111.892652,33.3453],[-111.894127,33.34303],[-111.893652,33.342937],[-111.893125,33.341032],[-111.893652,33.337864],[-111.894652,33.33848],[-111.896004,33.338153],[-111.896986,33.339171],[-111.893776,33.342505],[-111.896145,33.343997],[-111.896069,33.342505],[-111.897335,33.341187],[-111.898652,33.340988],[-111.900652,33.342177],[-111.901012,33.341864],[-111.901367,33.340505],[-111.900782,33.339505],[-111.901652,33.337278],[-111.902444,33.348505],[-111.899122,33.348035],[-111.899095,33.345505],[-111.897421,33.345274],[-111.897007,33.348859],[-111.895055,33.349102],[-111.894652,33.346778],[-111.89405,33.348903],[-111.891578,33.349505],[-111.893422,33.349735],[-111.893652,33.350247],[-111.894652,33.349711],[-111.897652,33.350436],[-111.899652,33.349886],[-111.902652,33.353965],[-111.903992,33.354165],[-111.904652,33.355434],[-111.90903,33.356127],[-111.90951,33.358505],[-111.90837,33.359505],[-111.908454,33.360505],[-111.909576,33.360581],[-111.910122,33.362505],[-111.908789,33.363505],[-111.910123,33.364034],[-111.911652,33.366328]]],"type":"Polygon"}},{"type":"Feature","properties":{"station_id":"aid29","status":"mutual-aid","strategy":"all","band":"8min"},"geometry":{"coordinates":[[[-111.943426,33.471856],[-111.943822,33.469035],[-111.944409,33.46864],[-111.944014,33.466227],[-111.944907,33.466159],[-111.945426,33.46689],[-111.949401,33.46664],[-111.945689,33.466377],[-111.945095,33.464308],[-111.947426,33.4642],[-111.949821,33.463034],[-111.950058,33.46064],[-111.951816,33.459029],[-111.952313,33.456526],[-111.953426,33.456942],[-111.954859,33.456072],[-111.958083,33.45264],[-111.958223,33.451436],[-111.964656,33.45141],[-111.965156,33.45391],[-111.968558,33.455508],[-111.968527,33.45774],[-111.965308,33.458758],[-111.968421,33.45964],[-111.968164,33.46064],[-111.969128,33.46164],[-111.969339,33.46464],[-111.969317,33.46553],[-111.9685,33.46564],[-111.969321,33.465745],[-111.969426,33.466515],[-111.970086,33.46564],[-111.969997,33.46421],[-111.971185,33.46364],[-111.970076,33.46299],[-111.970271,33.461484],[-111.9727,33.46064],[-111.971675,33.460391],[-111.971433,33.45964],[-111.971527,33.45764],[-111.972426,33.456883],[-111.973426,33.45676],[-111.974426,33.457423],[-111.977426,33.457059],[-111.978426,33.458372],[-111.981426,33.457934],[-111.983136,33.45893],[-111.983426,33.461838],[-111.983872,33.460085],[-111.988079,33.45964],[-111.989001,33.45864],[-111.98382,33.458246],[-111.982983,33.452196],[-111.987426,33.452365],[-111.988246,33.45164],[-111.984911,33.44964],[-111.986661,33.449405],[-111.987426,33.450195],[-111.987779,33.448992],[-111.989615,33.44864],[-111.987698,33.448368],[-111.987426,33.447042],[-111.986426,33.448352],[-111.982791,33.447275],[-111.981021,33.44164],[-111.98007,33.44064],[-111.980154,33.437367],[-111.983521,33.437545],[-111.984326,33.43874],[-111.986767,33.440299],[-111.987426,33.442664],[-111.987537,33.43964],[-111.986678,33.439388],[-111.98506,33.436273],[-111.987426,33.43607],[-111.988426,33.435093],[-111.993178,33.434888],[-111.993426,33.435816],[-111.99663,33.434844],[-112.00064,33.43464],[-111.987426,33.434224],[-111.986897,33.43511],[-111.984212,33.435425],[-111.983426,33.436315],[-111.981759,33.435307],[-111.981543,33.434523],[-111.980026,33.43404],[-111.979679,33.430892],[-111.982032,33.428245],[-111.983882,33.428095],[-111.983875,33.42464],[-111.985246,33.423459],[-111.986033,33.425033],[-111.987426,33.425296],[-111.988847,33.425061],[-111.989039,33.424252],[-111.993441,33.423625],[-111.993028,33.42464],[-111.995426,33.426227],[-111.998426,33.42543],[-112.000426,33.425754],[-112.001426,33.424257],[-112.003426,33.424706],[-112.00499,33.422203],[-112.007867,33.42064],[-112.006419,33.419647],[-112.006873,33.41864],[-112.010265,33.41564],[-112.010446,33.413659],[-112.011426,33.413313],[-112.016316,33.41775],[-112.01715,33.417916],[-112.01729,33.418776],[-112.018179,33.41964],[-112.0193,33.419766],[-112.019383,33.420683],[-112.020322,33.420744],[-112.020401,33.422665],[-112.022419,33.422647],[-112.022426,33.423271],[-112.022431,33.422645],[-112.020484,33.422582],[-112.020426,33.420496],[-112.019509,33.419557],[-112.018606,33.41946],[-112.018522,33.41864],[-112.017532,33.418535],[-112.017426,33.417526],[-112.016674,33.417392],[-112.01651,33.416556],[-112.015707,33.416359],[-112.01262,33.412446],[-112.010813,33.411253],[-112.007426,33.411332],[-112.006426,33.410194],[-111.996132,33.409934],[-111.995822,33.409036],[-111.996426,33.408183],[-111.999426,33.408255],[-112.001662,33.40764],[-111.998426,33.406093],[-111.997426,33.40645],[-111.996267,33.405799],[-111.995426,33.402733],[-111.994595,33.405809],[-111.992426,33.406083],[-111.991526,33.40554],[-111.988439,33.405627],[-111.986278,33.40364],[-111.986933,33.40264],[-111.986426,33.402384],[-111.982426,33.401202],[-111.981426,33.401976],[-111.980195,33.40064],[-111.981029,33.400242],[-111.989397,33.39964],[-111.984426,33.39831],[-111.983426,33.397372],[-111.982426,33.397938],[-111.981426,33.397046],[-111.980185,33.396881],[-111.980228,33.394441],[-111.98187,33.393084],[-111.983774,33.39264],[-111.979786,33.39164],[-111.978426,33.388178],[-111.977409,33.391623],[-111.974426,33.392573],[-111.969929,33.392137],[-111.969511,33.38864],[-111.968569,33.388497],[-111.968426,33.385581],[-111.968313,33.387526],[-111.965124,33.38764],[-111.966426,33.387817],[-111.967426,33.388882],[-111.969243,33.388823],[-111.968967,33.39218],[-111.967814,33.392252],[-111.964426,33.390523],[-111.963426,33.38888],[-111.961426,33.390258],[-111.960751,33.38864],[-111.962366,33.38764],[-111.961426,33.381353],[-111.961058,33.383271],[-111.96006,33.38364],[-111.960956,33.38411],[-111.960849,33.385062],[-111.958426,33.385954],[-111.957575,33.385491],[-111.941435,33.38464],[-111.943658,33.382871],[-111.943358,33.380571],[-111.943853,33.37964],[-111.949492,33.37864],[-111.947649,33.378417],[-111.947435,33.377631],[-111.946661,33.377405],[-111.946426,33.37577],[-111.945067,33.37728],[-111.943157,33.376909],[-111.942426,33.375548],[-111.941848,33.377061],[-111.941041,33.377025],[-111.940677,33.375389],[-111.939027,33.375039],[-111.938585,33.373481],[-111.936426,33.371693],[-111.936407,33.373659],[-111.937882,33.374184],[-111.937899,33.37564],[-111.936596,33.376809],[-111.935426,33.376309],[-111.935124,33.37664],[-111.935416,33.37964],[-111.935197,33.380411],[-111.934079,33.38064],[-111.93499,33.38164],[-111.933333,33.382546],[-111.935426,33.384346],[-111.936426,33.383426],[-111.937005,33.38464],[-111.933055,33.38564],[-111.932716,33.389929],[-111.930426,33.389929],[-111.929426,33.391402],[-111.928325,33.390741],[-111.929167,33.38864],[-111.92757,33.38664],[-111.928215,33.38564],[-111.927076,33.38499],[-111.926426,33.383528],[-111.925682,33.386895],[-111.923553,33.388766],[-111.922945,33.39064],[-111.919426,33.391979],[-111.915334,33.39264],[-111.917426,33.394015],[-111.918312,33.393525],[-111.920426,33.39394],[-111.921722,33.393344],[-111.921812,33.395025],[-111.919931,33.39664],[-111.922322,33.39764],[-111.922352,33.39864],[-111.918426,33.399978],[-111.917559,33.399507],[-111.917554,33.397512],[-111.916426,33.397137],[-111.913314,33.398527],[-111.912625,33.39964],[-111.913598,33.399811],[-111.914426,33.398914],[-111.914979,33.39964],[-111.914109,33.400322],[-111.914016,33.40164],[-111.913426,33.402119],[-111.912426,33.40182],[-111.911934,33.40264],[-111.912853,33.40364],[-111.912426,33.404279],[-111.91079,33.40264],[-111.910432,33.40064],[-111.912147,33.39964],[-111.910225,33.398841],[-111.909426,33.396534],[-111.908389,33.39964],[-111.906223,33.40064],[-111.90762,33.402833],[-111.906193,33.40364],[-111.905656,33.40464],[-111.906357,33.40564],[-111.905426,33.406464],[-111.904426,33.404781],[-111.903028,33.406241],[-111.900426,33.406149],[-111.899426,33.40718],[-111.897426,33.406996],[-111.896816,33.40764],[-111.899173,33.407893],[-111.900426,33.408649],[-111.901426,33.408364],[-111.902426,33.409706],[-111.903426,33.40814],[-111.90404,33.40864],[-111.90377,33.40964],[-111.904426,33.409967],[-111.905391,33.40964],[-111.905426,33.408393],[-111.906302,33.410764],[-111.908426,33.409232],[-111.908426,33.411099],[-111.907057,33.41127],[-111.906426,33.412073],[-111.905426,33.411484],[-111.903426,33.411743],[-111.902426,33.412463],[-111.898912,33.41164],[-111.898789,33.41264],[-111.899957,33.41364],[-111.899426,33.414085],[-111.897064,33.414002],[-111.896815,33.413028],[-111.897406,33.41264],[-111.896699,33.412367],[-111.895105,33.41264],[-111.893426,33.413856],[-111.892426,33.412226],[-111.891128,33.414341],[-111.889106,33.41464],[-111.890729,33.41564],[-111.890645,33.41764],[-111.889819,33.41864],[-111.890676,33.41964],[-111.890426,33.420619],[-111.887771,33.419295],[-111.886164,33.419377],[-111.885426,33.420303],[-111.883703,33.418363],[-111.883426,33.41657],[-111.882286,33.41864],[-111.882787,33.41964],[-111.881467,33.42068],[-111.875013,33.42164],[-111.876374,33.422692],[-111.877809,33.422257],[-111.878426,33.42369],[-111.879426,33.422392],[-111.882426,33.423069],[-111.883426,33.422181],[-111.885426,33.425201],[-111.889761,33.427305],[-111.889804,33.428017],[-111.888426,33.428984],[-111.887426,33.429159],[-111.886426,33.428466],[-111.885426,33.429379],[-111.882568,33.429498],[-111.882426,33.428438],[-111.882225,33.429438],[-111.881197,33.42964],[-111.887426,33.430033],[-111.888305,33.43164],[-111.888436,33.431649],[-111.888566,33.430779],[-111.890222,33.430844],[-111.890005,33.432218],[-111.888968,33.433181],[-111.883426,33.433193],[-111.882215,33.434428],[-111.879262,33.434804],[-111.883426,33.435072],[-111.884426,33.433865],[-111.887426,33.433883],[-111.889029,33.435037],[-111.889018,33.43664],[-111.890043,33.43764],[-111.890426,33.446518],[-111.8906,33.43664],[-111.889965,33.43464],[-111.890799,33.434012],[-111.891911,33.434155],[-111.892426,33.434921],[-111.895426,33.434936],[-111.896426,33.436243],[-111.90887,33.436196],[-111.908835,33.44264],[-111.907144,33.44364],[-111.908876,33.44464],[-111.909019,33.44964],[-111.907986,33.451199],[-111.904717,33.45164],[-111.908073,33.451993],[-111.909426,33.455444],[-111.909688,33.45264],[-111.910426,33.451875],[-111.913955,33.452111],[-111.915426,33.452793],[-111.916426,33.452311],[-111.917126,33.45364],[-111.917426,33.457758],[-111.920639,33.453427],[-111.920721,33.45464],[-111.92278,33.455286],[-111.924188,33.45664],[-111.923426,33.457694],[-111.922426,33.45803],[-111.921426,33.457508],[-111.919265,33.45864],[-111.922723,33.459343],[-111.924555,33.460511],[-111.923995,33.46164],[-111.92522,33.46264],[-111.925142,33.46364],[-111.926426,33.465685],[-111.927907,33.46164],[-111.926957,33.46064],[-111.928003,33.459216],[-111.929999,33.459067],[-111.930426,33.459678],[-111.933426,33.458436],[-111.932973,33.45964],[-111.933409,33.46064],[-111.935426,33.460976],[-111.936851,33.459064],[-111.939583,33.45864],[-111.938533,33.45764],[-111.939426,33.455721],[-111.939827,33.45164],[-111.938799,33.450267],[-111.936122,33.44964],[-111.937802,33.449016],[-111.938426,33.448154],[-111.942289,33.44764],[-111.941426,33.446967],[-111.939426,33.447483],[-111.936027,33.447039],[-111.935169,33.44564],[-111.936281,33.44364],[-111.935426,33.443248],[-111.934426,33.444073],[-111.933279,33.441492],[-111.935426,33.441409],[-111.936296,33.440509],[-111.938426,33.440392],[-111.939426,33.439469],[-111.939609,33.440822],[-111.938769,33.44164],[-111.939951,33.444115],[-111.941426,33.444416],[-111.943304,33.441517],[-111.944542,33.441524],[-111.946548,33.443518],[-111.947682,33.44664],[-111.949773,33.447293],[-111.949988,33.448078],[-111.951857,33.449209],[-111.952319,33.450532],[-111.951426,33.450674],[-111.95122,33.451433],[-111.949369,33.451582],[-111.949213,33.452426],[-111.947188,33.45264],[-111.951076,33.45664],[-111.948986,33.458199],[-111.948672,33.459886],[-111.947426,33.459918],[-111.9468,33.462013],[-111.943984,33.463197],[-111.942426,33.465272],[-111.938517,33.465549],[-111.938426,33.465051],[-111.936706,33.46564],[-111.942495,33.466571],[-111.943426,33.471856]]],"type":"Polygon"}},{"type":"Feature","properties":{"station_id":"aid29","status":"mutual-aid","strategy":"all","band":"4min"},"geometry":{"coordinates":[[[-111.949426,33.445824],[-111.950346,33.44572],[-111.950426,33.446366],[-111.950452,33.445615],[-111.949668,33.445398],[-111.94958,33.44464],[-111.949725,33.443938],[-111.95076,33.44364],[-111.948858,33.443208],[-111.948426,33.442273],[-111.944931,33.440135],[-111.944865,33.438078],[-111.946055,33.438011],[-111.946296,33.43877],[-111.947717,33.439349],[-111.948347,33.440719],[-111.950426,33.439781],[-111.951276,33.43979],[-111.951426,33.440672],[-111.952514,33.44064],[-111.951544,33.440522],[-111.951426,33.439322],[-111.949858,33.439208],[-111.949426,33.43773],[-111.948426,33.438232],[-111.944832,33.437234],[-111.944467,33.435599],[-111.941483,33.43264],[-111.946426,33.432307],[-111.947426,33.431297],[-111.949426,33.433089],[-111.950426,33.431975],[-111.951426,33.432853],[-111.952426,33.43219],[-111.954426,33.432877],[-111.955426,33.432016],[-111.956426,33.432822],[-111.957426,33.432778],[-111.95806,33.43264],[-111.956811,33.432255],[-111.957039,33.431252],[-111.960177,33.430889],[-111.961426,33.432806],[-111.961928,33.430141],[-111.963134,33.429932],[-111.963426,33.43063],[-111.964871,33.43064],[-111.964426,33.429513],[-111.962426,33.429226],[-111.961995,33.42864],[-111.964,33.42764],[-111.962399,33.426612],[-111.96417,33.42564],[-111.964426,33.424853],[-111.965426,33.425042],[-111.966139,33.423352],[-111.968685,33.423381],[-111.969426,33.426169],[-111.970684,33.422897],[-111.973426,33.422728],[-111.975183,33.42164],[-111.970357,33.420709],[-111.969426,33.418264],[-111.968611,33.420824],[-111.967348,33.42064],[-111.966426,33.418705],[-111.965426,33.420083],[-111.964426,33.419766],[-111.963611,33.41864],[-111.964512,33.41764],[-111.962354,33.416712],[-111.963286,33.41564],[-111.961945,33.41464],[-111.960426,33.411445],[-111.959678,33.413891],[-111.958426,33.414569],[-111.956426,33.413165],[-111.955598,33.413811],[-111.95449,33.41364],[-111.95481,33.41264],[-111.953121,33.410945],[-111.952426,33.408359],[-111.951519,33.40964],[-111.952014,33.41064],[-111.951426,33.412153],[-111.950426,33.411892],[-111.949426,33.413064],[-111.947426,33.412192],[-111.946426,33.412832],[-111.944426,33.410685],[-111.943426,33.41324],[-111.940434,33.41064],[-111.941087,33.4083],[-111.944426,33.409193],[-111.945426,33.408286],[-111.949327,33.40764],[-111.947616,33.40745],[-111.946514,33.406552],[-111.942821,33.406245],[-111.942279,33.40464],[-111.940883,33.40364],[-111.940838,33.40164],[-111.939426,33.399328],[-111.938426,33.40421],[-111.935426,33.40638],[-111.934426,33.405211],[-111.9339,33.407113],[-111.93158,33.40764],[-111.933376,33.40864],[-111.93347,33.410684],[-111.931512,33.41164],[-111.932739,33.412327],[-111.93265,33.412863],[-111.931177,33.412889],[-111.930426,33.411749],[-111.929426,33.414192],[-111.928426,33.413369],[-111.926786,33.413281],[-111.926426,33.411807],[-111.925059,33.414272],[-111.922373,33.41464],[-111.920802,33.41564],[-111.923654,33.41864],[-111.923426,33.419069],[-111.918784,33.41964],[-111.921036,33.42003],[-111.920832,33.421045],[-111.918153,33.420913],[-111.918323,33.41964],[-111.917426,33.418662],[-111.916426,33.420958],[-111.91203,33.42164],[-111.914426,33.422445],[-111.914757,33.42197],[-111.916426,33.421935],[-111.917426,33.423984],[-111.918426,33.422651],[-111.921426,33.423222],[-111.922426,33.424568],[-111.923426,33.424127],[-111.925031,33.425035],[-111.925812,33.428025],[-111.923159,33.428372],[-111.921426,33.429424],[-111.918503,33.42964],[-111.923426,33.429932],[-111.925727,33.429339],[-111.926426,33.434381],[-111.926729,33.43064],[-111.927426,33.429501],[-111.929885,33.430098],[-111.931426,33.429508],[-111.93329,33.431776],[-111.934426,33.43209],[-111.938426,33.432122],[-111.939426,33.430922],[-111.939783,33.43364],[-111.940922,33.435144],[-111.940895,33.436108],[-111.939734,33.43664],[-111.940672,33.437885],[-111.937426,33.438244],[-111.936426,33.439288],[-111.932321,33.439534],[-111.932059,33.440272],[-111.930647,33.44064],[-111.932311,33.440755],[-111.933426,33.439978],[-111.937426,33.440014],[-111.938426,33.439073],[-111.941653,33.439866],[-111.942426,33.438988],[-111.942952,33.43964],[-111.941372,33.441586],[-111.941413,33.442653],[-111.941586,33.441799],[-111.944426,33.441098],[-111.949426,33.445824]]],"type":"Polygon"}}]}