{"type":"FeatureCollection","features":[{"type":"Feature","properties":{"w":1.2,"mn8":false,"ag4":true,"an8":false},"geometry":{"type":"Point","coordinates":[-111.67079,33.28169]}},{"type":"Feature","properties":{"w":1.2,"mn8":false,"ag4":true,"an8":false},"geometry":{"type":"Point","coordinates":[-111.66559,33.28169]}},{"type":"Feature","properties":{"w":1.2,"mn8":false,"ag4":true,"an8":false},"geometry":{"type":"Point","coordinates":[-111.66039,33.28169]}},{"type":"Feature","properties":{"w":1.2,"mn8":false,"ag4":true,"an8":false},"geometry":{"type":"Point","coordinates":[-111.65519,33.28169]}},{"type":"Feature","properties":{"w":2.0,"mn8":true,"ag4":true,"an8":false},"geometry":{"type":"Point","coordinates":[-111.64999,33.28169]}},{"type":"Feature","properties":{"w":0.4,"mn8":true,"ag4":true,"an8":false},"geometry":{"type":"Point","coordinates":[-111.64478,33.28169]}},{"type":"Feature","properties":{"w":2.0,"mn8":false,"ag4":true,"an8":false},"geometry":{"type":"Point","coordinates":[-111.63958,33.28169]}},{"type":"Feature","properties":{"w":1.2,"mn8":false,"ag4":true,"an8":false},"geometry":{"type":"Point","coordinates":[-111.63438,33.28169]}},{"type":"Feature","properties":{"w":1.2,"mn8":true,"ag4":true,"an8":true},"geometry":{"type":"Point","coordinates":[-111.62918,33.28169]}},{"type":"Feature","properties":{"w":1.2,"mn8":true,"ag4":true,"an8":true},"geometry":{"type":"Point","coordinates":[-111.62398,33.28169]}},{"type":"Feature","properties":{"w":1.2,"mn8":true,"ag4":true,"an8":true},"geometry":{"type":"Point","coordinates":[-111.61878,33.28169]}},{"type":"Feature","properties":{"w":1.2,"mn8":true,"ag4":true,"an8":false},"geometry":{"type":"Point","coordinates":[-111.61358,33.28169]}},{"type":"Feature","properties":{"w":1.2,"mn8":true,"ag4":true,"an8":false},"geometry":{"type":"Point","coordinates":[-111.60838,33.28169]}},{"type":"Feature","properties":{"w":1.2,"mn8":true,"ag4":true,"an8":false},"geometry":{"type":"Point","coordinates":[-111.60318,33.28169]}},{"type":"Feature","properties":{"w":1.2,"mn8":true,"ag4":true,"an8":false},"geometry":{"type":"Point","coordinates":[-111.59798,33.28169]}},{"type":"Feature","properties":{"w":1.2,"mn8":true,"ag4":true,"an8":false},"geometry":{"type":"Point","coordinates":[-111.59278,33.28169]}},{"type":"Feature","properties":{"w":1.2,"mn8":true,"ag4":true,"an8":false},"geometry":{"type":"Point","coordinates":[-111.58758,33.28169]}},{"type":"Feature","properties":{"w":1.2,"mn8":false,"ag4":true,"an8":false},"geometry":{"type":"Point","coordinates":[-111.68118,33.28604]}},{"type":"Feature","properties":{"w":1.2,"mn8":false,"ag4":true,"an8":false},"geometry":{"type":"Point","coordinates":[-111.67598,33.28604]}},{"type":"Feature","properties":{"w":2.4,"mn8":false,"ag4":true,"an8":false},"geometry":{"type":"Point","coordinates":[-111.67078,33.28604]}},{"type":"Feature","properties":{"w":2.4,"mn8":false,"ag4":true,"an8":false},"geometry":{"type":"Point","coordinates":[-111.66558,33.28604]}},{"type":"Feature","properties":{"w":2.4,"mn8":false,"ag4":true,"an8":false},"geometry":{"type":"Point","coordinates":[-111.66038,33.28604]}},{"type":"Feature","properties":{"w":2.4,"mn8":false,"ag4":true,"an8":false},"geometry":{"type":"Point","coordinates":[-111.65517,33.28604]}},{"type":"Feature","properties":{"w":2.4,"mn8":false,"ag4":true,"an8":false},"geometry":{"type":"Point","coordinates":[-111.64997,33.28604]}},{"type":"Feature","properties":{"w":2.4,"mn8":false,"ag4":true,"an8":false},"geometry":{"type":"Point","coordinates":[-111.64477,33.28604]}},{"type":"Feature","properties":{"w":2.4,"mn8":false,"ag4":true,"an8":false},"geometry":{"type":"Point","coordinates":[-111.63957,33.28604]}},{"type":"Feature","properties":{"w":2.8,"mn8":false,"ag4":true,"an8":false},"geometry":{"type":"Point","coordinates":[-111.63437,33.28604]}},{"type":"Feature","properties":{"w":1.2,"mn8":true,"ag4":true,"an8":true},"geometry":{"type":"Point","coordinates":[-111.62917,33.28604]}},{"type":"Feature","properties":{"w":1.2,"mn8":true,"ag4":true,"an8":true},"geometry":{"type":"Point","coordinates":[-111.62397,33.28604]}},{"type":"Feature","properties":{"w":1.2,"mn8":true,"ag4":true,"an8":true},"geometry":{"type":"Point","coordinates":[-111.61877,33.28604]}},{"type":"Feature","properties":{"w":1.2,"mn8":true,"ag4":true,"an8":false},"geometry":{"type":"Point","coordinates":[-111.61357,33.28604]}},{"type":"Feature","properties":{"w":1.2,"mn8":true,"ag4":true,"an8":false},"geometry":{"type":"Point","coordinates":[-111.60836,33.28604]}},{"type":"Feature","properties":{"w":1.2,"mn8":true,"ag4":true,"an8":false},"geometry":{"type":"Point","coordinates":[-111.60316,33.28604]}},{"type":"Feature","properties":{"w":1.2,"mn8":true,"ag4":true,"an8":false},"geometry":{"type":"Point","coordinates":[-111.59796,33.28604]}},{"type":"Feature","properties":{"w":1.2,"mn8":true,"ag4":true,"an8":false},"geometry":{"type":"Point","coordinates":[-111.59276,33.28604]}},{"type":"Feature","properties":{"w":1.2,"mn8":true,"ag4":true,"an8":false},"geometry":{"type":"Point","coordinates":[-111.58756,33.28604]}},{"type":"Feature","properties":{"w":2.4,"mn8":false,"ag4":true,"an8":false},"geometry":{"type":"Point","coordinates":[-111.68117,33.29039]}},{"type":"Feature","properties":{"w":2.4,"mn8":false,"ag4":true,"an8":false},"geometry":{"type":"Point","coordinates":[-111.67597,33.29039]}},{"type":"Feature","properties":{"w":2.4,"mn8":false,"ag4":true,"an8":false},"geometry":{"type":"Point","coordinates":[-111.67077,33.29039]}},{"type":"Feature","properties":{"w":2.4,"mn8":true,"ag4":true,"an8":true},"geometry":{"type":"Point","coordinates":[-111.66557,33.29039]}},{"type":"Feature","properties":{"w":2.4,"mn8":true,"ag4":true,"an8":true},"geometry":{"type":"Point","coordinates":[-111.66036,33.29039]}},{"type":"Feature","properties":{"w":2.4,"mn8":true,"ag4":true,"an8":true},"geometry":{"type":"Point","coordinates":[-111.65516,33.29039]}},{"type":"Feature","properties":{"w":2.4,"mn8":true,"ag4":true,"an8":true},"geometry":{"type":"Point","coordinates":[-111.64996,33.29039]}},{"type":"Feature","properties":{"w":2.4,"mn8":true,"ag4":true,"an8":true},"geometry":{"type":"Point","coordinates":[-111.64476,33.29039]}},{"type":"Feature","properties":{"w":2.4,"mn8":true,"ag4":true,"an8":true},"geometry":{"type":"Point","coordinates":[-111.63956,33.29039]}},{"type":"Feature","properties":{"w":1.2,"mn8":false,"ag4":true,"an8":false},"geometry":{"type":"Point","coordinates":[-111.63436,33.29039]}},{"type":"Feature","properties":{"w":1.2,"mn8":true,"ag4":true,"an8":true},"geometry":{"type":"Point","coordinates":[-111.62916,33.29039]}},{"type":"Feature","properties":{"w":1.2,"mn8":true,"ag4":true,"an8":true},"geometry":{"type":"Point","coordinates":[-111.62395,33.29039]}},{"type":"Feature","properties":{"w":1.2,"mn8":true,"ag4":true,"an8":true},"geometry":{"type":"Point","coordinates":[-111.61875,33.29039]}},{"type":"Feature","properties":{"w":1.2,"mn8":false,"ag4":true,"an8":false},"geometry":{"type":"Point","coordinates":[-111.61355,33.29039]}},{"type":"Feature","properties":{"w":1.2,"mn8":true,"ag4":true,"an8":false},"geometry":{"type":"Point","coordinates":[-111.60835,33.29039]}},{"type":"Feature","properties":{"w":1.2,"mn8":true,"ag4":true,"an8":false},"geometry":{"type":"Point","coordinates":[-111.60315,33.29039]}},{"type":"Feature","properties":{"w":1.2,"mn8":true,"ag4":true,"an8":false},"geometry":{"type":"Point","coordinates":[-111.59795,33.29039]}},{"type":"Feature","properties":{"w":1.2,"mn8":true,"ag4":true,"an8":false},"geometry":{"type":"Point","coordinates":[-111.59275,33.29039]}},{"type":"Feature","properties":{"w":1.2,"mn8":true,"ag4":true,"an8":false},"geometry":{"type":"Point","coordinates":[-111.58754,33.29039]}},{"type":"Feature","properties":{"w":0.3,"mn8":false,"ag4":true,"an8":false},"geometry":{"type":"Point","coordinates":[-111.68636,33.29474]}},{"type":"Feature","properties":{"w":2.6,"mn8":false,"ag4":true,"an8":false},"geometry":{"type":"Point","coordinates":[-111.68116,33.29474]}},{"type":"Feature","properties":{"w":2.6,"mn8":false,"ag4":true,"an8":false},"geometry":{"type":"Point","coordinates":[-111.67596,33.29474]}},{"type":"Feature","properties":{"w":2.6,"mn8":false,"ag4":true,"an8":false},"geometry":{"type":"Point","coordinates":[-111.67076,33.29474]}},{"type":"Feature","properties":{"w":2.4,"mn8":true,"ag4":true,"an8":true},"geometry":{"type":"Point","coordinates":[-111.66035,33.29474]}},{"type":"Feature","properties":{"w":2.4,"mn8":true,"ag4":true,"an8":true},"geometry":{"type":"Point","coordinates":[-111.65515,33.29474]}},{"type":"Feature","properties":{"w":2.4,"mn8":true,"ag4":true,"an8":true},"geometry":{"type":"Point","coordinates":[-111.64995,33.29474]}},{"type":"Feature","properties":{"w":2.4,"mn8":true,"ag4":true,"an8":true},"geometry":{"type":"Point","coordinates":[-111.64475,33.29474]}},{"type":"Feature","properties":{"w":2.4,"mn8":true,"ag4":true,"an8":true},"geometry":{"type":"Point","coordinates":[-111.63955,33.29474]}},{"type":"Feature","properties":{"w":1.2,"mn8":false,"ag4":true,"an8":false},"geometry":{"type":"Point","coordinates":[-111.62914,33.29474]}},{"type":"Feature","properties":{"w":1.2,"mn8":false,"ag4":true,"an8":false},"geometry":{"type":"Point","coordinates":[-111.62394,33.29474]}},{"type":"Feature","properties":{"w":1.2,"mn8":false,"ag4":true,"an8":false},"geometry":{"type":"Point","coordinates":[-111.61874,33.29474]}},{"type":"Feature","properties":{"w":1.2,"mn8":false,"ag4":true,"an8":false},"geometry":{"type":"Point","coordinates":[-111.61354,33.29474]}},{"type":"Feature","properties":{"w":1.2,"mn8":false,"ag4":true,"an8":false},"geometry":{"type":"Point","coordinates":[-111.60834,33.29474]}},{"type":"Feature","properties":{"w":2.6,"mn8":false,"ag4":true,"an8":false},"geometry":{"type":"Point","coordinates":[-111.60313,33.29474]}},{"type":"Feature","properties":{"w":1.2,"mn8":true,"ag4":true,"an8":false},"geometry":{"type":"Point","coordinates":[-111.59793,33.29474]}},{"type":"Feature","properties":{"w":0.3,"mn8":true,"ag4":true,"an8":false},"geometry":{"type":"Point","coordinates":[-111.59273,33.29474]}},{"type":"Feature","properties":{"w":1.2,"mn8":true,"ag4":true,"an8":false},"geometry":{"type":"Point","coordinates":[-111.58753,33.29474]}},{"type":"Feature","properties":{"w":2.6,"mn8":false,"ag4":true,"an8":false},"geometry":{"type":"Point","coordinates":[-111.68635,33.29909]}},{"type":"Feature","properties":{"w":2.6,"mn8":false,"ag4":true,"an8":false},"geometry":{"type":"Point","coordinates":[-111.68115,33.29909]}},{"type":"Feature","properties":{"w":2.6,"mn8":false,"ag4":true,"an8":false},"geometry":{"type":"Point","coordinates":[-111.67595,33.29909]}},{"type":"Feature","properties":{"w":2.4,"mn8":true,"ag4":true,"an8":true},"geometry":{"type":"Point","coordinates":[-111.66034,33.29909]}},{"type":"Feature","properties":{"w":2.4,"mn8":true,"ag4":true,"an8":true},"geometry":{"type":"Point","coordinates":[-111.65514,33.29909]}},{"type":"Feature","properties":{"w":2.4,"mn8":true,"ag4":true,"an8":true},"geometry":{"type":"Point","coordinates":[-111.64994,33.29909]}},{"type":"Feature","properties":{"w":2.4,"mn8":true,"ag4":true,"an8":true},"geometry":{"type":"Point","coordinates":[-111.64473,33.29909]}},{"type":"Feature","properties":{"w":2.4,"mn8":true,"ag4":true,"an8":true},"geometry":{"type":"Point","coordinates":[-111.63953,33.29909]}},{"type":"Feature","properties":{"w":2.6,"mn8":false,"ag4":true,"an8":false},"geometry":{"type":"Point","coordinates":[-111.62913,33.29909]}},{"type":"Feature","properties":{"w":2.6,"mn8":false,"ag4":true,"an8":false},"geometry":{"type":"Point","coordinates":[-111.62393,33.29909]}},{"type":"Feature","properties":{"w":2.6,"mn8":false,"ag4":true,"an8":false},"geometry":{"type":"Point","coordinates":[-111.61873,33.29909]}},{"type":"Feature","properties":{"w":1.2,"mn8":false,"ag4":true,"an8":false},"geometry":{"type":"Point","coordinates":[-111.61352,33.29909]}},{"type":"Feature","properties":{"w":0.3,"mn8":false,"ag4":true,"an8":false},"geometry":{"type":"Point","coordinates":[-111.59792,33.29909]}},{"type":"Feature","properties":{"w":0.3,"mn8":false,"ag4":true,"an8":false},"geometry":{"type":"Point","coordinates":[-111.59272,33.29909]}},{"type":"Feature","properties":{"w":0.3,"mn8":false,"ag4":true,"an8":false},"geometry":{"type":"Point","coordinates":[-111.58751,33.29909]}},{"type":"Feature","properties":{"w":2.4,"mn8":false,"ag4":true,"an8":false},"geometry":{"type":"Point","coordinates":[-111.68634,33.30343]}},{"type":"Feature","properties":{"w":2.6,"mn8":false,"ag4":true,"an8":false},"geometry":{"type":"Point","coordinates":[-111.68114,33.30343]}},{"type":"Feature","properties":{"w":2.6,"mn8":false,"ag4":true,"an8":false},"geometry":{"type":"Point","coordinates":[-111.67594,33.30343]}},{"type":"Feature","properties":{"w":2.4,"mn8":true,"ag4":true,"an8":true},"geometry":{"type":"Point","coordinates":[-111.66033,33.30343]}},{"type":"Feature","properties":{"w":2.4,"mn8":true,"ag4":true,"an8":true},"geometry":{"type":"Point","coordinates":[-111.65513,33.30343]}},{"type":"Feature","properties":{"w":2.4,"mn8":true,"ag4":true,"an8":true},"geometry":{"type":"Point","coordinates":[-111.64992,33.30343]}},{"type":"Feature","properties":{"w":2.4,"mn8":true,"ag4":true,"an8":true},"geometry":{"type":"Point","coordinates":[-111.64472,33.30343]}},{"type":"Feature","properties":{"w":2.4,"mn8":true,"ag4":true,"an8":true},"geometry":{"type":"Point","coordinates":[-111.63952,33.30343]}},{"type":"Feature","properties":{"w":2.6,"mn8":false,"ag4":true,"an8":false},"geometry":{"type":"Point","coordinates":[-111.62391,33.30343]}},{"type":"Feature","properties":{"w":1.5,"mn8":false,"ag4":true,"an8":false},"geometry":{"type":"Point","coordinates":[-111.61351,33.30343]}},{"type":"Feature","properties":{"w":0.3,"mn8":false,"ag4":true,"an8":false},"geometry":{"type":"Point","coordinates":[-111.60831,33.30343]}},{"type":"Feature","properties":{"w":2.6,"mn8":true,"ag4":true,"an8":true},"geometry":{"type":"Point","coordinates":[-111.5979,33.30343]}},{"type":"Feature","properties":{"w":0.3,"mn8":true,"ag4":true,"an8":true},"geometry":{"type":"Point","coordinates":[-111.5927,33.30343]}},{"type":"Feature","properties":{"w":1.5,"mn8":true,"ag4":true,"an8":true},"geometry":{"type":"Point","coordinates":[-111.5875,33.30343]}},{"type":"Feature","properties":{"w":2.4,"mn8":false,"ag4":true,"an8":false},"geometry":{"type":"Point","coordinates":[-111.68633,33.30778]}},{"type":"Feature","properties":{"w":0.3,"mn8":false,"ag4":true,"an8":false},"geometry":{"type":"Point","coordinates":[-111.68113,33.30778]}},{"type":"Feature","properties":{"w":2.4,"mn8":false,"ag4":true,"an8":false},"geometry":{"type":"Point","coordinates":[-111.67592,33.30778]}},{"type":"Feature","properties":{"w":2.4,"mn8":false,"ag4":true,"an8":false},"geometry":{"type":"Point","coordinates":[-111.67072,33.30778]}},{"type":"Feature","properties":{"w":2.4,"mn8":true,"ag4":true,"an8":true},"geometry":{"type":"Point","coordinates":[-111.66552,33.30778]}},{"type":"Feature","properties":{"w":2.4,"mn8":true,"ag4":true,"an8":true},"geometry":{"type":"Point","coordinates":[-111.66032,33.30778]}},{"type":"Feature","properties":{"w":2.4,"mn8":true,"ag4":true,"an8":true},"geometry":{"type":"Point","coordinates":[-111.65511,33.30778]}},{"type":"Feature","properties":{"w":2.4,"mn8":true,"ag4":true,"an8":true},"geometry":{"type":"Point","coordinates":[-111.64991,33.30778]}},{"type":"Feature","properties":{"w":2.4,"mn8":true,"ag4":true,"an8":true},"geometry":{"type":"Point","coordinates":[-111.64471,33.30778]}},{"type":"Feature","properties":{"w":2.4,"mn8":true,"ag4":true,"an8":true},"geometry":{"type":"Point","coordinates":[-111.63951,33.30778]}},{"type":"Feature","properties":{"w":1.5,"mn8":false,"ag4":true,"an8":false},"geometry":{"type":"Point","coordinates":[-111.6187,33.30778]}},{"type":"Feature","properties":{"w":1.5,"mn8":false,"ag4":true,"an8":false},"geometry":{"type":"Point","coordinates":[-111.6135,33.30778]}},{"type":"Feature","properties":{"w":1.5,"mn8":false,"ag4":true,"an8":false},"geometry":{"type":"Point","coordinates":[-111.60829,33.30778]}},{"type":"Feature","properties":{"w":1.5,"mn8":false,"ag4":true,"an8":false},"geometry":{"type":"Point","coordinates":[-111.60309,33.30778]}},{"type":"Feature","properties":{"w":1.5,"mn8":false,"ag4":true,"an8":false},"geometry":{"type":"Point","coordinates":[-111.59789,33.30778]}},{"type":"Feature","properties":{"w":1.3,"mn8":true,"ag4":true,"an8":false},"geometry":{"type":"Point","coordinates":[-111.68632,33.31213]}},{"type":"Feature","properties":{"w":2.4,"mn8":false,"ag4":true,"an8":false},"geometry":{"type":"Point","coordinates":[-111.68112,33.31213]}},{"type":"Feature","properties":{"w":2.4,"mn8":false,"ag4":true,"an8":false},"geometry":{"type":"Point","coordinates":[-111.67591,33.31213]}},{"type":"Feature","properties":{"w":2.4,"mn8":false,"ag4":true,"an8":false},"geometry":{"type":"Point","coordinates":[-111.67071,33.31213]}},{"type":"Feature","properties":{"w":2.4,"mn8":true,"ag4":true,"an8":true},"geometry":{"type":"Point","coordinates":[-111.66551,33.31213]}},{"type":"Feature","properties":{"w":2.4,"mn8":true,"ag4":true,"an8":true},"geometry":{"type":"Point","coordinates":[-111.66031,33.31213]}},{"type":"Feature","properties":{"w":2.4,"mn8":true,"ag4":true,"an8":true},"geometry":{"type":"Point","coordinates":[-111.6551,33.31213]}},{"type":"Feature","properties":{"w":2.4,"mn8":true,"ag4":true,"an8":true},"geometry":{"type":"Point","coordinates":[-111.6499,33.31213]}},{"type":"Feature","properties":{"w":2.4,"mn8":true,"ag4":true,"an8":true},"geometry":{"type":"Point","coordinates":[-111.6447,33.31213]}},{"type":"Feature","properties":{"w":2.4,"mn8":false,"ag4":true,"an8":false},"geometry":{"type":"Point","coordinates":[-111.63949,33.31213]}},{"type":"Feature","properties":{"w":1.5,"mn8":false,"ag4":true,"an8":false},"geometry":{"type":"Point","coordinates":[-111.62389,33.31213]}},{"type":"Feature","properties":{"w":1.5,"mn8":false,"ag4":true,"an8":false},"geometry":{"type":"Point","coordinates":[-111.61868,33.31213]}},{"type":"Feature","properties":{"w":0.3,"mn8":false,"ag4":true,"an8":false},"geometry":{"type":"Point","coordinates":[-111.61348,33.31213]}},{"type":"Feature","properties":{"w":0.3,"mn8":false,"ag4":true,"an8":false},"geometry":{"type":"Point","coordinates":[-111.60828,33.31213]}},{"type":"Feature","properties":{"w":0.3,"mn8":false,"ag4":true,"an8":false},"geometry":{"type":"Point","coordinates":[-111.60308,33.31213]}},{"type":"Feature","properties":{"w":0.3,"mn8":false,"ag4":true,"an8":false},"geometry":{"type":"Point","coordinates":[-111.59787,33.31213]}},{"type":"Feature","properties":{"w":1.5,"mn8":false,"ag4":true,"an8":false},"geometry":{"type":"Point","coordinates":[-111.59267,33.31213]}},{"type":"Feature","properties":{"w":2.0,"mn8":false,"ag4":true,"an8":false},"geometry":{"type":"Point","coordinates":[-111.68631,33.31648]}},{"type":"Feature","properties":{"w":2.4,"mn8":true,"ag4":true,"an8":true},"geometry":{"type":"Point","coordinates":[-111.68111,33.31648]}},{"type":"Feature","properties":{"w":2.4,"mn8":true,"ag4":true,"an8":true},"geometry":{"type":"Point","coordinates":[-111.6759,33.31648]}},{"type":"Feature","properties":{"w":2.4,"mn8":true,"ag4":true,"an8":true},"geometry":{"type":"Point","coordinates":[-111.6707,33.31648]}},{"type":"Feature","properties":{"w":2.4,"mn8":true,"ag4":true,"an8":true},"geometry":{"type":"Point","coordinates":[-111.6655,33.31648]}},{"type":"Feature","properties":{"w":2.4,"mn8":true,"ag4":true,"an8":true},"geometry":{"type":"Point","coordinates":[-111.66029,33.31648]}},{"type":"Feature","properties":{"w":2.4,"mn8":true,"ag4":true,"an8":true},"geometry":{"type":"Point","coordinates":[-111.65509,33.31648]}},{"type":"Feature","properties":{"w":2.4,"mn8":true,"ag4":true,"an8":true},"geometry":{"type":"Point","coordinates":[-111.64989,33.31648]}},{"type":"Feature","properties":{"w":2.4,"mn8":true,"ag4":true,"an8":true},"geometry":{"type":"Point","coordinates":[-111.64469,33.31648]}},{"type":"Feature","properties":{"w":2.4,"mn8":true,"ag4":true,"an8":true},"geometry":{"type":"Point","coordinates":[-111.63948,33.31648]}},{"type":"Feature","properties":{"w":0.3,"mn8":false,"ag4":true,"an8":false},"geometry":{"type":"Point","coordinates":[-111.61867,33.31648]}},{"type":"Feature","properties":{"w":1.5,"mn8":false,"ag4":true,"an8":false},"geometry":{"type":"Point","coordinates":[-111.61347,33.31648]}},{"type":"Feature","properties":{"w":1.5,"mn8":false,"ag4":true,"an8":false},"geometry":{"type":"Point","coordinates":[-111.60826,33.31648]}},{"type":"Feature","properties":{"w":1.5,"mn8":false,"ag4":true,"an8":false},"geometry":{"type":"Point","coordinates":[-111.60306,33.31648]}},{"type":"Feature","properties":{"w":1.5,"mn8":false,"ag4":true,"an8":false},"geometry":{"type":"Point","coordinates":[-111.59786,33.31648]}},{"type":"Feature","properties":{"w":1.5,"mn8":false,"ag4":true,"an8":false},"geometry":{"type":"Point","coordinates":[-111.59266,33.31648]}},{"type":"Feature","properties":{"w":2.0,"mn8":false,"ag4":true,"an8":false},"geometry":{"type":"Point","coordinates":[-111.6863,33.32082]}},{"type":"Feature","properties":{"w":2.4,"mn8":true,"ag4":true,"an8":true},"geometry":{"type":"Point","coordinates":[-111.6811,33.32082]}},{"type":"Feature","properties":{"w":2.4,"mn8":true,"ag4":true,"an8":true},"geometry":{"type":"Point","coordinates":[-111.67589,33.32082]}},{"type":"Feature","properties":{"w":2.4,"mn8":true,"ag4":true,"an8":true},"geometry":{"type":"Point","coordinates":[-111.67069,33.32082]}},{"type":"Feature","properties":{"w":2.4,"mn8":true,"ag4":true,"an8":true},"geometry":{"type":"Point","coordinates":[-111.66549,33.32082]}},{"type":"Feature","properties":{"w":2.4,"mn8":true,"ag4":true,"an8":true},"geometry":{"type":"Point","coordinates":[-111.66028,33.32082]}},{"type":"Feature","properties":{"w":2.4,"mn8":true,"ag4":true,"an8":true},"geometry":{"type":"Point","coordinates":[-111.65508,33.32082]}},{"type":"Feature","properties":{"w":2.4,"mn8":true,"ag4":true,"an8":true},"geometry":{"type":"Point","coordinates":[-111.64988,33.32082]}},{"type":"Feature","properties":{"w":2.4,"mn8":true,"ag4":true,"an8":true},"geometry":{"type":"Point","coordinates":[-111.64467,33.32082]}},{"type":"Feature","properties":{"w":1.5,"mn8":false,"ag4":true,"an8":false},"geometry":{"type":"Point","coordinates":[-111.61345,33.32082]}},{"type":"Feature","properties":{"w":1.5,"mn8":false,"ag4":true,"an8":false},"geometry":{"type":"Point","coordinates":[-111.60825,33.32082]}},{"type":"Feature","properties":{"w":1.5,"mn8":false,"ag4":true,"an8":false},"geometry":{"type":"Point","coordinates":[-111.60305,33.32082]}},{"type":"Feature","properties":{"w":1.5,"mn8":false,"ag4":true,"an8":false},"geometry":{"type":"Point","coordinates":[-111.59784,33.32082]}},{"type":"Feature","properties":{"w":0.3,"mn8":false,"ag4":true,"an8":false},"geometry":{"type":"Point","coordinates":[-111.59264,33.32082]}},{"type":"Feature","properties":{"w":2.8,"mn8":false,"ag4":true,"an8":false},"geometry":{"type":"Point","coordinates":[-111.68629,33.32517]}},{"type":"Feature","properties":{"w":1.2,"mn8":false,"ag4":true,"an8":false},"geometry":{"type":"Point","coordinates":[-111.68108,33.32517]}},{"type":"Feature","properties":{"w":1.2,"mn8":false,"ag4":true,"an8":false},"geometry":{"type":"Point","coordinates":[-111.67588,33.32517]}},{"type":"Feature","properties":{"w":1.2,"mn8":false,"ag4":true,"an8":false},"geometry":{"type":"Point","coordinates":[-111.67068,33.32517]}},{"type":"Feature","properties":{"w":1.2,"mn8":false,"ag4":true,"an8":false},"geometry":{"type":"Point","coordinates":[-111.66547,33.32517]}},{"type":"Feature","properties":{"w":2.8,"mn8":false,"ag4":true,"an8":false},"geometry":{"type":"Point","coordinates":[-111.65507,33.32517]}},{"type":"Feature","properties":{"w":2.4,"mn8":false,"ag4":true,"an8":false},"geometry":{"type":"Point","coordinates":[-111.64986,33.32517]}},{"type":"Feature","properties":{"w":0.3,"mn8":false,"ag4":true,"an8":false},"geometry":{"type":"Point","coordinates":[-111.64466,33.32517]}},{"type":"Feature","properties":{"w":1.5,"mn8":false,"ag4":true,"an8":false},"geometry":{"type":"Point","coordinates":[-111.61344,33.32517]}},{"type":"Feature","properties":{"w":1.5,"mn8":false,"ag4":true,"an8":false},"geometry":{"type":"Point","coordinates":[-111.60824,33.32517]}},{"type":"Feature","properties":{"w":1.5,"mn8":false,"ag4":true,"an8":false},"geometry":{"type":"Point","coordinates":[-111.60303,33.32517]}},{"type":"Feature","properties":{"w":1.74,"mn8":false,"ag4":true,"an8":false},"geometry":{"type":"Point","coordinates":[-111.59783,33.32517]}},{"type":"Feature","properties":{"w":1.74,"mn8":false,"ag4":true,"an8":false},"geometry":{"type":"Point","coordinates":[-111.59263,33.32517]}},{"type":"Feature","properties":{"w":2.14,"mn8":false,"ag4":true,"an8":false},"geometry":{"type":"Point","coordinates":[-111.58742,33.32517]}},{"type":"Feature","properties":{"w":0.3,"mn8":false,"ag4":true,"an8":false},"geometry":{"type":"Point","coordinates":[-111.68628,33.32952]}},{"type":"Feature","properties":{"w":1.2,"mn8":false,"ag4":true,"an8":false},"geometry":{"type":"Point","coordinates":[-111.68107,33.32952]}},{"type":"Feature","properties":{"w":1.2,"mn8":false,"ag4":true,"an8":false},"geometry":{"type":"Point","coordinates":[-111.67587,33.32952]}},{"type":"Feature","properties":{"w":1.2,"mn8":false,"ag4":true,"an8":false},"geometry":{"type":"Point","coordinates":[-111.67067,33.32952]}},{"type":"Feature","properties":{"w":1.2,"mn8":false,"ag4":true,"an8":false},"geometry":{"type":"Point","coordinates":[-111.66546,33.32952]}},{"type":"Feature","properties":{"w":0.3,"mn8":false,"ag4":true,"an8":false},"geometry":{"type":"Point","coordinates":[-111.66026,33.32952]}},{"type":"Feature","properties":{"w":0.3,"mn8":false,"ag4":true,"an8":false},"geometry":{"type":"Point","coordinates":[-111.65506,33.32952]}},{"type":"Feature","properties":{"w":0.3,"mn8":false,"ag4":true,"an8":false},"geometry":{"type":"Point","coordinates":[-111.64985,33.32952]}},{"type":"Feature","properties":{"w":2.4,"mn8":false,"ag4":true,"an8":false},"geometry":{"type":"Point","coordinates":[-111.64465,33.32952]}},{"type":"Feature","properties":{"w":2.4,"mn8":false,"ag4":true,"an8":false},"geometry":{"type":"Point","coordinates":[-111.63944,33.32952]}},{"type":"Feature","properties":{"w":1.5,"mn8":false,"ag4":true,"an8":false},"geometry":{"type":"Point","coordinates":[-111.61343,33.32952]}},{"type":"Feature","properties":{"w":0.3,"mn8":false,"ag4":true,"an8":false},"geometry":{"type":"Point","coordinates":[-111.60822,33.32952]}},{"type":"Feature","properties":{"w":1.74,"mn8":false,"ag4":true,"an8":false},"geometry":{"type":"Point","coordinates":[-111.59781,33.32952]}},{"type":"Feature","properties":{"w":1.74,"mn8":false,"ag4":true,"an8":false},"geometry":{"type":"Point","coordinates":[-111.59261,33.32952]}},{"type":"Feature","properties":{"w":2.14,"mn8":false,"ag4":true,"an8":false},"geometry":{"type":"Point","coordinates":[-111.58741,33.32952]}},{"type":"Feature","properties":{"w":2.4,"mn8":false,"ag4":false,"an8":false},"geometry":{"type":"Point","coordinates":[-111.68627,33.33387]}},{"type":"Feature","properties":{"w":0.3,"mn8":false,"ag4":true,"an8":false},"geometry":{"type":"Point","coordinates":[-111.68106,33.33387]}},{"type":"Feature","properties":{"w":1.2,"mn8":false,"ag4":true,"an8":false},"geometry":{"type":"Point","coordinates":[-111.67586,33.33387]}},{"type":"Feature","properties":{"w":1.2,"mn8":false,"ag4":true,"an8":false},"geometry":{"type":"Point","coordinates":[-111.67066,33.33387]}},{"type":"Feature","properties":{"w":1.2,"mn8":false,"ag4":true,"an8":false},"geometry":{"type":"Point","coordinates":[-111.66545,33.33387]}},{"type":"Feature","properties":{"w":1.2,"mn8":false,"ag4":true,"an8":false},"geometry":{"type":"Point","coordinates":[-111.66025,33.33387]}},{"type":"Feature","properties":{"w":1.2,"mn8":false,"ag4":true,"an8":false},"geometry":{"type":"Point","coordinates":[-111.65504,33.33387]}},{"type":"Feature","properties":{"w":0.3,"mn8":false,"ag4":true,"an8":false},"geometry":{"type":"Point","coordinates":[-111.64984,33.33387]}},{"type":"Feature","properties":{"w":2.4,"mn8":false,"ag4":true,"an8":false},"geometry":{"type":"Point","coordinates":[-111.64464,33.33387]}},{"type":"Feature","properties":{"w":0.3,"mn8":false,"ag4":true,"an8":false},"geometry":{"type":"Point","coordinates":[-111.61862,33.33387]}},{"type":"Feature","properties":{"w":0.3,"mn8":false,"ag4":true,"an8":false},"geometry":{"type":"Point","coordinates":[-111.61341,33.33387]}},{"type":"Feature","properties":{"w":2.14,"mn8":false,"ag4":true,"an8":false},"geometry":{"type":"Point","coordinates":[-111.58739,33.33387]}},{"type":"Feature","properties":{"w":2.4,"mn8":false,"ag4":false,"an8":false},"geometry":{"type":"Point","coordinates":[-111.68626,33.33822]}},{"type":"Feature","properties":{"w":0.3,"mn8":false,"ag4":true,"an8":false},"geometry":{"type":"Point","coordinates":[-111.68105,33.33822]}},{"type":"Feature","properties":{"w":1.2,"mn8":false,"ag4":true,"an8":false},"geometry":{"type":"Point","coordinates":[-111.67585,33.33822]}},{"type":"Feature","properties":{"w":1.9,"mn8":false,"ag4":true,"an8":false},"geometry":{"type":"Point","coordinates":[-111.66024,33.33822]}},{"type":"Feature","properties":{"w":1.9,"mn8":false,"ag4":true,"an8":false},"geometry":{"type":"Point","coordinates":[-111.65503,33.33822]}},{"type":"Feature","properties":{"w":1.9,"mn8":false,"ag4":true,"an8":false},"geometry":{"type":"Point","coordinates":[-111.64983,33.33822]}},{"type":"Feature","properties":{"w":0.3,"mn8":false,"ag4":true,"an8":false},"geometry":{"type":"Point","coordinates":[-111.64462,33.33822]}},{"type":"Feature","properties":{"w":2.0,"mn8":false,"ag4":true,"an8":false},"geometry":{"type":"Point","coordinates":[-111.63942,33.33822]}},{"type":"Feature","properties":{"w":2.4,"mn8":false,"ag4":true,"an8":false},"geometry":{"type":"Point","coordinates":[-111.63421,33.33822]}},{"type":"Feature","properties":{"w":0.3,"mn8":false,"ag4":true,"an8":false},"geometry":{"type":"Point","coordinates":[-111.6186,33.33822]}},{"type":"Feature","properties":{"w":1.5,"mn8":false,"ag4":true,"an8":false},"geometry":{"type":"Point","coordinates":[-111.6134,33.33822]}},{"type":"Feature","properties":{"w":1.5,"mn8":false,"ag4":true,"an8":false},"geometry":{"type":"Point","coordinates":[-111.60819,33.33822]}},{"type":"Feature","properties":{"w":2.04,"mn8":false,"ag4":true,"an8":false},"geometry":{"type":"Point","coordinates":[-111.58738,33.33822]}},{"type":"Feature","properties":{"w":2.8,"mn8":false,"ag4":true,"an8":false},"geometry":{"type":"Point","coordinates":[-111.68625,33.34256]}},{"type":"Feature","properties":{"w":0.3,"mn8":false,"ag4":true,"an8":false},"geometry":{"type":"Point","coordinates":[-111.68104,33.34256]}},{"type":"Feature","properties":{"w":1.2,"mn8":false,"ag4":true,"an8":false},"geometry":{"type":"Point","coordinates":[-111.67584,33.34256]}},{"type":"Feature","properties":{"w":1.9,"mn8":false,"ag4":true,"an8":false},"geometry":{"type":"Point","coordinates":[-111.66022,33.34256]}},{"type":"Feature","properties":{"w":1.9,"mn8":false,"ag4":true,"an8":false},"geometry":{"type":"Point","coordinates":[-111.65502,33.34256]}},{"type":"Feature","properties":{"w":1.9,"mn8":false,"ag4":true,"an8":false},"geometry":{"type":"Point","coordinates":[-111.64981,33.34256]}},{"type":"Feature","properties":{"w":2.0,"mn8":false,"ag4":true,"an8":false},"geometry":{"type":"Point","coordinates":[-111.63941,33.34256]}},{"type":"Feature","properties":{"w":2.4,"mn8":false,"ag4":true,"an8":false},"geometry":{"type":"Point","coordinates":[-111.6342,33.34256]}},{"type":"Feature","properties":{"w":2.4,"mn8":false,"ag4":true,"an8":false},"geometry":{"type":"Point","coordinates":[-111.629,33.34256]}},{"type":"Feature","properties":{"w":1.5,"mn8":false,"ag4":true,"an8":false},"geometry":{"type":"Point","coordinates":[-111.62379,33.34256]}},{"type":"Feature","properties":{"w":2.4,"mn8":false,"ag4":true,"an8":false},"geometry":{"type":"Point","coordinates":[-111.61338,33.34256]}},{"type":"Feature","properties":{"w":2.4,"mn8":false,"ag4":true,"an8":false},"geometry":{"type":"Point","coordinates":[-111.60818,33.34256]}},{"type":"Feature","properties":{"w":2.04,"mn8":false,"ag4":true,"an8":false},"geometry":{"type":"Point","coordinates":[-111.58736,33.34256]}},{"type":"Feature","properties":{"w":2.4,"mn8":false,"ag4":true,"an8":false},"geometry":{"type":"Point","coordinates":[-111.68624,33.34691]}},{"type":"Feature","properties":{"w":0.3,"mn8":false,"ag4":true,"an8":false},"geometry":{"type":"Point","coordinates":[-111.68103,33.34691]}},{"type":"Feature","properties":{"w":2.4,"mn8":false,"ag4":true,"an8":false},"geometry":{"type":"Point","coordinates":[-111.67583,33.34691]}},{"type":"Feature","properties":{"w":1.9,"mn8":false,"ag4":true,"an8":false},"geometry":{"type":"Point","coordinates":[-111.65501,33.34691]}},{"type":"Feature","properties":{"w":2.8,"mn8":false,"ag4":true,"an8":false},"geometry":{"type":"Point","coordinates":[-111.6498,33.34691]}},{"type":"Feature","properties":{"w":2.6,"mn8":false,"ag4":true,"an8":false},"geometry":{"type":"Point","coordinates":[-111.63939,33.34691]}},{"type":"Feature","properties":{"w":2.4,"mn8":false,"ag4":true,"an8":false},"geometry":{"type":"Point","coordinates":[-111.63419,33.34691]}},{"type":"Feature","properties":{"w":2.4,"mn8":false,"ag4":true,"an8":false},"geometry":{"type":"Point","coordinates":[-111.62898,33.34691]}},{"type":"Feature","properties":{"w":2.4,"mn8":false,"ag4":true,"an8":false},"geometry":{"type":"Point","coordinates":[-111.62378,33.34691]}},{"type":"Feature","properties":{"w":2.4,"mn8":false,"ag4":true,"an8":false},"geometry":{"type":"Point","coordinates":[-111.61337,33.34691]}},{"type":"Feature","properties":{"w":2.4,"mn8":false,"ag4":true,"an8":false},"geometry":{"type":"Point","coordinates":[-111.60816,33.34691]}},{"type":"Feature","properties":{"w":2.0,"mn8":false,"ag4":true,"an8":false},"geometry":{"type":"Point","coordinates":[-111.68623,33.35126]}},{"type":"Feature","properties":{"w":1.2,"mn8":false,"ag4":true,"an8":false},"geometry":{"type":"Point","coordinates":[-111.67582,33.35126]}},{"type":"Feature","properties":{"w":1.05,"mn8":false,"ag4":true,"an8":false},"geometry":{"type":"Point","coordinates":[-111.64459,33.35126]}},{"type":"Feature","properties":{"w":2.0,"mn8":false,"ag4":true,"an8":false},"geometry":{"type":"Point","coordinates":[-111.62897,33.35126]}},{"type":"Feature","properties":{"w":2.4,"mn8":false,"ag4":true,"an8":false},"geometry":{"type":"Point","coordinates":[-111.62377,33.35126]}},{"type":"Feature","properties":{"w":2.4,"mn8":false,"ag4":true,"an8":false},"geometry":{"type":"Point","coordinates":[-111.61336,33.35126]}},{"type":"Feature","properties":{"w":2.0,"mn8":false,"ag4":true,"an8":false},"geometry":{"type":"Point","coordinates":[-111.68622,33.35561]}},{"type":"Feature","properties":{"w":2.4,"mn8":false,"ag4":true,"an8":false},"geometry":{"type":"Point","coordinates":[-111.68101,33.35561]}},{"type":"Feature","properties":{"w":2.4,"mn8":false,"ag4":true,"an8":false},"geometry":{"type":"Point","coordinates":[-111.6758,33.35561]}},{"type":"Feature","properties":{"w":2.4,"mn8":false,"ag4":true,"an8":false},"geometry":{"type":"Point","coordinates":[-111.64978,33.35561]}},{"type":"Feature","properties":{"w":1.05,"mn8":false,"ag4":true,"an8":false},"geometry":{"type":"Point","coordinates":[-111.64457,33.35561]}},{"type":"Feature","properties":{"w":2.4,"mn8":false,"ag4":true,"an8":false},"geometry":{"type":"Point","coordinates":[-111.62375,33.35561]}},{"type":"Feature","properties":{"w":2.4,"mn8":false,"ag4":true,"an8":false},"geometry":{"type":"Point","coordinates":[-111.61334,33.35561]}},{"type":"Feature","properties":{"w":2.4,"mn8":false,"ag4":true,"an8":false},"geometry":{"type":"Point","coordinates":[-111.60814,33.35561]}},{"type":"Feature","properties":{"w":2.0,"mn8":false,"ag4":true,"an8":false},"geometry":{"type":"Point","coordinates":[-111.59773,33.35561]}},{"type":"Feature","properties":{"w":0.74,"mn8":false,"ag4":true,"an8":false},"geometry":{"type":"Point","coordinates":[-111.59252,33.35561]}},{"type":"Feature","properties":{"w":1.0,"mn8":false,"ag4":true,"an8":false},"geometry":{"type":"Point","coordinates":[-111.58731,33.35561]}},{"type":"Feature","properties":{"w":1.83,"mn8":false,"ag4":true,"an8":false},"geometry":{"type":"Point","coordinates":[-111.88922,33.35995]}},{"type":"Feature","properties":{"w":1.39,"mn8":false,"ag4":true,"an8":false},"geometry":{"type":"Point","coordinates":[-111.8684,33.35995]}},{"type":"Feature","properties":{"w":1.39,"mn8":false,"ag4":true,"an8":false},"geometry":{"type":"Point","coordinates":[-111.86319,33.35995]}},{"type":"Feature","properties":{"w":2.16,"mn8":false,"ag4":true,"an8":false},"geometry":{"type":"Point","coordinates":[-111.85799,33.35995]}},{"type":"Feature","properties":{"w":2.16,"mn8":false,"ag4":true,"an8":false},"geometry":{"type":"Point","coordinates":[-111.85278,33.35995]}},{"type":"Feature","properties":{"w":2.79,"mn8":false,"ag4":true,"an8":false},"geometry":{"type":"Point","coordinates":[-111.84758,33.35995]}},{"type":"Feature","properties":{"w":2.79,"mn8":false,"ag4":false,"an8":false},"geometry":{"type":"Point","coordinates":[-111.84237,33.35995]}},{"type":"Feature","properties":{"w":1.5,"mn8":false,"ag4":true,"an8":false},"geometry":{"type":"Point","coordinates":[-111.6862,33.35995]}},{"type":"Feature","properties":{"w":1.0,"mn8":false,"ag4":true,"an8":false},"geometry":{"type":"Point","coordinates":[-111.681,33.35995]}},{"type":"Feature","properties":{"w":1.0,"mn8":false,"ag4":true,"an8":false},"geometry":{"type":"Point","coordinates":[-111.67579,33.35995]}},{"type":"Feature","properties":{"w":1.05,"mn8":false,"ag4":true,"an8":false},"geometry":{"type":"Point","coordinates":[-111.64977,33.35995]}},{"type":"Feature","properties":{"w":1.0,"mn8":false,"ag4":true,"an8":false},"geometry":{"type":"Point","coordinates":[-111.62374,33.35995]}},{"type":"Feature","properties":{"w":1.24,"mn8":false,"ag4":true,"an8":false},"geometry":{"type":"Point","coordinates":[-111.61333,33.35995]}},{"type":"Feature","properties":{"w":1.0,"mn8":false,"ag4":true,"an8":false},"geometry":{"type":"Point","coordinates":[-111.59251,33.35995]}},{"type":"Feature","properties":{"w":2.17,"mn8":false,"ag4":true,"an8":false},"geometry":{"type":"Point","coordinates":[-111.85278,33.3643]}},{"type":"Feature","properties":{"w":0.3,"mn8":false,"ag4":false,"an8":false},"geometry":{"type":"Point","coordinates":[-111.84757,33.3643]}},{"type":"Feature","properties":{"w":1.79,"mn8":false,"ag4":false,"an8":false},"geometry":{"type":"Point","coordinates":[-111.84237,33.3643]}},{"type":"Feature","properties":{"w":0.59,"mn8":false,"ag4":true,"an8":false},"geometry":{"type":"Point","coordinates":[-111.68619,33.3643]}},{"type":"Feature","properties":{"w":0.59,"mn8":false,"ag4":true,"an8":false},"geometry":{"type":"Point","coordinates":[-111.68099,33.3643]}},{"type":"Feature","properties":{"w":1.0,"mn8":false,"ag4":true,"an8":false},"geometry":{"type":"Point","coordinates":[-111.67578,33.3643]}},{"type":"Feature","properties":{"w":1.5,"mn8":false,"ag4":true,"an8":false},"geometry":{"type":"Point","coordinates":[-111.59249,33.3643]}},{"type":"Feature","properties":{"w":1.22,"mn8":false,"ag4":true,"an8":false},"geometry":{"type":"Point","coordinates":[-111.8684,33.36865]}},{"type":"Feature","properties":{"w":2.17,"mn8":false,"ag4":true,"an8":false},"geometry":{"type":"Point","coordinates":[-111.85798,33.36865]}},{"type":"Feature","properties":{"w":1.79,"mn8":false,"ag4":true,"an8":false},"geometry":{"type":"Point","coordinates":[-111.84757,33.36865]}},{"type":"Feature","properties":{"w":1.79,"mn8":false,"ag4":false,"an8":false},"geometry":{"type":"Point","coordinates":[-111.84237,33.36865]}},{"type":"Feature","properties":{"w":1.65,"mn8":false,"ag4":true,"an8":false},"geometry":{"type":"Point","coordinates":[-111.68618,33.36865]}},{"type":"Feature","properties":{"w":1.8,"mn8":false,"ag4":true,"an8":false},"geometry":{"type":"Point","coordinates":[-111.68098,33.36865]}},{"type":"Feature","properties":{"w":1.8,"mn8":false,"ag4":true,"an8":false},"geometry":{"type":"Point","coordinates":[-111.67577,33.36865]}},{"type":"Feature","properties":{"w":0.96,"mn8":false,"ag4":true,"an8":false},"geometry":{"type":"Point","coordinates":[-111.67057,33.36865]}},{"type":"Feature","properties":{"w":1.0,"mn8":false,"ag4":true,"an8":false},"geometry":{"type":"Point","coordinates":[-111.66536,33.36865]}},{"type":"Feature","properties":{"w":1.09,"mn8":false,"ag4":true,"an8":false},"geometry":{"type":"Point","coordinates":[-111.66015,33.36865]}},{"type":"Feature","properties":{"w":1.09,"mn8":false,"ag4":true,"an8":false},"geometry":{"type":"Point","coordinates":[-111.65495,33.36865]}},{"type":"Feature","properties":{"w":1.5,"mn8":false,"ag4":true,"an8":false},"geometry":{"type":"Point","coordinates":[-111.6133,33.36865]}},{"type":"Feature","properties":{"w":1.5,"mn8":false,"ag4":true,"an8":false},"geometry":{"type":"Point","coordinates":[-111.59768,33.36865]}},{"type":"Feature","properties":{"w":1.5,"mn8":false,"ag4":true,"an8":false},"geometry":{"type":"Point","coordinates":[-111.59248,33.36865]}},{"type":"Feature","properties":{"w":0.81,"mn8":false,"ag4":true,"an8":false},"geometry":{"type":"Point","coordinates":[-111.58727,33.36865]}},{"type":"Feature","properties":{"w":1.22,"mn8":false,"ag4":true,"an8":false},"geometry":{"type":"Point","coordinates":[-111.87881,33.373]}},{"type":"Feature","properties":{"w":1.22,"mn8":false,"ag4":true,"an8":false},"geometry":{"type":"Point","coordinates":[-111.8736,33.373]}},{"type":"Feature","properties":{"w":1.22,"mn8":false,"ag4":true,"an8":false},"geometry":{"type":"Point","coordinates":[-111.86839,33.373]}},{"type":"Feature","properties":{"w":2.55,"mn8":false,"ag4":true,"an8":false},"geometry":{"type":"Point","coordinates":[-111.86319,33.373]}},{"type":"Feature","properties":{"w":1.65,"mn8":false,"ag4":true,"an8":false},"geometry":{"type":"Point","coordinates":[-111.68617,33.373]}},{"type":"Feature","properties":{"w":1.65,"mn8":false,"ag4":true,"an8":false},"geometry":{"type":"Point","coordinates":[-111.68097,33.373]}},{"type":"Feature","properties":{"w":3.0,"mn8":false,"ag4":true,"an8":false},"geometry":{"type":"Point","coordinates":[-111.67576,33.373]}},{"type":"Feature","properties":{"w":0.96,"mn8":false,"ag4":true,"an8":false},"geometry":{"type":"Point","coordinates":[-111.67055,33.373]}},{"type":"Feature","properties":{"w":1.0,"mn8":false,"ag4":true,"an8":false},"geometry":{"type":"Point","coordinates":[-111.66535,33.373]}},{"type":"Feature","properties":{"w":1.09,"mn8":false,"ag4":true,"an8":false},"geometry":{"type":"Point","coordinates":[-111.66014,33.373]}},{"type":"Feature","properties":{"w":1.09,"mn8":false,"ag4":true,"an8":false},"geometry":{"type":"Point","coordinates":[-111.65494,33.373]}},{"type":"Feature","properties":{"w":2.07,"mn8":false,"ag4":true,"an8":false},"geometry":{"type":"Point","coordinates":[-111.64973,33.373]}},{"type":"Feature","properties":{"w":1.99,"mn8":false,"ag4":true,"an8":false},"geometry":{"type":"Point","coordinates":[-111.6289,33.373]}},{"type":"Feature","properties":{"w":1.0,"mn8":false,"ag4":true,"an8":false},"geometry":{"type":"Point","coordinates":[-111.59767,33.373]}},{"type":"Feature","properties":{"w":0.81,"mn8":false,"ag4":true,"an8":false},"geometry":{"type":"Point","coordinates":[-111.59246,33.373]}},{"type":"Feature","properties":{"w":1.0,"mn8":false,"ag4":true,"an8":false},"geometry":{"type":"Point","coordinates":[-111.58725,33.373]}},{"type":"Feature","properties":{"w":1.64,"mn8":false,"ag4":true,"an8":false},"geometry":{"type":"Point","coordinates":[-111.67575,33.37735]}},{"type":"Feature","properties":{"w":1.64,"mn8":false,"ag4":true,"an8":false},"geometry":{"type":"Point","coordinates":[-111.67054,33.37735]}},{"type":"Feature","properties":{"w":0.96,"mn8":false,"ag4":true,"an8":false},"geometry":{"type":"Point","coordinates":[-111.66534,33.37735]}},{"type":"Feature","properties":{"w":1.09,"mn8":false,"ag4":true,"an8":false},"geometry":{"type":"Point","coordinates":[-111.66013,33.37735]}},{"type":"Feature","properties":{"w":1.09,"mn8":false,"ag4":true,"an8":false},"geometry":{"type":"Point","coordinates":[-111.65492,33.37735]}},{"type":"Feature","properties":{"w":2.07,"mn8":false,"ag4":true,"an8":false},"geometry":{"type":"Point","coordinates":[-111.64972,33.37735]}},{"type":"Feature","properties":{"w":1.0,"mn8":false,"ag4":true,"an8":false},"geometry":{"type":"Point","coordinates":[-111.59765,33.37735]}},{"type":"Feature","properties":{"w":1.0,"mn8":false,"ag4":true,"an8":false},"geometry":{"type":"Point","coordinates":[-111.58724,33.37735]}},{"type":"Feature","properties":{"w":1.0,"mn8":false,"ag4":true,"an8":false},"geometry":{"type":"Point","coordinates":[-111.88922,33.38169]}},{"type":"Feature","properties":{"w":1.0,"mn8":false,"ag4":true,"an8":false},"geometry":{"type":"Point","coordinates":[-111.88401,33.38169]}},{"type":"Feature","properties":{"w":1.48,"mn8":false,"ag4":true,"an8":false},"geometry":{"type":"Point","coordinates":[-111.86318,33.38169]}},{"type":"Feature","properties":{"w":2.8,"mn8":false,"ag4":true,"an8":false},"geometry":{"type":"Point","coordinates":[-111.83194,33.38169]}},{"type":"Feature","properties":{"w":2.4,"mn8":false,"ag4":true,"an8":false},"geometry":{"type":"Point","coordinates":[-111.82674,33.38169]}},{"type":"Feature","properties":{"w":2.4,"mn8":false,"ag4":true,"an8":false},"geometry":{"type":"Point","coordinates":[-111.82153,33.38169]}},{"type":"Feature","properties":{"w":2.4,"mn8":false,"ag4":true,"an8":false},"geometry":{"type":"Point","coordinates":[-111.81632,33.38169]}},{"type":"Feature","properties":{"w":2.79,"mn8":false,"ag4":true,"an8":false},"geometry":{"type":"Point","coordinates":[-111.7955,33.38169]}},{"type":"Feature","properties":{"w":1.09,"mn8":false,"ag4":false,"an8":false},"geometry":{"type":"Point","coordinates":[-111.76946,33.38169]}},{"type":"Feature","properties":{"w":1.09,"mn8":false,"ag4":true,"an8":false},"geometry":{"type":"Point","coordinates":[-111.76426,33.38169]}},{"type":"Feature","properties":{"w":1.09,"mn8":false,"ag4":true,"an8":false},"geometry":{"type":"Point","coordinates":[-111.75905,33.38169]}},{"type":"Feature","properties":{"w":2.07,"mn8":false,"ag4":true,"an8":false},"geometry":{"type":"Point","coordinates":[-111.75384,33.38169]}},{"type":"Feature","properties":{"w":2.07,"mn8":false,"ag4":true,"an8":false},"geometry":{"type":"Point","coordinates":[-111.74863,33.38169]}},{"type":"Feature","properties":{"w":1.5,"mn8":false,"ag4":true,"an8":false},"geometry":{"type":"Point","coordinates":[-111.73301,33.38169]}},{"type":"Feature","properties":{"w":0.35,"mn8":false,"ag4":true,"an8":false},"geometry":{"type":"Point","coordinates":[-111.72781,33.38169]}},{"type":"Feature","properties":{"w":2.6,"mn8":false,"ag4":true,"an8":false},"geometry":{"type":"Point","coordinates":[-111.71739,33.38169]}},{"type":"Feature","properties":{"w":1.9,"mn8":false,"ag4":true,"an8":false},"geometry":{"type":"Point","coordinates":[-111.71219,33.38169]}},{"type":"Feature","properties":{"w":2.4,"mn8":false,"ag4":true,"an8":false},"geometry":{"type":"Point","coordinates":[-111.70698,33.38169]}},{"type":"Feature","properties":{"w":1.0,"mn8":false,"ag4":true,"an8":false},"geometry":{"type":"Point","coordinates":[-111.70177,33.38169]}},{"type":"Feature","properties":{"w":1.0,"mn8":false,"ag4":true,"an8":false},"geometry":{"type":"Point","coordinates":[-111.69657,33.38169]}},{"type":"Feature","properties":{"w":1.0,"mn8":false,"ag4":true,"an8":false},"geometry":{"type":"Point","coordinates":[-111.69136,33.38169]}},{"type":"Feature","properties":{"w":1.7,"mn8":false,"ag4":true,"an8":false},"geometry":{"type":"Point","coordinates":[-111.66012,33.38169]}},{"type":"Feature","properties":{"w":1.7,"mn8":false,"ag4":true,"an8":false},"geometry":{"type":"Point","coordinates":[-111.65491,33.38169]}},{"type":"Feature","properties":{"w":0.64,"mn8":false,"ag4":true,"an8":false},"geometry":{"type":"Point","coordinates":[-111.6497,33.38169]}},{"type":"Feature","properties":{"w":2.6,"mn8":false,"ag4":true,"an8":false},"geometry":{"type":"Point","coordinates":[-111.6445,33.38169]}},{"type":"Feature","properties":{"w":2.6,"mn8":false,"ag4":true,"an8":false},"geometry":{"type":"Point","coordinates":[-111.63929,33.38169]}},{"type":"Feature","properties":{"w":0.67,"mn8":false,"ag4":true,"an8":false},"geometry":{"type":"Point","coordinates":[-111.8736,33.38604]}},{"type":"Feature","properties":{"w":0.67,"mn8":false,"ag4":true,"an8":false},"geometry":{"type":"Point","coordinates":[-111.86839,33.38604]}},{"type":"Feature","properties":{"w":0.64,"mn8":false,"ag4":true,"an8":false},"geometry":{"type":"Point","coordinates":[-111.83715,33.38604]}},{"type":"Feature","properties":{"w":0.64,"mn8":false,"ag4":true,"an8":false},"geometry":{"type":"Point","coordinates":[-111.83194,33.38604]}},{"type":"Feature","properties":{"w":0.64,"mn8":false,"ag4":true,"an8":false},"geometry":{"type":"Point","coordinates":[-111.82673,33.38604]}},{"type":"Feature","properties":{"w":1.09,"mn8":false,"ag4":true,"an8":false},"geometry":{"type":"Point","coordinates":[-111.76946,33.38604]}},{"type":"Feature","properties":{"w":1.09,"mn8":false,"ag4":true,"an8":false},"geometry":{"type":"Point","coordinates":[-111.76425,33.38604]}},{"type":"Feature","properties":{"w":1.09,"mn8":false,"ag4":true,"an8":false},"geometry":{"type":"Point","coordinates":[-111.75904,33.38604]}},{"type":"Feature","properties":{"w":2.07,"mn8":false,"ag4":true,"an8":false},"geometry":{"type":"Point","coordinates":[-111.75383,33.38604]}},{"type":"Feature","properties":{"w":2.07,"mn8":false,"ag4":true,"an8":false},"geometry":{"type":"Point","coordinates":[-111.74863,33.38604]}},{"type":"Feature","properties":{"w":1.84,"mn8":false,"ag4":true,"an8":false},"geometry":{"type":"Point","coordinates":[-111.74342,33.38604]}},{"type":"Feature","properties":{"w":1.84,"mn8":false,"ag4":true,"an8":false},"geometry":{"type":"Point","coordinates":[-111.73821,33.38604]}},{"type":"Feature","properties":{"w":0.73,"mn8":false,"ag4":true,"an8":false},"geometry":{"type":"Point","coordinates":[-111.71738,33.38604]}},{"type":"Feature","properties":{"w":0.73,"mn8":false,"ag4":true,"an8":false},"geometry":{"type":"Point","coordinates":[-111.71218,33.38604]}},{"type":"Feature","properties":{"w":0.73,"mn8":false,"ag4":true,"an8":false},"geometry":{"type":"Point","coordinates":[-111.70697,33.38604]}},{"type":"Feature","properties":{"w":0.73,"mn8":false,"ag4":true,"an8":false},"geometry":{"type":"Point","coordinates":[-111.70176,33.38604]}},{"type":"Feature","properties":{"w":0.3,"mn8":false,"ag4":true,"an8":false},"geometry":{"type":"Point","coordinates":[-111.69656,33.38604]}},{"type":"Feature","properties":{"w":1.7,"mn8":false,"ag4":true,"an8":false},"geometry":{"type":"Point","coordinates":[-111.66011,33.38604]}},{"type":"Feature","properties":{"w":1.9,"mn8":false,"ag4":true,"an8":false},"geometry":{"type":"Point","coordinates":[-111.6549,33.38604]}},{"type":"Feature","properties":{"w":0.64,"mn8":false,"ag4":true,"an8":false},"geometry":{"type":"Point","coordinates":[-111.64969,33.38604]}},{"type":"Feature","properties":{"w":0.64,"mn8":false,"ag4":true,"an8":false},"geometry":{"type":"Point","coordinates":[-111.64449,33.38604]}},{"type":"Feature","properties":{"w":0.64,"mn8":false,"ag4":true,"an8":false},"geometry":{"type":"Point","coordinates":[-111.63928,33.38604]}},{"type":"Feature","properties":{"w":0.64,"mn8":false,"ag4":true,"an8":false},"geometry":{"type":"Point","coordinates":[-111.63407,33.38604]}},{"type":"Feature","properties":{"w":2.4,"mn8":false,"ag4":true,"an8":false},"geometry":{"type":"Point","coordinates":[-111.8788,33.39039]}},{"type":"Feature","properties":{"w":2.4,"mn8":false,"ag4":true,"an8":false},"geometry":{"type":"Point","coordinates":[-111.86839,33.39039]}},{"type":"Feature","properties":{"w":2.32,"mn8":false,"ag4":true,"an8":false},"geometry":{"type":"Point","coordinates":[-111.71738,33.39039]}},{"type":"Feature","properties":{"w":2.32,"mn8":false,"ag4":true,"an8":false},"geometry":{"type":"Point","coordinates":[-111.71217,33.39039]}},{"type":"Feature","properties":{"w":2.32,"mn8":false,"ag4":true,"an8":false},"geometry":{"type":"Point","coordinates":[-111.70696,33.39039]}},{"type":"Feature","properties":{"w":1.5,"mn8":false,"ag4":true,"an8":false},"geometry":{"type":"Point","coordinates":[-111.70175,33.39039]}},{"type":"Feature","properties":{"w":1.9,"mn8":false,"ag4":true,"an8":false},"geometry":{"type":"Point","coordinates":[-111.65489,33.39039]}},{"type":"Feature","properties":{"w":1.9,"mn8":false,"ag4":true,"an8":false},"geometry":{"type":"Point","coordinates":[-111.64447,33.39039]}},{"type":"Feature","properties":{"w":1.9,"mn8":false,"ag4":true,"an8":false},"geometry":{"type":"Point","coordinates":[-111.63927,33.39039]}},{"type":"Feature","properties":{"w":1.9,"mn8":false,"ag4":true,"an8":false},"geometry":{"type":"Point","coordinates":[-111.63406,33.39039]}},{"type":"Feature","properties":{"w":2.8,"mn8":false,"ag4":true,"an8":false},"geometry":{"type":"Point","coordinates":[-111.62885,33.39039]}},{"type":"Feature","properties":{"w":2.8,"mn8":false,"ag4":true,"an8":false},"geometry":{"type":"Point","coordinates":[-111.62364,33.39039]}},{"type":"Feature","properties":{"w":2.6,"mn8":false,"ag4":true,"an8":false},"geometry":{"type":"Point","coordinates":[-111.60281,33.39039]}},{"type":"Feature","properties":{"w":2.6,"mn8":false,"ag4":true,"an8":false},"geometry":{"type":"Point","coordinates":[-111.59761,33.39039]}},{"type":"Feature","properties":{"w":2.45,"mn8":false,"ag4":true,"an8":false},"geometry":{"type":"Point","coordinates":[-111.8788,33.39474]}},{"type":"Feature","properties":{"w":1.5,"mn8":false,"ag4":true,"an8":false},"geometry":{"type":"Point","coordinates":[-111.66008,33.39474]}},{"type":"Feature","properties":{"w":1.5,"mn8":false,"ag4":true,"an8":false},"geometry":{"type":"Point","coordinates":[-111.65488,33.39474]}},{"type":"Feature","properties":{"w":1.8,"mn8":false,"ag4":true,"an8":false},"geometry":{"type":"Point","coordinates":[-111.64446,33.39474]}},{"type":"Feature","properties":{"w":2.44,"mn8":false,"ag4":true,"an8":false},"geometry":{"type":"Point","coordinates":[-111.62884,33.39474]}},{"type":"Feature","properties":{"w":1.9,"mn8":false,"ag4":true,"an8":false},"geometry":{"type":"Point","coordinates":[-111.61321,33.39474]}},{"type":"Feature","properties":{"w":1.35,"mn8":false,"ag4":true,"an8":false},"geometry":{"type":"Point","coordinates":[-111.60801,33.39474]}},{"type":"Feature","properties":{"w":1.85,"mn8":false,"ag4":true,"an8":false},"geometry":{"type":"Point","coordinates":[-111.6028,33.39474]}},{"type":"Feature","properties":{"w":2.8,"mn8":false,"ag4":true,"an8":false},"geometry":{"type":"Point","coordinates":[-111.59759,33.39474]}},{"type":"Feature","properties":{"w":1.5,"mn8":false,"ag4":true,"an8":false},"geometry":{"type":"Point","coordinates":[-111.59238,33.39474]}},{"type":"Feature","properties":{"w":1.9,"mn8":true,"ag4":true,"an8":false},"geometry":{"type":"Point","coordinates":[-111.58718,33.39474]}},{"type":"Feature","properties":{"w":1.9,"mn8":true,"ag4":true,"an8":false},"geometry":{"type":"Point","coordinates":[-111.58197,33.39474]}},{"type":"Feature","properties":{"w":2.45,"mn8":false,"ag4":true,"an8":false},"geometry":{"type":"Point","coordinates":[-111.88401,33.39909]}},{"type":"Feature","properties":{"w":2.45,"mn8":false,"ag4":true,"an8":false},"geometry":{"type":"Point","coordinates":[-111.8788,33.39909]}},{"type":"Feature","properties":{"w":2.98,"mn8":false,"ag4":true,"an8":false},"geometry":{"type":"Point","coordinates":[-111.75902,33.39909]}},{"type":"Feature","properties":{"w":1.2,"mn8":false,"ag4":true,"an8":false},"geometry":{"type":"Point","coordinates":[-111.74861,33.39909]}},{"type":"Feature","properties":{"w":2.63,"mn8":false,"ag4":true,"an8":false},"geometry":{"type":"Point","coordinates":[-111.71736,33.39909]}},{"type":"Feature","properties":{"w":2.63,"mn8":false,"ag4":true,"an8":false},"geometry":{"type":"Point","coordinates":[-111.71215,33.39909]}},{"type":"Feature","properties":{"w":1.5,"mn8":false,"ag4":true,"an8":false},"geometry":{"type":"Point","coordinates":[-111.66007,33.39909]}},{"type":"Feature","properties":{"w":1.5,"mn8":false,"ag4":true,"an8":false},"geometry":{"type":"Point","coordinates":[-111.65486,33.39909]}},{"type":"Feature","properties":{"w":1.9,"mn8":false,"ag4":true,"an8":false},"geometry":{"type":"Point","coordinates":[-111.64966,33.39909]}},{"type":"Feature","properties":{"w":1.9,"mn8":false,"ag4":true,"an8":false},"geometry":{"type":"Point","coordinates":[-111.63924,33.39909]}},{"type":"Feature","properties":{"w":1.5,"mn8":false,"ag4":true,"an8":false},"geometry":{"type":"Point","coordinates":[-111.61841,33.39909]}},{"type":"Feature","properties":{"w":1.35,"mn8":false,"ag4":true,"an8":false},"geometry":{"type":"Point","coordinates":[-111.6132,33.39909]}},{"type":"Feature","properties":{"w":1.35,"mn8":false,"ag4":true,"an8":false},"geometry":{"type":"Point","coordinates":[-111.60799,33.39909]}},{"type":"Feature","properties":{"w":1.85,"mn8":false,"ag4":true,"an8":false},"geometry":{"type":"Point","coordinates":[-111.60279,33.39909]}},{"type":"Feature","properties":{"w":1.5,"mn8":false,"ag4":true,"an8":false},"geometry":{"type":"Point","coordinates":[-111.59758,33.39909]}},{"type":"Feature","properties":{"w":1.5,"mn8":false,"ag4":true,"an8":false},"geometry":{"type":"Point","coordinates":[-111.59237,33.39909]}},{"type":"Feature","properties":{"w":1.5,"mn8":true,"ag4":true,"an8":false},"geometry":{"type":"Point","coordinates":[-111.58716,33.39909]}},{"type":"Feature","properties":{"w":1.83,"mn8":false,"ag4":true,"an8":false},"geometry":{"type":"Point","coordinates":[-111.88401,33.40343]}},{"type":"Feature","properties":{"w":3.0,"mn8":false,"ag4":true,"an8":false},"geometry":{"type":"Point","coordinates":[-111.8788,33.40343]}},{"type":"Feature","properties":{"w":2.49,"mn8":false,"ag4":true,"an8":false},"geometry":{"type":"Point","coordinates":[-111.76422,33.40343]}},{"type":"Feature","properties":{"w":2.06,"mn8":false,"ag4":true,"an8":false},"geometry":{"type":"Point","coordinates":[-111.75901,33.40343]}},{"type":"Feature","properties":{"w":2.99,"mn8":false,"ag4":true,"an8":false},"geometry":{"type":"Point","coordinates":[-111.7486,33.40343]}},{"type":"Feature","properties":{"w":0.68,"mn8":false,"ag4":true,"an8":false},"geometry":{"type":"Point","coordinates":[-111.74339,33.40343]}},{"type":"Feature","properties":{"w":2.38,"mn8":false,"ag4":true,"an8":false},"geometry":{"type":"Point","coordinates":[-111.71735,33.40343]}},{"type":"Feature","properties":{"w":2.38,"mn8":false,"ag4":true,"an8":false},"geometry":{"type":"Point","coordinates":[-111.71214,33.40343]}},{"type":"Feature","properties":{"w":1.5,"mn8":false,"ag4":true,"an8":false},"geometry":{"type":"Point","coordinates":[-111.66527,33.40343]}},{"type":"Feature","properties":{"w":1.5,"mn8":false,"ag4":true,"an8":false},"geometry":{"type":"Point","coordinates":[-111.66006,33.40343]}},{"type":"Feature","properties":{"w":1.5,"mn8":false,"ag4":true,"an8":false},"geometry":{"type":"Point","coordinates":[-111.65485,33.40343]}},{"type":"Feature","properties":{"w":1.5,"mn8":false,"ag4":true,"an8":false},"geometry":{"type":"Point","coordinates":[-111.61839,33.40343]}},{"type":"Feature","properties":{"w":1.35,"mn8":false,"ag4":true,"an8":false},"geometry":{"type":"Point","coordinates":[-111.61319,33.40343]}},{"type":"Feature","properties":{"w":1.35,"mn8":false,"ag4":true,"an8":false},"geometry":{"type":"Point","coordinates":[-111.60798,33.40343]}},{"type":"Feature","properties":{"w":1.85,"mn8":false,"ag4":true,"an8":false},"geometry":{"type":"Point","coordinates":[-111.60277,33.40343]}},{"type":"Feature","properties":{"w":1.5,"mn8":false,"ag4":false,"an8":false},"geometry":{"type":"Point","coordinates":[-111.59756,33.40343]}},{"type":"Feature","properties":{"w":0.68,"mn8":false,"ag4":true,"an8":false},"geometry":{"type":"Point","coordinates":[-111.59235,33.40343]}},{"type":"Feature","properties":{"w":1.8,"mn8":false,"ag4":true,"an8":false},"geometry":{"type":"Point","coordinates":[-111.64963,33.40778]}},{"type":"Feature","properties":{"w":1.8,"mn8":false,"ag4":true,"an8":false},"geometry":{"type":"Point","coordinates":[-111.64442,33.40778]}},{"type":"Feature","properties":{"w":1.03,"mn8":false,"ag4":true,"an8":false},"geometry":{"type":"Point","coordinates":[-111.63921,33.40778]}},{"type":"Feature","properties":{"w":1.85,"mn8":false,"ag4":false,"an8":false},"geometry":{"type":"Point","coordinates":[-111.60276,33.40778]}},{"type":"Feature","properties":{"w":3.0,"mn8":false,"ag4":true,"an8":false},"geometry":{"type":"Point","coordinates":[-111.88401,33.41213]}},{"type":"Feature","properties":{"w":2.8,"mn8":false,"ag4":true,"an8":false},"geometry":{"type":"Point","coordinates":[-111.8788,33.41213]}},{"type":"Feature","properties":{"w":1.5,"mn8":false,"ag4":true,"an8":false},"geometry":{"type":"Point","coordinates":[-111.79025,33.41213]}},{"type":"Feature","properties":{"w":3.0,"mn8":false,"ag4":true,"an8":false},"geometry":{"type":"Point","coordinates":[-111.78504,33.41213]}},{"type":"Feature","properties":{"w":3.0,"mn8":false,"ag4":true,"an8":false},"geometry":{"type":"Point","coordinates":[-111.77984,33.41213]}},{"type":"Feature","properties":{"w":2.59,"mn8":false,"ag4":true,"an8":false},"geometry":{"type":"Point","coordinates":[-111.76421,33.41213]}},{"type":"Feature","properties":{"w":1.96,"mn8":false,"ag4":true,"an8":false},"geometry":{"type":"Point","coordinates":[-111.759,33.41213]}},{"type":"Feature","properties":{"w":2.29,"mn8":false,"ag4":true,"an8":false},"geometry":{"type":"Point","coordinates":[-111.74858,33.41213]}},{"type":"Feature","properties":{"w":2.8,"mn8":false,"ag4":true,"an8":false},"geometry":{"type":"Point","coordinates":[-111.68087,33.41213]}},{"type":"Feature","properties":{"w":1.59,"mn8":false,"ag4":true,"an8":false},"geometry":{"type":"Point","coordinates":[-111.6392,33.41213]}},{"type":"Feature","properties":{"w":1.65,"mn8":false,"ag4":false,"an8":false},"geometry":{"type":"Point","coordinates":[-111.60274,33.41213]}},{"type":"Feature","properties":{"w":1.5,"mn8":false,"ag4":false,"an8":false},"geometry":{"type":"Point","coordinates":[-111.59753,33.41213]}},{"type":"Feature","properties":{"w":1.5,"mn8":true,"ag4":true,"an8":false},"geometry":{"type":"Point","coordinates":[-111.59232,33.41213]}},{"type":"Feature","properties":{"w":3.0,"mn8":false,"ag4":true,"an8":false},"geometry":{"type":"Point","coordinates":[-111.79546,33.41648]}},{"type":"Feature","properties":{"w":3.0,"mn8":false,"ag4":true,"an8":false},"geometry":{"type":"Point","coordinates":[-111.79025,33.41648]}},{"type":"Feature","properties":{"w":1.9,"mn8":false,"ag4":true,"an8":false},"geometry":{"type":"Point","coordinates":[-111.74858,33.41648]}},{"type":"Feature","properties":{"w":3.0,"mn8":false,"ag4":true,"an8":false},"geometry":{"type":"Point","coordinates":[-111.74337,33.41648]}},{"type":"Feature","properties":{"w":1.9,"mn8":false,"ag4":true,"an8":false},"geometry":{"type":"Point","coordinates":[-111.62877,33.41648]}},{"type":"Feature","properties":{"w":1.9,"mn8":false,"ag4":false,"an8":false},"geometry":{"type":"Point","coordinates":[-111.61835,33.41648]}},{"type":"Feature","properties":{"w":3.0,"mn8":false,"ag4":true,"an8":false},"geometry":{"type":"Point","coordinates":[-111.79545,33.42082]}},{"type":"Feature","properties":{"w":3.0,"mn8":false,"ag4":true,"an8":false},"geometry":{"type":"Point","coordinates":[-111.79024,33.42082]}},{"type":"Feature","properties":{"w":1.9,"mn8":false,"ag4":true,"an8":false},"geometry":{"type":"Point","coordinates":[-111.74857,33.42082]}},{"type":"Feature","properties":{"w":3.0,"mn8":false,"ag4":true,"an8":false},"geometry":{"type":"Point","coordinates":[-111.74336,33.42082]}},{"type":"Feature","properties":{"w":1.9,"mn8":false,"ag4":true,"an8":false},"geometry":{"type":"Point","coordinates":[-111.73294,33.42082]}},{"type":"Feature","properties":{"w":1.9,"mn8":false,"ag4":true,"an8":false},"geometry":{"type":"Point","coordinates":[-111.72773,33.42082]}},{"type":"Feature","properties":{"w":1.9,"mn8":false,"ag4":true,"an8":false},"geometry":{"type":"Point","coordinates":[-111.72252,33.42082]}},{"type":"Feature","properties":{"w":1.9,"mn8":false,"ag4":true,"an8":false},"geometry":{"type":"Point","coordinates":[-111.63397,33.42082]}},{"type":"Feature","properties":{"w":1.37,"mn8":false,"ag4":false,"an8":false},"geometry":{"type":"Point","coordinates":[-111.60792,33.42082]}},{"type":"Feature","properties":{"w":1.5,"mn8":false,"ag4":true,"an8":false},"geometry":{"type":"Point","coordinates":[-111.80066,33.42517]}},{"type":"Feature","properties":{"w":3.0,"mn8":false,"ag4":true,"an8":false},"geometry":{"type":"Point","coordinates":[-111.79545,33.42517]}},{"type":"Feature","properties":{"w":1.98,"mn8":false,"ag4":true,"an8":false},"geometry":{"type":"Point","coordinates":[-111.74856,33.42517]}},{"type":"Feature","properties":{"w":3.0,"mn8":false,"ag4":true,"an8":false},"geometry":{"type":"Point","coordinates":[-111.74335,33.42517]}},{"type":"Feature","properties":{"w":1.79,"mn8":false,"ag4":true,"an8":false},"geometry":{"type":"Point","coordinates":[-111.73293,33.42517]}},{"type":"Feature","properties":{"w":1.79,"mn8":false,"ag4":true,"an8":false},"geometry":{"type":"Point","coordinates":[-111.72772,33.42517]}},{"type":"Feature","properties":{"w":2.33,"mn8":false,"ag4":true,"an8":false},"geometry":{"type":"Point","coordinates":[-111.72251,33.42517]}},{"type":"Feature","properties":{"w":1.0,"mn8":false,"ag4":true,"an8":false},"geometry":{"type":"Point","coordinates":[-111.67563,33.42517]}},{"type":"Feature","properties":{"w":1.0,"mn8":false,"ag4":true,"an8":false},"geometry":{"type":"Point","coordinates":[-111.67042,33.42517]}},{"type":"Feature","properties":{"w":1.9,"mn8":false,"ag4":true,"an8":false},"geometry":{"type":"Point","coordinates":[-111.64437,33.42517]}},{"type":"Feature","properties":{"w":1.5,"mn8":false,"ag4":true,"an8":false},"geometry":{"type":"Point","coordinates":[-111.63916,33.42517]}},{"type":"Feature","properties":{"w":1.9,"mn8":false,"ag4":false,"an8":false},"geometry":{"type":"Point","coordinates":[-111.63395,33.42517]}},{"type":"Feature","properties":{"w":1.54,"mn8":false,"ag4":false,"an8":false},"geometry":{"type":"Point","coordinates":[-111.59749,33.42517]}},{"type":"Feature","properties":{"w":1.52,"mn8":true,"ag4":false,"an8":false},"geometry":{"type":"Point","coordinates":[-111.58707,33.42517]}},{"type":"Feature","properties":{"w":1.52,"mn8":true,"ag4":false,"an8":false},"geometry":{"type":"Point","coordinates":[-111.58186,33.42517]}},{"type":"Feature","properties":{"w":3.0,"mn8":false,"ag4":true,"an8":false},"geometry":{"type":"Point","coordinates":[-111.80065,33.42952]}},{"type":"Feature","properties":{"w":2.77,"mn8":false,"ag4":true,"an8":false},"geometry":{"type":"Point","coordinates":[-111.79544,33.42952]}},{"type":"Feature","properties":{"w":3.0,"mn8":false,"ag4":true,"an8":false},"geometry":{"type":"Point","coordinates":[-111.74334,33.42952]}},{"type":"Feature","properties":{"w":3.0,"mn8":false,"ag4":true,"an8":false},"geometry":{"type":"Point","coordinates":[-111.73813,33.42952]}},{"type":"Feature","properties":{"w":1.79,"mn8":false,"ag4":true,"an8":false},"geometry":{"type":"Point","coordinates":[-111.73293,33.42952]}},{"type":"Feature","properties":{"w":2.33,"mn8":false,"ag4":true,"an8":false},"geometry":{"type":"Point","coordinates":[-111.72772,33.42952]}},{"type":"Feature","properties":{"w":2.33,"mn8":false,"ag4":true,"an8":false},"geometry":{"type":"Point","coordinates":[-111.72251,33.42952]}},{"type":"Feature","properties":{"w":1.0,"mn8":false,"ag4":true,"an8":false},"geometry":{"type":"Point","coordinates":[-111.65478,33.42952]}},{"type":"Feature","properties":{"w":1.9,"mn8":false,"ag4":true,"an8":false},"geometry":{"type":"Point","coordinates":[-111.64957,33.42952]}},{"type":"Feature","properties":{"w":1.9,"mn8":false,"ag4":true,"an8":false},"geometry":{"type":"Point","coordinates":[-111.64436,33.42952]}},{"type":"Feature","properties":{"w":1.08,"mn8":false,"ag4":true,"an8":false},"geometry":{"type":"Point","coordinates":[-111.63915,33.42952]}},{"type":"Feature","properties":{"w":0.3,"mn8":false,"ag4":false,"an8":false},"geometry":{"type":"Point","coordinates":[-111.6131,33.42952]}},{"type":"Feature","properties":{"w":1.52,"mn8":true,"ag4":true,"an8":false},"geometry":{"type":"Point","coordinates":[-111.58705,33.42952]}},{"type":"Feature","properties":{"w":1.52,"mn8":true,"ag4":true,"an8":false},"geometry":{"type":"Point","coordinates":[-111.58184,33.42952]}},{"type":"Feature","properties":{"w":0.4,"mn8":false,"ag4":false,"an8":false},"geometry":{"type":"Point","coordinates":[-111.88922,33.43387]}},{"type":"Feature","properties":{"w":0.4,"mn8":false,"ag4":true,"an8":false},"geometry":{"type":"Point","coordinates":[-111.88401,33.43387]}},{"type":"Feature","properties":{"w":2.0,"mn8":false,"ag4":true,"an8":false},"geometry":{"type":"Point","coordinates":[-111.8788,33.43387]}},{"type":"Feature","properties":{"w":3.0,"mn8":false,"ag4":true,"an8":false},"geometry":{"type":"Point","coordinates":[-111.81107,33.43387]}},{"type":"Feature","properties":{"w":1.27,"mn8":false,"ag4":true,"an8":false},"geometry":{"type":"Point","coordinates":[-111.80065,33.43387]}},{"type":"Feature","properties":{"w":1.27,"mn8":false,"ag4":true,"an8":false},"geometry":{"type":"Point","coordinates":[-111.79544,33.43387]}},{"type":"Feature","properties":{"w":1.0,"mn8":false,"ag4":true,"an8":false},"geometry":{"type":"Point","coordinates":[-111.74855,33.43387]}},{"type":"Feature","properties":{"w":1.0,"mn8":false,"ag4":true,"an8":false},"geometry":{"type":"Point","coordinates":[-111.74334,33.43387]}},{"type":"Feature","properties":{"w":1.0,"mn8":false,"ag4":true,"an8":false},"geometry":{"type":"Point","coordinates":[-111.73813,33.43387]}},{"type":"Feature","properties":{"w":1.79,"mn8":false,"ag4":true,"an8":false},"geometry":{"type":"Point","coordinates":[-111.73292,33.43387]}},{"type":"Feature","properties":{"w":1.73,"mn8":false,"ag4":true,"an8":false},"geometry":{"type":"Point","coordinates":[-111.72771,33.43387]}},{"type":"Feature","properties":{"w":1.73,"mn8":false,"ag4":true,"an8":false},"geometry":{"type":"Point","coordinates":[-111.7225,33.43387]}},{"type":"Feature","properties":{"w":1.72,"mn8":false,"ag4":true,"an8":false},"geometry":{"type":"Point","coordinates":[-111.71729,33.43387]}},{"type":"Feature","properties":{"w":1.72,"mn8":false,"ag4":true,"an8":false},"geometry":{"type":"Point","coordinates":[-111.71208,33.43387]}},{"type":"Feature","properties":{"w":0.51,"mn8":false,"ag4":true,"an8":false},"geometry":{"type":"Point","coordinates":[-111.6704,33.43387]}},{"type":"Feature","properties":{"w":0.51,"mn8":false,"ag4":true,"an8":false},"geometry":{"type":"Point","coordinates":[-111.66519,33.43387]}},{"type":"Feature","properties":{"w":0.51,"mn8":false,"ag4":true,"an8":false},"geometry":{"type":"Point","coordinates":[-111.65998,33.43387]}},{"type":"Feature","properties":{"w":0.51,"mn8":false,"ag4":true,"an8":false},"geometry":{"type":"Point","coordinates":[-111.65477,33.43387]}},{"type":"Feature","properties":{"w":1.9,"mn8":false,"ag4":true,"an8":false},"geometry":{"type":"Point","coordinates":[-111.64956,33.43387]}},{"type":"Feature","properties":{"w":1.08,"mn8":false,"ag4":true,"an8":false},"geometry":{"type":"Point","coordinates":[-111.64435,33.43387]}},{"type":"Feature","properties":{"w":1.5,"mn8":false,"ag4":true,"an8":false},"geometry":{"type":"Point","coordinates":[-111.63914,33.43387]}},{"type":"Feature","properties":{"w":1.5,"mn8":false,"ag4":true,"an8":false},"geometry":{"type":"Point","coordinates":[-111.63393,33.43387]}},{"type":"Feature","properties":{"w":1.1,"mn8":false,"ag4":true,"an8":false},"geometry":{"type":"Point","coordinates":[-111.62872,33.43387]}},{"type":"Feature","properties":{"w":1.52,"mn8":true,"ag4":true,"an8":false},"geometry":{"type":"Point","coordinates":[-111.58704,33.43387]}},{"type":"Feature","properties":{"w":0.15,"mn8":false,"ag4":true,"an8":false},"geometry":{"type":"Point","coordinates":[-111.88922,33.43822]}},{"type":"Feature","properties":{"w":0.15,"mn8":false,"ag4":true,"an8":false},"geometry":{"type":"Point","coordinates":[-111.88401,33.43822]}},{"type":"Feature","properties":{"w":0.15,"mn8":false,"ag4":true,"an8":false},"geometry":{"type":"Point","coordinates":[-111.8788,33.43822]}},{"type":"Feature","properties":{"w":2.46,"mn8":false,"ag4":true,"an8":false},"geometry":{"type":"Point","coordinates":[-111.83711,33.43822]}},{"type":"Feature","properties":{"w":2.46,"mn8":false,"ag4":true,"an8":false},"geometry":{"type":"Point","coordinates":[-111.8319,33.43822]}},{"type":"Feature","properties":{"w":1.79,"mn8":false,"ag4":true,"an8":false},"geometry":{"type":"Point","coordinates":[-111.82669,33.43822]}},{"type":"Feature","properties":{"w":1.71,"mn8":false,"ag4":true,"an8":false},"geometry":{"type":"Point","coordinates":[-111.80064,33.43822]}},{"type":"Feature","properties":{"w":1.71,"mn8":false,"ag4":true,"an8":false},"geometry":{"type":"Point","coordinates":[-111.79543,33.43822]}},{"type":"Feature","properties":{"w":0.71,"mn8":false,"ag4":true,"an8":false},"geometry":{"type":"Point","coordinates":[-111.75896,33.43822]}},{"type":"Feature","properties":{"w":0.59,"mn8":false,"ag4":true,"an8":false},"geometry":{"type":"Point","coordinates":[-111.74854,33.43822]}},{"type":"Feature","properties":{"w":1.0,"mn8":false,"ag4":true,"an8":false},"geometry":{"type":"Point","coordinates":[-111.74333,33.43822]}},{"type":"Feature","properties":{"w":0.59,"mn8":false,"ag4":true,"an8":false},"geometry":{"type":"Point","coordinates":[-111.73812,33.43822]}},{"type":"Feature","properties":{"w":1.5,"mn8":false,"ag4":true,"an8":false},"geometry":{"type":"Point","coordinates":[-111.73291,33.43822]}},{"type":"Feature","properties":{"w":0.65,"mn8":false,"ag4":true,"an8":false},"geometry":{"type":"Point","coordinates":[-111.7277,33.43822]}},{"type":"Feature","properties":{"w":1.5,"mn8":false,"ag4":true,"an8":false},"geometry":{"type":"Point","coordinates":[-111.72249,33.43822]}},{"type":"Feature","properties":{"w":0.97,"mn8":false,"ag4":true,"an8":false},"geometry":{"type":"Point","coordinates":[-111.66518,33.43822]}},{"type":"Feature","properties":{"w":0.97,"mn8":false,"ag4":true,"an8":false},"geometry":{"type":"Point","coordinates":[-111.65997,33.43822]}},{"type":"Feature","properties":{"w":0.49,"mn8":false,"ag4":true,"an8":false},"geometry":{"type":"Point","coordinates":[-111.65476,33.43822]}},{"type":"Feature","properties":{"w":1.0,"mn8":false,"ag4":true,"an8":false},"geometry":{"type":"Point","coordinates":[-111.64955,33.43822]}},{"type":"Feature","properties":{"w":1.0,"mn8":false,"ag4":true,"an8":false},"geometry":{"type":"Point","coordinates":[-111.64434,33.43822]}},{"type":"Feature","properties":{"w":1.0,"mn8":false,"ag4":true,"an8":false},"geometry":{"type":"Point","coordinates":[-111.63913,33.43822]}},{"type":"Feature","properties":{"w":1.0,"mn8":false,"ag4":true,"an8":false},"geometry":{"type":"Point","coordinates":[-111.6287,33.43822]}},{"type":"Feature","properties":{"w":1.0,"mn8":false,"ag4":true,"an8":false},"geometry":{"type":"Point","coordinates":[-111.62349,33.43822]}},{"type":"Feature","properties":{"w":1.0,"mn8":false,"ag4":true,"an8":false},"geometry":{"type":"Point","coordinates":[-111.61828,33.43822]}},{"type":"Feature","properties":{"w":2.46,"mn8":false,"ag4":true,"an8":false},"geometry":{"type":"Point","coordinates":[-111.83711,33.44256]}},{"type":"Feature","properties":{"w":1.71,"mn8":false,"ag4":true,"an8":false},"geometry":{"type":"Point","coordinates":[-111.80064,33.44256]}},{"type":"Feature","properties":{"w":1.71,"mn8":false,"ag4":true,"an8":false},"geometry":{"type":"Point","coordinates":[-111.79543,33.44256]}},{"type":"Feature","properties":{"w":1.71,"mn8":false,"ag4":true,"an8":false},"geometry":{"type":"Point","coordinates":[-111.79022,33.44256]}},{"type":"Feature","properties":{"w":1.22,"mn8":false,"ag4":true,"an8":false},"geometry":{"type":"Point","coordinates":[-111.78501,33.44256]}},{"type":"Feature","properties":{"w":1.22,"mn8":false,"ag4":true,"an8":false},"geometry":{"type":"Point","coordinates":[-111.7798,33.44256]}},{"type":"Feature","properties":{"w":1.0,"mn8":false,"ag4":true,"an8":false},"geometry":{"type":"Point","coordinates":[-111.76416,33.44256]}},{"type":"Feature","properties":{"w":0.71,"mn8":false,"ag4":true,"an8":false},"geometry":{"type":"Point","coordinates":[-111.75895,33.44256]}},{"type":"Feature","properties":{"w":0.59,"mn8":false,"ag4":true,"an8":false},"geometry":{"type":"Point","coordinates":[-111.74853,33.44256]}},{"type":"Feature","properties":{"w":1.0,"mn8":false,"ag4":true,"an8":false},"geometry":{"type":"Point","coordinates":[-111.74332,33.44256]}},{"type":"Feature","properties":{"w":1.0,"mn8":false,"ag4":true,"an8":false},"geometry":{"type":"Point","coordinates":[-111.73811,33.44256]}},{"type":"Feature","properties":{"w":1.5,"mn8":false,"ag4":true,"an8":false},"geometry":{"type":"Point","coordinates":[-111.7329,33.44256]}},{"type":"Feature","properties":{"w":0.65,"mn8":false,"ag4":true,"an8":false},"geometry":{"type":"Point","coordinates":[-111.72769,33.44256]}},{"type":"Feature","properties":{"w":1.5,"mn8":false,"ag4":true,"an8":false},"geometry":{"type":"Point","coordinates":[-111.72248,33.44256]}},{"type":"Feature","properties":{"w":1.5,"mn8":false,"ag4":true,"an8":false},"geometry":{"type":"Point","coordinates":[-111.71727,33.44256]}},{"type":"Feature","properties":{"w":1.5,"mn8":false,"ag4":true,"an8":false},"geometry":{"type":"Point","coordinates":[-111.71206,33.44256]}},{"type":"Feature","properties":{"w":1.5,"mn8":false,"ag4":true,"an8":false},"geometry":{"type":"Point","coordinates":[-111.70685,33.44256]}},{"type":"Feature","properties":{"w":0.97,"mn8":false,"ag4":true,"an8":false},"geometry":{"type":"Point","coordinates":[-111.66516,33.44256]}},{"type":"Feature","properties":{"w":0.49,"mn8":false,"ag4":true,"an8":false},"geometry":{"type":"Point","coordinates":[-111.65474,33.44256]}},{"type":"Feature","properties":{"w":1.0,"mn8":false,"ag4":true,"an8":false},"geometry":{"type":"Point","coordinates":[-111.64953,33.44256]}},{"type":"Feature","properties":{"w":1.0,"mn8":false,"ag4":true,"an8":false},"geometry":{"type":"Point","coordinates":[-111.64432,33.44256]}},{"type":"Feature","properties":{"w":1.0,"mn8":false,"ag4":true,"an8":false},"geometry":{"type":"Point","coordinates":[-111.63911,33.44256]}},{"type":"Feature","properties":{"w":1.0,"mn8":false,"ag4":true,"an8":false},"geometry":{"type":"Point","coordinates":[-111.6339,33.44256]}},{"type":"Feature","properties":{"w":1.0,"mn8":false,"ag4":true,"an8":false},"geometry":{"type":"Point","coordinates":[-111.62869,33.44256]}},{"type":"Feature","properties":{"w":1.0,"mn8":false,"ag4":true,"an8":false},"geometry":{"type":"Point","coordinates":[-111.62348,33.44256]}},{"type":"Feature","properties":{"w":0.41,"mn8":false,"ag4":true,"an8":false},"geometry":{"type":"Point","coordinates":[-111.61827,33.44256]}},{"type":"Feature","properties":{"w":1.67,"mn8":false,"ag4":true,"an8":false},"geometry":{"type":"Point","coordinates":[-111.84232,33.44691]}},{"type":"Feature","properties":{"w":3.0,"mn8":false,"ag4":true,"an8":false},"geometry":{"type":"Point","coordinates":[-111.83711,33.44691]}},{"type":"Feature","properties":{"w":1.33,"mn8":false,"ag4":true,"an8":false},"geometry":{"type":"Point","coordinates":[-111.80063,33.44691]}},{"type":"Feature","properties":{"w":1.33,"mn8":false,"ag4":true,"an8":false},"geometry":{"type":"Point","coordinates":[-111.79021,33.44691]}},{"type":"Feature","properties":{"w":1.65,"mn8":false,"ag4":true,"an8":false},"geometry":{"type":"Point","coordinates":[-111.785,33.44691]}},{"type":"Feature","properties":{"w":1.65,"mn8":false,"ag4":true,"an8":false},"geometry":{"type":"Point","coordinates":[-111.77979,33.44691]}},{"type":"Feature","properties":{"w":1.65,"mn8":false,"ag4":true,"an8":false},"geometry":{"type":"Point","coordinates":[-111.77458,33.44691]}},{"type":"Feature","properties":{"w":0.71,"mn8":false,"ag4":true,"an8":false},"geometry":{"type":"Point","coordinates":[-111.76416,33.44691]}},{"type":"Feature","properties":{"w":0.71,"mn8":false,"ag4":true,"an8":false},"geometry":{"type":"Point","coordinates":[-111.75895,33.44691]}},{"type":"Feature","properties":{"w":0.59,"mn8":false,"ag4":true,"an8":false},"geometry":{"type":"Point","coordinates":[-111.74853,33.44691]}},{"type":"Feature","properties":{"w":0.59,"mn8":false,"ag4":true,"an8":false},"geometry":{"type":"Point","coordinates":[-111.74331,33.44691]}},{"type":"Feature","properties":{"w":2.0,"mn8":false,"ag4":true,"an8":false},"geometry":{"type":"Point","coordinates":[-111.7381,33.44691]}},{"type":"Feature","properties":{"w":2.0,"mn8":false,"ag4":true,"an8":false},"geometry":{"type":"Point","coordinates":[-111.73289,33.44691]}},{"type":"Feature","properties":{"w":2.0,"mn8":false,"ag4":true,"an8":false},"geometry":{"type":"Point","coordinates":[-111.72768,33.44691]}},{"type":"Feature","properties":{"w":2.0,"mn8":false,"ag4":true,"an8":false},"geometry":{"type":"Point","coordinates":[-111.72247,33.44691]}},{"type":"Feature","properties":{"w":1.55,"mn8":false,"ag4":true,"an8":false},"geometry":{"type":"Point","coordinates":[-111.71726,33.44691]}},{"type":"Feature","properties":{"w":1.5,"mn8":false,"ag4":true,"an8":false},"geometry":{"type":"Point","coordinates":[-111.71205,33.44691]}},{"type":"Feature","properties":{"w":1.55,"mn8":false,"ag4":true,"an8":false},"geometry":{"type":"Point","coordinates":[-111.70684,33.44691]}},{"type":"Feature","properties":{"w":0.49,"mn8":false,"ag4":true,"an8":false},"geometry":{"type":"Point","coordinates":[-111.65994,33.44691]}},{"type":"Feature","properties":{"w":0.49,"mn8":false,"ag4":true,"an8":false},"geometry":{"type":"Point","coordinates":[-111.65473,33.44691]}},{"type":"Feature","properties":{"w":0.49,"mn8":false,"ag4":true,"an8":false},"geometry":{"type":"Point","coordinates":[-111.64952,33.44691]}},{"type":"Feature","properties":{"w":1.0,"mn8":false,"ag4":true,"an8":false},"geometry":{"type":"Point","coordinates":[-111.64431,33.44691]}},{"type":"Feature","properties":{"w":1.0,"mn8":false,"ag4":true,"an8":false},"geometry":{"type":"Point","coordinates":[-111.6391,33.44691]}},{"type":"Feature","properties":{"w":1.0,"mn8":false,"ag4":true,"an8":false},"geometry":{"type":"Point","coordinates":[-111.63389,33.44691]}},{"type":"Feature","properties":{"w":0.41,"mn8":false,"ag4":true,"an8":false},"geometry":{"type":"Point","coordinates":[-111.62347,33.44691]}},{"type":"Feature","properties":{"w":1.0,"mn8":false,"ag4":true,"an8":false},"geometry":{"type":"Point","coordinates":[-111.61826,33.44691]}},{"type":"Feature","properties":{"w":2.0,"mn8":false,"ag4":true,"an8":false},"geometry":{"type":"Point","coordinates":[-111.7381,33.45126]}},{"type":"Feature","properties":{"w":2.8,"mn8":false,"ag4":true,"an8":false},"geometry":{"type":"Point","coordinates":[-111.73288,33.45126]}},{"type":"Feature","properties":{"w":2.0,"mn8":false,"ag4":true,"an8":false},"geometry":{"type":"Point","coordinates":[-111.72767,33.45126]}},{"type":"Feature","properties":{"w":2.0,"mn8":false,"ag4":true,"an8":false},"geometry":{"type":"Point","coordinates":[-111.72246,33.45126]}},{"type":"Feature","properties":{"w":1.55,"mn8":false,"ag4":true,"an8":false},"geometry":{"type":"Point","coordinates":[-111.71725,33.45126]}},{"type":"Feature","properties":{"w":1.0,"mn8":false,"ag4":true,"an8":false},"geometry":{"type":"Point","coordinates":[-111.63909,33.45126]}},{"type":"Feature","properties":{"w":1.0,"mn8":false,"ag4":true,"an8":false},"geometry":{"type":"Point","coordinates":[-111.63388,33.45126]}},{"type":"Feature","properties":{"w":0.41,"mn8":false,"ag4":true,"an8":false},"geometry":{"type":"Point","coordinates":[-111.62866,33.45126]}},{"type":"Feature","properties":{"w":1.25,"mn8":false,"ag4":true,"an8":false},"geometry":{"type":"Point","coordinates":[-111.7902,33.45561]}},{"type":"Feature","properties":{"w":1.54,"mn8":false,"ag4":true,"an8":false},"geometry":{"type":"Point","coordinates":[-111.78499,33.45561]}},{"type":"Feature","properties":{"w":1.54,"mn8":false,"ag4":true,"an8":false},"geometry":{"type":"Point","coordinates":[-111.77978,33.45561]}},{"type":"Feature","properties":{"w":0.4,"mn8":false,"ag4":true,"an8":false},"geometry":{"type":"Point","coordinates":[-111.74851,33.45561]}},{"type":"Feature","properties":{"w":0.4,"mn8":false,"ag4":true,"an8":false},"geometry":{"type":"Point","coordinates":[-111.7433,33.45561]}},{"type":"Feature","properties":{"w":2.4,"mn8":false,"ag4":true,"an8":false},"geometry":{"type":"Point","coordinates":[-111.73809,33.45561]}},{"type":"Feature","properties":{"w":2.4,"mn8":false,"ag4":true,"an8":false},"geometry":{"type":"Point","coordinates":[-111.73288,33.45561]}},{"type":"Feature","properties":{"w":2.4,"mn8":false,"ag4":true,"an8":false},"geometry":{"type":"Point","coordinates":[-111.72767,33.45561]}},{"type":"Feature","properties":{"w":2.4,"mn8":false,"ag4":true,"an8":false},"geometry":{"type":"Point","coordinates":[-111.72245,33.45561]}},{"type":"Feature","properties":{"w":1.5,"mn8":false,"ag4":true,"an8":false},"geometry":{"type":"Point","coordinates":[-111.71724,33.45561]}},{"type":"Feature","properties":{"w":0.3,"mn8":false,"ag4":true,"an8":false},"geometry":{"type":"Point","coordinates":[-111.71203,33.45561]}},{"type":"Feature","properties":{"w":1.5,"mn8":false,"ag4":true,"an8":false},"geometry":{"type":"Point","coordinates":[-111.70682,33.45561]}},{"type":"Feature","properties":{"w":1.0,"mn8":false,"ag4":true,"an8":false},"geometry":{"type":"Point","coordinates":[-111.6964,33.45561]}},{"type":"Feature","properties":{"w":0.61,"mn8":false,"ag4":true,"an8":false},"geometry":{"type":"Point","coordinates":[-111.67555,33.45561]}},{"type":"Feature","properties":{"w":1.0,"mn8":false,"ag4":true,"an8":false},"geometry":{"type":"Point","coordinates":[-111.67034,33.45561]}},{"type":"Feature","properties":{"w":1.0,"mn8":false,"ag4":true,"an8":false},"geometry":{"type":"Point","coordinates":[-111.66513,33.45561]}},{"type":"Feature","properties":{"w":1.0,"mn8":false,"ag4":true,"an8":false},"geometry":{"type":"Point","coordinates":[-111.65992,33.45561]}},{"type":"Feature","properties":{"w":1.0,"mn8":false,"ag4":true,"an8":false},"geometry":{"type":"Point","coordinates":[-111.65471,33.45561]}},{"type":"Feature","properties":{"w":1.0,"mn8":false,"ag4":true,"an8":false},"geometry":{"type":"Point","coordinates":[-111.63907,33.45561]}},{"type":"Feature","properties":{"w":1.0,"mn8":false,"ag4":true,"an8":false},"geometry":{"type":"Point","coordinates":[-111.63386,33.45561]}},{"type":"Feature","properties":{"w":1.0,"mn8":false,"ag4":true,"an8":false},"geometry":{"type":"Point","coordinates":[-111.62865,33.45561]}},{"type":"Feature","properties":{"w":1.07,"mn8":false,"ag4":true,"an8":false},"geometry":{"type":"Point","coordinates":[-111.83189,33.45995]}},{"type":"Feature","properties":{"w":0.88,"mn8":false,"ag4":true,"an8":false},"geometry":{"type":"Point","coordinates":[-111.82668,33.45995]}},{"type":"Feature","properties":{"w":0.4,"mn8":false,"ag4":true,"an8":false},"geometry":{"type":"Point","coordinates":[-111.80062,33.45995]}},{"type":"Feature","properties":{"w":1.25,"mn8":false,"ag4":true,"an8":false},"geometry":{"type":"Point","coordinates":[-111.7902,33.45995]}},{"type":"Feature","properties":{"w":1.71,"mn8":false,"ag4":true,"an8":false},"geometry":{"type":"Point","coordinates":[-111.78498,33.45995]}},{"type":"Feature","properties":{"w":0.4,"mn8":false,"ag4":true,"an8":false},"geometry":{"type":"Point","coordinates":[-111.74329,33.45995]}},{"type":"Feature","properties":{"w":2.4,"mn8":false,"ag4":true,"an8":false},"geometry":{"type":"Point","coordinates":[-111.73808,33.45995]}},{"type":"Feature","properties":{"w":2.4,"mn8":false,"ag4":true,"an8":false},"geometry":{"type":"Point","coordinates":[-111.73287,33.45995]}},{"type":"Feature","properties":{"w":2.4,"mn8":false,"ag4":true,"an8":false},"geometry":{"type":"Point","coordinates":[-111.72766,33.45995]}},{"type":"Feature","properties":{"w":2.4,"mn8":false,"ag4":true,"an8":false},"geometry":{"type":"Point","coordinates":[-111.72245,33.45995]}},{"type":"Feature","properties":{"w":1.5,"mn8":false,"ag4":true,"an8":false},"geometry":{"type":"Point","coordinates":[-111.71723,33.45995]}},{"type":"Feature","properties":{"w":0.61,"mn8":false,"ag4":true,"an8":false},"geometry":{"type":"Point","coordinates":[-111.67554,33.45995]}},{"type":"Feature","properties":{"w":1.0,"mn8":false,"ag4":true,"an8":false},"geometry":{"type":"Point","coordinates":[-111.63906,33.45995]}},{"type":"Feature","properties":{"w":1.0,"mn8":false,"ag4":true,"an8":false},"geometry":{"type":"Point","coordinates":[-111.62864,33.45995]}},{"type":"Feature","properties":{"w":0.88,"mn8":true,"ag4":true,"an8":true},"geometry":{"type":"Point","coordinates":[-111.82667,33.4643]}},{"type":"Feature","properties":{"w":0.4,"mn8":false,"ag4":true,"an8":false},"geometry":{"type":"Point","coordinates":[-111.81104,33.4643]}},{"type":"Feature","properties":{"w":0.4,"mn8":false,"ag4":true,"an8":false},"geometry":{"type":"Point","coordinates":[-111.80583,33.4643]}},{"type":"Feature","properties":{"w":0.4,"mn8":false,"ag4":true,"an8":false},"geometry":{"type":"Point","coordinates":[-111.80061,33.4643]}},{"type":"Feature","properties":{"w":0.4,"mn8":false,"ag4":true,"an8":false},"geometry":{"type":"Point","coordinates":[-111.7954,33.4643]}},{"type":"Feature","properties":{"w":0.34,"mn8":false,"ag4":true,"an8":false},"geometry":{"type":"Point","coordinates":[-111.79019,33.4643]}},{"type":"Feature","properties":{"w":1.71,"mn8":false,"ag4":true,"an8":false},"geometry":{"type":"Point","coordinates":[-111.78498,33.4643]}},{"type":"Feature","properties":{"w":1.71,"mn8":false,"ag4":true,"an8":false},"geometry":{"type":"Point","coordinates":[-111.77977,33.4643]}},{"type":"Feature","properties":{"w":0.4,"mn8":false,"ag4":true,"an8":false},"geometry":{"type":"Point","coordinates":[-111.74328,33.4643]}},{"type":"Feature","properties":{"w":2.4,"mn8":false,"ag4":true,"an8":false},"geometry":{"type":"Point","coordinates":[-111.73286,33.4643]}},{"type":"Feature","properties":{"w":2.4,"mn8":false,"ag4":true,"an8":false},"geometry":{"type":"Point","coordinates":[-111.72765,33.4643]}},{"type":"Feature","properties":{"w":2.4,"mn8":false,"ag4":true,"an8":false},"geometry":{"type":"Point","coordinates":[-111.72244,33.4643]}},{"type":"Feature","properties":{"w":1.5,"mn8":false,"ag4":true,"an8":false},"geometry":{"type":"Point","coordinates":[-111.71723,33.4643]}},{"type":"Feature","properties":{"w":1.9,"mn8":false,"ag4":true,"an8":false},"geometry":{"type":"Point","coordinates":[-111.68074,33.4643]}},{"type":"Feature","properties":{"w":1.0,"mn8":false,"ag4":true,"an8":false},"geometry":{"type":"Point","coordinates":[-111.62862,33.4643]}},{"type":"Feature","properties":{"w":0.4,"mn8":false,"ag4":true,"an8":false},"geometry":{"type":"Point","coordinates":[-111.78497,33.46865]}},{"type":"Feature","properties":{"w":0.3,"mn8":false,"ag4":true,"an8":false},"geometry":{"type":"Point","coordinates":[-111.77976,33.46865]}},{"type":"Feature","properties":{"w":0.3,"mn8":false,"ag4":true,"an8":false},"geometry":{"type":"Point","coordinates":[-111.77455,33.46865]}},{"type":"Feature","properties":{"w":2.0,"mn8":false,"ag4":true,"an8":false},"geometry":{"type":"Point","coordinates":[-111.76934,33.46865]}},{"type":"Feature","properties":{"w":2.4,"mn8":false,"ag4":true,"an8":false},"geometry":{"type":"Point","coordinates":[-111.73285,33.46865]}},{"type":"Feature","properties":{"w":2.4,"mn8":false,"ag4":true,"an8":false},"geometry":{"type":"Point","coordinates":[-111.72764,33.46865]}},{"type":"Feature","properties":{"w":2.4,"mn8":false,"ag4":true,"an8":false},"geometry":{"type":"Point","coordinates":[-111.72243,33.46865]}},{"type":"Feature","properties":{"w":0.4,"mn8":false,"ag4":true,"an8":false},"geometry":{"type":"Point","coordinates":[-111.78497,33.473]}},{"type":"Feature","properties":{"w":0.3,"mn8":false,"ag4":true,"an8":false},"geometry":{"type":"Point","coordinates":[-111.77976,33.473]}},{"type":"Feature","properties":{"w":1.0,"mn8":false,"ag4":true,"an8":false},"geometry":{"type":"Point","coordinates":[-111.77454,33.473]}},{"type":"Feature","properties":{"w":1.0,"mn8":false,"ag4":true,"an8":false},"geometry":{"type":"Point","coordinates":[-111.76933,33.473]}},{"type":"Feature","properties":{"w":1.0,"mn8":false,"ag4":true,"an8":false},"geometry":{"type":"Point","coordinates":[-111.76412,33.473]}},{"type":"Feature","properties":{"w":2.0,"mn8":false,"ag4":true,"an8":false},"geometry":{"type":"Point","coordinates":[-111.75891,33.473]}},{"type":"Feature","properties":{"w":2.4,"mn8":false,"ag4":true,"an8":false},"geometry":{"type":"Point","coordinates":[-111.73284,33.473]}},{"type":"Feature","properties":{"w":2.4,"mn8":false,"ag4":true,"an8":false},"geometry":{"type":"Point","coordinates":[-111.72763,33.473]}},{"type":"Feature","properties":{"w":2.4,"mn8":false,"ag4":true,"an8":false},"geometry":{"type":"Point","coordinates":[-111.72242,33.473]}},{"type":"Feature","properties":{"w":0.76,"mn8":false,"ag4":true,"an8":false},"geometry":{"type":"Point","coordinates":[-111.68072,33.473]}},{"type":"Feature","properties":{"w":1.0,"mn8":false,"ag4":true,"an8":false},"geometry":{"type":"Point","coordinates":[-111.6703,33.473]}},{"type":"Feature","properties":{"w":0.4,"mn8":false,"ag4":true,"an8":false},"geometry":{"type":"Point","coordinates":[-111.63902,33.473]}},{"type":"Feature","properties":{"w":0.3,"mn8":false,"ag4":true,"an8":false},"geometry":{"type":"Point","coordinates":[-111.78496,33.47735]}},{"type":"Feature","properties":{"w":0.3,"mn8":false,"ag4":true,"an8":false},"geometry":{"type":"Point","coordinates":[-111.77975,33.47735]}},{"type":"Feature","properties":{"w":0.3,"mn8":false,"ag4":true,"an8":false},"geometry":{"type":"Point","coordinates":[-111.76932,33.47735]}},{"type":"Feature","properties":{"w":1.0,"mn8":false,"ag4":true,"an8":false},"geometry":{"type":"Point","coordinates":[-111.76411,33.47735]}},{"type":"Feature","properties":{"w":1.0,"mn8":false,"ag4":true,"an8":false},"geometry":{"type":"Point","coordinates":[-111.7589,33.47735]}},{"type":"Feature","properties":{"w":0.3,"mn8":false,"ag4":true,"an8":false},"geometry":{"type":"Point","coordinates":[-111.73284,33.47735]}},{"type":"Feature","properties":{"w":2.4,"mn8":false,"ag4":true,"an8":false},"geometry":{"type":"Point","coordinates":[-111.72762,33.47735]}},{"type":"Feature","properties":{"w":2.4,"mn8":false,"ag4":true,"an8":false},"geometry":{"type":"Point","coordinates":[-111.72241,33.47735]}},{"type":"Feature","properties":{"w":1.0,"mn8":false,"ag4":true,"an8":false},"geometry":{"type":"Point","coordinates":[-111.6755,33.47735]}},{"type":"Feature","properties":{"w":1.0,"mn8":false,"ag4":true,"an8":false},"geometry":{"type":"Point","coordinates":[-111.67029,33.47735]}},{"type":"Feature","properties":{"w":1.19,"mn8":false,"ag4":true,"an8":false},"geometry":{"type":"Point","coordinates":[-111.66507,33.47735]}},{"type":"Feature","properties":{"w":1.0,"mn8":false,"ag4":true,"an8":false},"geometry":{"type":"Point","coordinates":[-111.65986,33.47735]}},{"type":"Feature","properties":{"w":0.4,"mn8":false,"ag4":true,"an8":false},"geometry":{"type":"Point","coordinates":[-111.65465,33.47735]}},{"type":"Feature","properties":{"w":0.4,"mn8":false,"ag4":true,"an8":false},"geometry":{"type":"Point","coordinates":[-111.64422,33.47735]}},{"type":"Feature","properties":{"w":0.4,"mn8":false,"ag4":true,"an8":false},"geometry":{"type":"Point","coordinates":[-111.63901,33.47735]}},{"type":"Feature","properties":{"w":0.4,"mn8":true,"ag4":true,"an8":true},"geometry":{"type":"Point","coordinates":[-111.77453,33.48169]}},{"type":"Feature","properties":{"w":0.3,"mn8":false,"ag4":true,"an8":false},"geometry":{"type":"Point","coordinates":[-111.76932,33.48169]}},{"type":"Feature","properties":{"w":2.0,"mn8":false,"ag4":true,"an8":false},"geometry":{"type":"Point","coordinates":[-111.75889,33.48169]}},{"type":"Feature","properties":{"w":1.0,"mn8":false,"ag4":true,"an8":false},"geometry":{"type":"Point","coordinates":[-111.74847,33.48169]}},{"type":"Feature","properties":{"w":0.3,"mn8":true,"ag4":true,"an8":true},"geometry":{"type":"Point","coordinates":[-111.74325,33.48169]}},{"type":"Feature","properties":{"w":2.4,"mn8":false,"ag4":true,"an8":false},"geometry":{"type":"Point","coordinates":[-111.73804,33.48169]}},{"type":"Feature","properties":{"w":1.2,"mn8":false,"ag4":true,"an8":false},"geometry":{"type":"Point","coordinates":[-111.73283,33.48169]}},{"type":"Feature","properties":{"w":1.2,"mn8":false,"ag4":true,"an8":false},"geometry":{"type":"Point","coordinates":[-111.72762,33.48169]}},{"type":"Feature","properties":{"w":0.3,"mn8":false,"ag4":true,"an8":false},"geometry":{"type":"Point","coordinates":[-111.7224,33.48169]}},{"type":"Feature","properties":{"w":1.0,"mn8":false,"ag4":true,"an8":false},"geometry":{"type":"Point","coordinates":[-111.67549,33.48169]}},{"type":"Feature","properties":{"w":1.0,"mn8":false,"ag4":true,"an8":false},"geometry":{"type":"Point","coordinates":[-111.67027,33.48169]}},{"type":"Feature","properties":{"w":1.19,"mn8":false,"ag4":true,"an8":false},"geometry":{"type":"Point","coordinates":[-111.66506,33.48169]}},{"type":"Feature","properties":{"w":1.19,"mn8":false,"ag4":true,"an8":false},"geometry":{"type":"Point","coordinates":[-111.65985,33.48169]}},{"type":"Feature","properties":{"w":1.0,"mn8":false,"ag4":true,"an8":false},"geometry":{"type":"Point","coordinates":[-111.65464,33.48169]}},{"type":"Feature","properties":{"w":0.4,"mn8":false,"ag4":true,"an8":false},"geometry":{"type":"Point","coordinates":[-111.64421,33.48169]}},{"type":"Feature","properties":{"w":0.4,"mn8":true,"ag4":true,"an8":true},"geometry":{"type":"Point","coordinates":[-111.639,33.48169]}},{"type":"Feature","properties":{"w":0.4,"mn8":true,"ag4":true,"an8":true},"geometry":{"type":"Point","coordinates":[-111.63378,33.48169]}},{"type":"Feature","properties":{"w":1.2,"mn8":true,"ag4":true,"an8":true},"geometry":{"type":"Point","coordinates":[-111.73282,33.48604]}},{"type":"Feature","properties":{"w":1.2,"mn8":true,"ag4":true,"an8":true},"geometry":{"type":"Point","coordinates":[-111.72239,33.48604]}},{"type":"Feature","properties":{"w":2.0,"mn8":true,"ag4":true,"an8":true},"geometry":{"type":"Point","coordinates":[-111.71197,33.48604]}},{"type":"Feature","properties":{"w":1.0,"mn8":false,"ag4":true,"an8":false},"geometry":{"type":"Point","coordinates":[-111.69633,33.48604]}},{"type":"Feature","properties":{"w":1.0,"mn8":false,"ag4":true,"an8":false},"geometry":{"type":"Point","coordinates":[-111.68069,33.48604]}},{"type":"Feature","properties":{"w":1.19,"mn8":false,"ag4":true,"an8":false},"geometry":{"type":"Point","coordinates":[-111.67548,33.48604]}},{"type":"Feature","properties":{"w":1.19,"mn8":false,"ag4":true,"an8":false},"geometry":{"type":"Point","coordinates":[-111.67026,33.48604]}},{"type":"Feature","properties":{"w":1.19,"mn8":false,"ag4":true,"an8":false},"geometry":{"type":"Point","coordinates":[-111.66505,33.48604]}},{"type":"Feature","properties":{"w":1.0,"mn8":false,"ag4":true,"an8":false},"geometry":{"type":"Point","coordinates":[-111.65984,33.48604]}},{"type":"Feature","properties":{"w":1.0,"mn8":false,"ag4":true,"an8":false},"geometry":{"type":"Point","coordinates":[-111.65462,33.48604]}},{"type":"Feature","properties":{"w":0.4,"mn8":true,"ag4":true,"an8":true},"geometry":{"type":"Point","coordinates":[-111.6442,33.48604]}},{"type":"Feature","properties":{"w":0.4,"mn8":true,"ag4":true,"an8":true},"geometry":{"type":"Point","coordinates":[-111.63898,33.48604]}},{"type":"Feature","properties":{"w":0.4,"mn8":true,"ag4":true,"an8":true},"geometry":{"type":"Point","coordinates":[-111.63377,33.48604]}},{"type":"Feature","properties":{"w":1.2,"mn8":true,"ag4":true,"an8":true},"geometry":{"type":"Point","coordinates":[-111.72239,33.49039]}},{"type":"Feature","properties":{"w":1.2,"mn8":false,"ag4":true,"an8":false},"geometry":{"type":"Point","coordinates":[-111.71717,33.49039]}},{"type":"Feature","properties":{"w":1.2,"mn8":true,"ag4":true,"an8":true},"geometry":{"type":"Point","coordinates":[-111.71196,33.49039]}},{"type":"Feature","properties":{"w":1.2,"mn8":true,"ag4":true,"an8":true},"geometry":{"type":"Point","coordinates":[-111.70675,33.49039]}},{"type":"Feature","properties":{"w":1.2,"mn8":false,"ag4":true,"an8":false},"geometry":{"type":"Point","coordinates":[-111.70153,33.49039]}},{"type":"Feature","properties":{"w":1.0,"mn8":false,"ag4":true,"an8":false},"geometry":{"type":"Point","coordinates":[-111.69632,33.49039]}},{"type":"Feature","properties":{"w":1.0,"mn8":false,"ag4":true,"an8":false},"geometry":{"type":"Point","coordinates":[-111.6911,33.49039]}},{"type":"Feature","properties":{"w":1.0,"mn8":false,"ag4":true,"an8":false},"geometry":{"type":"Point","coordinates":[-111.68068,33.49039]}},{"type":"Feature","properties":{"w":1.19,"mn8":false,"ag4":true,"an8":false},"geometry":{"type":"Point","coordinates":[-111.67546,33.49039]}},{"type":"Feature","properties":{"w":1.19,"mn8":false,"ag4":true,"an8":false},"geometry":{"type":"Point","coordinates":[-111.67025,33.49039]}},{"type":"Feature","properties":{"w":1.0,"mn8":false,"ag4":true,"an8":false},"geometry":{"type":"Point","coordinates":[-111.66504,33.49039]}},{"type":"Feature","properties":{"w":1.0,"mn8":false,"ag4":true,"an8":false},"geometry":{"type":"Point","coordinates":[-111.65982,33.49039]}},{"type":"Feature","properties":{"w":1.0,"mn8":false,"ag4":true,"an8":false},"geometry":{"type":"Point","coordinates":[-111.65461,33.49039]}},{"type":"Feature","properties":{"w":0.4,"mn8":false,"ag4":true,"an8":false},"geometry":{"type":"Point","coordinates":[-111.6494,33.49039]}},{"type":"Feature","properties":{"w":0.4,"mn8":true,"ag4":true,"an8":true},"geometry":{"type":"Point","coordinates":[-111.64418,33.49039]}},{"type":"Feature","properties":{"w":0.4,"mn8":true,"ag4":true,"an8":true},"geometry":{"type":"Point","coordinates":[-111.63897,33.49039]}},{"type":"Feature","properties":{"w":0.4,"mn8":true,"ag4":true,"an8":true},"geometry":{"type":"Point","coordinates":[-111.63376,33.49039]}},{"type":"Feature","properties":{"w":1.2,"mn8":true,"ag4":true,"an8":true},"geometry":{"type":"Point","coordinates":[-111.71716,33.49474]}},{"type":"Feature","properties":{"w":1.2,"mn8":true,"ag4":true,"an8":true},"geometry":{"type":"Point","coordinates":[-111.71195,33.49474]}},{"type":"Feature","properties":{"w":1.2,"mn8":true,"ag4":true,"an8":true},"geometry":{"type":"Point","coordinates":[-111.70674,33.49474]}},{"type":"Feature","properties":{"w":1.2,"mn8":true,"ag4":true,"an8":true},"geometry":{"type":"Point","coordinates":[-111.70152,33.49474]}},{"type":"Feature","properties":{"w":1.0,"mn8":false,"ag4":true,"an8":false},"geometry":{"type":"Point","coordinates":[-111.69631,33.49474]}},{"type":"Feature","properties":{"w":1.0,"mn8":false,"ag4":true,"an8":false},"geometry":{"type":"Point","coordinates":[-111.69109,33.49474]}},{"type":"Feature","properties":{"w":1.0,"mn8":false,"ag4":true,"an8":false},"geometry":{"type":"Point","coordinates":[-111.68588,33.49474]}},{"type":"Feature","properties":{"w":1.0,"mn8":true,"ag4":true,"an8":true},"geometry":{"type":"Point","coordinates":[-111.68067,33.49474]}},{"type":"Feature","properties":{"w":1.0,"mn8":false,"ag4":true,"an8":false},"geometry":{"type":"Point","coordinates":[-111.67545,33.49474]}},{"type":"Feature","properties":{"w":1.0,"mn8":true,"ag4":true,"an8":true},"geometry":{"type":"Point","coordinates":[-111.67024,33.49474]}},{"type":"Feature","properties":{"w":1.0,"mn8":true,"ag4":true,"an8":true},"geometry":{"type":"Point","coordinates":[-111.66503,33.49474]}},{"type":"Feature","properties":{"w":1.0,"mn8":true,"ag4":true,"an8":true},"geometry":{"type":"Point","coordinates":[-111.65981,33.49474]}},{"type":"Feature","properties":{"w":1.0,"mn8":true,"ag4":true,"an8":true},"geometry":{"type":"Point","coordinates":[-111.6546,33.49474]}},{"type":"Feature","properties":{"w":0.4,"mn8":true,"ag4":true,"an8":true},"geometry":{"type":"Point","coordinates":[-111.64939,33.49474]}},{"type":"Feature","properties":{"w":0.4,"mn8":true,"ag4":true,"an8":true},"geometry":{"type":"Point","coordinates":[-111.64417,33.49474]}},{"type":"Feature","properties":{"w":0.4,"mn8":true,"ag4":true,"an8":true},"geometry":{"type":"Point","coordinates":[-111.63896,33.49474]}},{"type":"Feature","properties":{"w":0.4,"mn8":true,"ag4":true,"an8":true},"geometry":{"type":"Point","coordinates":[-111.63374,33.49474]}},{"type":"Feature","properties":{"w":1.2,"mn8":true,"ag4":true,"an8":true},"geometry":{"type":"Point","coordinates":[-111.71194,33.49909]}},{"type":"Feature","properties":{"w":1.2,"mn8":true,"ag4":true,"an8":true},"geometry":{"type":"Point","coordinates":[-111.70673,33.49909]}},{"type":"Feature","properties":{"w":1.2,"mn8":true,"ag4":true,"an8":true},"geometry":{"type":"Point","coordinates":[-111.70151,33.49909]}},{"type":"Feature","properties":{"w":0.63,"mn8":true,"ag4":true,"an8":true},"geometry":{"type":"Point","coordinates":[-111.6963,33.49909]}},{"type":"Feature","properties":{"w":0.63,"mn8":true,"ag4":true,"an8":true},"geometry":{"type":"Point","coordinates":[-111.69108,33.49909]}},{"type":"Feature","properties":{"w":0.63,"mn8":true,"ag4":true,"an8":true},"geometry":{"type":"Point","coordinates":[-111.68587,33.49909]}},{"type":"Feature","properties":{"w":0.3,"mn8":true,"ag4":true,"an8":true},"geometry":{"type":"Point","coordinates":[-111.71193,33.50343]}},{"type":"Feature","properties":{"w":1.2,"mn8":true,"ag4":true,"an8":true},"geometry":{"type":"Point","coordinates":[-111.70672,33.50343]}},{"type":"Feature","properties":{"w":1.2,"mn8":true,"ag4":true,"an8":true},"geometry":{"type":"Point","coordinates":[-111.7015,33.50343]}},{"type":"Feature","properties":{"w":0.15,"mn8":true,"ag4":true,"an8":true},"geometry":{"type":"Point","coordinates":[-111.69629,33.50343]}},{"type":"Feature","properties":{"w":0.15,"mn8":true,"ag4":true,"an8":true},"geometry":{"type":"Point","coordinates":[-111.69107,33.50343]}},{"type":"Feature","properties":{"w":0.15,"mn8":true,"ag4":true,"an8":true},"geometry":{"type":"Point","coordinates":[-111.68586,33.50343]}},{"type":"Feature","properties":{"w":1.2,"mn8":true,"ag4":true,"an8":true},"geometry":{"type":"Point","coordinates":[-111.70149,33.50778]}},{"type":"Feature","properties":{"w":0.15,"mn8":true,"ag4":true,"an8":true},"geometry":{"type":"Point","coordinates":[-111.69628,33.50778]}},{"type":"Feature","properties":{"w":0.15,"mn8":true,"ag4":true,"an8":true},"geometry":{"type":"Point","coordinates":[-111.69106,33.50778]}}]}